Serial No. Of Polling Station,Location and Name of Building in Which Polling Station Located,Polling Areas,Winner_Party,Runner_Up_Party,Margin_Of_Victory,Margin_Percentage
4,"TIRUVALLUVAR COLLEGE, THAVATHIRU KUNDRAKUDI ADIKALAR AUDITORIAM, EASTERN PORTION, PAPANASAM, VICKRAMASINGAPURAM - 2","1 - Vickramasingapuram (M), Amboor Road Door no.1 to 635",All India Anna Dravida Munnetra Kazhagam,Tamilaga Vettri Kazhagam,2,0.4750593824228029
7,"TIRUVALLUVAR COLLEGE, HISTRY BLOCK , EASTERN PORTION, PAPANASAM","1 - Vickramasingapuram (M), Agasthier Kovil Street",All India Anna Dravida Munnetra Kazhagam,Indian National Congress,18,2.834645669291338
17,"P.L.W.A PRIMARY SCHOOL, SOUTHERN BUILDING EASTERN PORTION, VICKRAMASINGAPURAM","1 - Vickramasingapuarm (M), Vickramasingapuarm  Main Road",Tamilaga Vettri Kazhagam,Indian National Congress,2,0.3795066413662239
19,"P.L.W.A PRIMARY SCHOOL, NORTHERN BUILDING, WEST PORTION (HALL NO.5), VICKRAMASINGAPURAM - 1","1 - Vickramasingapuarm (M), North Car Street",All India Anna Dravida Munnetra Kazhagam,Tamilaga Vettri Kazhagam,25,3.612716763005781
20,"ST.JOSEPHS PRIMARY SCHOOL, ROOM NO. 2, NEW BUILDING, VICKRAMASINGAPURAM","1 - Vickramasingapuarm (M), Pasukidaivizhai Road",Indian National Congress,Tamilaga Vettri Kazhagam,9,2.295918367346939
21,"ST.JOSEPHS PRIMARY SCHOOL, ROOM NO. 3, NEW BUILDING, VICKRAMASINGAPURAM","1 - Vickramasingapuarm (M), Subramaniasamy Koil Street",Indian National Congress,Tamilaga Vettri Kazhagam,25,4.173622704507513
22,"ST.MARY`S HR.SEC.SCHOOL, EASTERN BUILDING NORTH PORTION ROOM NO 2 VICKRAMASINGAPURAM","1 - Vickramasingapuarm (M), Pasukidaivilai West Street",All India Anna Dravida Munnetra Kazhagam,Indian National Congress,25,3.201024327784891
24,"ST.MARY`S HR.SEC.SCHOOL, SILVER JUBLEE BLOCK WESTERN PORTION        VICKRAMASINGAPURAM","1 - Vickramasingapuarm (M), Arunachalapuram North Street",Tamilaga Vettri Kazhagam,All India Anna Dravida Munnetra Kazhagam,11,1.80921052631579
28,"P.L.W.A PRIMARY SCHOOL, NORTHERN BUILDING. EASTERN PORTION, VICKRAMASINGAPURAM - 1","1 - Vickramasingapuarm (M), Mupudathy Amman Kovil North Street",Tamilaga Vettri Kazhagam,All India Anna Dravida Munnetra Kazhagam,4,0.6514657980456027
29,"PANCHAYAT UNION MIDDLE SCHOOL, SOUTHERN PORTION SANNATHI STREET, VICKRAMASINGAPURAM","1 - Vickramasingapuarm (M), Old Office Street",All India Anna Dravida Munnetra Kazhagam,Tamilaga Vettri Kazhagam,12,3.069053708439898
30,"P.L.W.A PRIMARY SCHOOL, EASTERN BUILDING (MIDDLE PORTION) VICKRAMASINGAPURM","1 - Vickramasingapuarm (M), Main Road",All India Anna Dravida Munnetra Kazhagam,Tamilaga Vettri Kazhagam,23,3.116531165311653
32,"ST. THERASA MIDDLE SCHOOL, NEW BUILDING, NORTHERN PORTION, VICKRAMASINGAPURAM-1","1 - Vickramasingapuarm (M), Ambal Hospital Street",All India Anna Dravida Munnetra Kazhagam,Tamilaga Vettri Kazhagam,30,4.643962848297214
33,"ST.THERASA MIDDLE SCHOOL, EASTERN BUILDING, NORTH PORTION, VICKRAMASINGAPURAM - 1","1 - Vickramasingapuarm (M), Kambalathar North Street",Tamilaga Vettri Kazhagam,All India Anna Dravida Munnetra Kazhagam,24,3.488372093023256
34,"ST.THERASA MIDDLE SCHOOL, EASTERN BUILDING, MAIN BUILDING VICKRAMASINGAPURAM","1 - Vickramasingapuarm (M), Colony Main Road",Tamilaga Vettri Kazhagam,Indian National Congress,9,1.237964236588721
35,"ST.THERASA MIDDLE SCHOOL, WESTERN BUILDING, MAIN BUILDING VICKRAMASINGAPURAM","1 - Vickramasingapuarm (M), Colony South Street",Tamilaga Vettri Kazhagam,All India Anna Dravida Munnetra Kazhagam,23,4.078014184397164
37,"SENAITHALAIVAR HR. SEC.SCHOOL, NORTH RCC BUILDING, FACING SOUTH STD XIIC, VICKRAMASINGAPURAM - 1","1 - Vickramasingapuarm (M), Vaithiyalingapuram West Street",Tamilaga Vettri Kazhagam,All India Anna Dravida Munnetra Kazhagam,12,1.886792452830189
38,"SENAITHALAIVAR HR. SEC.SCHOOL, NORTH RCC BUILDING, FACING SOUTH STD XIIC, VICKRAMASINGAPURAM - 1","3 - Vickramasingapuarm (m), Pannimadasamy Kovil Street",All India Anna Dravida Munnetra Kazhagam,Tamilaga Vettri Kazhagam,29,3.89261744966443
39,"SENAITHALAIVAR PRIMARY SCHOOL, NORTH RCC BUILDING WESTERN PORTION, VICKRAMASINGAPURAM","1 - Vickramasingapuarm (M), Salai Amman Kovil Street",All India Anna Dravida Munnetra Kazhagam,Tamilaga Vettri Kazhagam,4,0.62402496099844
44,"ST.XAVIERS GIRLS MIDDLE SCHOOL, SOUTHERN BUILDING EASTERN PORTION IRUTHAYAKULAM, VICRAMASINGAPURAM","1 - Vickramasingapuram (M), Ambalavanapuram North Last Street",All India Anna Dravida Munnetra Kazhagam,Tamilaga Vettri Kazhagam,1,0.1550387596899225
46,"ST. SACRED HEART HIGH SCHOOL, EASTERN BUILDING SOUTHERN PORTION VICKRAMASINGAPURAM - 1","3 - Vickramasingapuram (M), Georgepuram South Street",Indian National Congress,Tamilaga Vettri Kazhagam,23,4.75206611570248
47,"ST. SACRED HEART HIGH SCHOOL, EASTERN BUILDING NORTHRN PORTION ROOM NO.2 VICKRAMASINGAPURAM - 1","1 - Vickramasingapuram (M), Ambalavanapuram Main Road",Tamilaga Vettri Kazhagam,Indian National Congress,2,0.6622516556291391
49,"NADAR UNION MIDDLE SCHOOL, NEW WESTERN BUILDING, WESTERN PORTION, FACING SOUTH, MUDALIARPATTI VICKRAMASINGAPURAM - 2","2 - Vickramasingapuram (M), Agasthiyerpuram",Tamilaga Vettri Kazhagam,All India Anna Dravida Munnetra Kazhagam,2,0.2994011976047904
50,"NADAR UNION MIDDLE SCHOOL, NEW WESTERN BUILDING, , MUDALIARPATTI VICKRAMASINGAPURAM - 2","1 - Vickramasingapuram (M), Vadamalaisamuthiram",Tamilaga Vettri Kazhagam,All India Anna Dravida Munnetra Kazhagam,11,2.018348623853211
57,"PANCHAYAT UNION PRIMARY SCHOOL, SCHOOL INTEGRARATED CONFERENCE CENTRE, MANNARKOVIL.","1 - Mannarkovil (R.V), Mannarkovil (P), Sivanthipatti Sannathi Street",Tamilaga Vettri Kazhagam,All India Anna Dravida Munnetra Kazhagam,6,1.298701298701299
62,"PERUMAL THEVAR MEMORIAL PRIMARY SCHOOL, AYAN THIRU VALEESWARAM","1 - Ayan Thiruvaliswaram (R.V), Ayan Thiruvaliswaram (P), Ayan Thiruvaliswaram South Street.",All India Anna Dravida Munnetra Kazhagam,Indian National Congress,9,1.5
68,"PANCHAYAT COMMUNITY HALL, EASTERN PORTION BRAMADESAM","1 - Brahmadesam (R.V), Brahmadesam (P), Brahmdesam",Indian National Congress,All India Anna Dravida Munnetra Kazhagam,2,0.2954209748892171
71,"HINDU MIDDLE SCHOOL, EASTERN CENTRAL PORTION, V","1 - Vagaikulam (R.V), Vagaikulam (P), Block No 3",All India Anna Dravida Munnetra Kazhagam,Indian National Congress,39,4.357541899441341
75,"COMMUNITY HALL , ADAIYAKARUNGKULAM","1 - Adaiyakarunkulam (R.V), Adaiyakarunkulam (P), Block No 3, Middle Thirattu Colony Adaiyakarunkulam",All India Anna Dravida Munnetra Kazhagam,Tamilaga Vettri Kazhagam,12,1.585204755614267
76,"VILLAGE PANCHAYAT SERVICE CENTRE, EASTERN BUILDING, ADAIYAKARUNGKULAM.","1 - AdaIyakarunkulam (R.V), AdaIyakarunkulam (P), Block No 2",All India Anna Dravida Munnetra Kazhagam,Tamilaga Vettri Kazhagam,26,3.963414634146341
78,"CAMBRIDGE MATRICULATION HIGHER SECONDRY SCHOOL, SOUTHERN PORTION, AGASTHIYARPATTI","1 - Sivanthipuram (R.V), Sivanthipuram (P), Block No 3 Agasthiyarpatti Door No 1- 400",Tamilaga Vettri Kazhagam,All India Anna Dravida Munnetra Kazhagam,21,4.861111111111112
79,CAMBRIDGE MATRICULATION HIGHER SECONDRY SCHO,"1 - Sivanthipuram (R.V), Sivanthipuram (P), Block No 3 Agasthiyarpatti Door No 401-",Tamilaga Vettri Kazhagam,All India Anna Dravida Munnetra Kazhagam,20,4.149377593360995
80,"CAMBRIDGE MATRICULATION HIGHER SECONDRY SCHOOL, WESTERN BLOCK, AGASTHIYARPATTI","1 - Sivanthipuram (R.V), Sivanthipuram (P), Block No 3 Agasthiyarpatti door no 816 above",All India Anna Dravida Munnetra Kazhagam,Tamilaga Vettri Kazhagam,18,3.35195530726257
81,"T.D.T.A.MIDDLE SCHOOL, GOLDEN JUBLEE BUILDING WEST PORTION KEELA SIVANTHIPURAM","1 - Sivanthipuram (R.V), Sivanthipuram (P), Sivanthipuram",Tamilaga Vettri Kazhagam,All India Anna Dravida Munnetra Kazhagam,4,0.5772005772005772
82,"T.D.T.A.MIDDLE SCHOOL, GOLDEN JUBLEE BUILDING EAST PORTION KEELA SIVANTHIPURAM","1 - Sivanthipuram (R.V), Sivanthipuram (P), Block No 5 Uthiramuthanpatti",Tamilaga Vettri Kazhagam,All India Anna Dravida Munnetra Kazhagam,11,1.824212271973466
83,"T.D.T.A.MIDDLE SCHOOL ,GOLDEN JUBLEE BUILDING WEST PORTION , KEELA SIVANTHIPURAM","1 - Sivanthipuram (R.V), Sivanthipuram (P), Block No 5 Uthiramuthanpatti",Tamilaga Vettri Kazhagam,All India Anna Dravida Munnetra Kazhagam,20,3.344481605351171
84,"ANGANWADI BUILDING, ROOOM NO 35 UTHIRAMUTHAPATTI, SIVANTHIPURAM ( NEAR VAO OFFICE)","1 - Sivanthipuram (R.V), Sivanthipuram (P), Block No 4 Uthiramuthanpatti",All India Anna Dravida Munnetra Kazhagam,Tamilaga Vettri Kazhagam,23,4.204753199268739
85,"GOPALAN PRIMARY SCHOOL, NORTHERN BUILDING, EAST BLOCK, ARUMUGAMPSTTI, SIVANTHIPURAM","1 - Sivanthipuram (R.V), Sivanthipuram (P), Block No 2 Arumugampatti",All India Anna Dravida Munnetra Kazhagam,Tamilaga Vettri Kazhagam,3,0.6521739130434783
87,"GOPALAN PRIMARY SCHOOL, WEST BLOCK, NORTHERN BUILDING, ARUM GAMPATTI, SIVANTHIPURAM","1 - Sivanthipuram (R.V),Sivanthipuram (P), Block No 3 Gopalan Palli Street, Sivathipuram",Indian National Congress,Tamilaga Vettri Kazhagam,8,1.547388781431335
88,"KAMARAJAR MIDDLE SCHOOL, WESTERN PORTION, SIVANTHIPURAM","1 - Sivanthipuram (R.V), Sivanthipuram (P), Block No 4 Uthiramuthanpatti",All India Anna Dravida Munnetra Kazhagam,Indian National Congress,13,2.342342342342342
98,"MURUGADASA PRIMARY SCHOOL, EAST BLOCK, KEELA ERMALPURAM","1 - Manimuthar (T.P), Mela Eruammalpuram",All India Anna Dravida Munnetra Kazhagam,Tamilaga Vettri Kazhagam,27,4.199066874027993
100,"SARASWATHI ISAC PRIMARY SCHOOL, SOUTH BUILDING, CASHKEEPER THOPPU, ALADIYUR","Manimutharu (M), Block No 8 Adivaram Cash Keeper Thoppu",Tamilaga Vettri Kazhagam,Indian National Congress,11,3.293413173652695
101,"SARASWATHI ISAC PRIMARY SCHOOL, SOUTH BUILDING WESTERN PORTION, CASHKEEPER THOPPU, ALADIYUR","Manimutharu (M), Block No 10 Adiyamadai Thirupathiyapuram",All India Anna Dravida Munnetra Kazhagam,Indian National Congress,19,3.822937625754527
103,"GANDHI PRIMARY SCHOOL , CHETTIMETTU","1Manimuthar (T.P), Block no 12 Chettimettu Street",All India Anna Dravida Munnetra Kazhagam,Tamilaga Vettri Kazhagam,25,3.43878954607978
105,"PANCHAYAT UNION PRIMARY SCHOOL, MANIMUTHAR","1 - Manimuthar (T.P), Block No 1 Manimuthar",Tamilaga Vettri Kazhagam,All India Anna Dravida Munnetra Kazhagam,9,1.792828685258964
119,"GRAMA SEVAI CENTRE, WESTERN PORTION DOOR NO.289 ABOVE VAIRAVIKULAM","1 - Vairavikulam (R.V),Vairavikulam (P), Block No 5 Door No. 289 above",Indian National Congress,Tamilaga Vettri Kazhagam,4,0.7380073800738007
122,"T.D.T.A PRIMARY SCHOOL , SOUTH BUDILING WEST PORTION, THERKKU PAPPANKULAM","1 - Therkku Pappankulam (R.V), Therkku Pappankulam (P), Block No 2",Indian National Congress,All India Anna Dravida Munnetra Kazhagam,34,4.722222222222222
123,"A.V.R.M.V. GOVT.GIRLS HR.SEC. SCHOOL, GOLDEN JUBLIE BUILDING, ROOM NO. 29, EASTERN PORTION, AMBASAMUDRAM","1 - Ambasamudram (M), R.S. New Colony",All India Anna Dravida Munnetra Kazhagam,Tamilaga Vettri Kazhagam,3,0.5649717514124294
126,"A.V.R.M.V. GOVT.GIRLS HR.SEC. SCHOOL, NORTHERN BUILDING EAST PORTION AMBASAMUDRAM","1 - Ambasamudram (M), Papanasam Road, New Colony",Tamilaga Vettri Kazhagam,All India Anna Dravida Munnetra Kazhagam,5,0.7800312012480499
127,"A.V.R.M.V. GOVT.GIRLS HR.SEC. SCHOOL, OLD NABORAD BUDILING, HALL NO. 1 AMBASAMUDRAM.","1 - Ambasamudram (M), Subramaniapuram Pothai door no 1-200",All India Anna Dravida Munnetra Kazhagam,Tamilaga Vettri Kazhagam,11,1.646706586826348
128,"A.V.R.M.V. GOVT.GIRLS HR.SEC. SCHOOL, OLD NABORAD BUDILING, HALL NO. 3 AMBASAMUDRAM.","1 - Ambasamudram (M), Subramaniapuram Pothai door no 200 to 269",All India Anna Dravida Munnetra Kazhagam,Tamilaga Vettri Kazhagam,17,2.533532041728763
139,"MUNICIPALITY MIDDLE SCHOOL, MIDDLE PORTION, CENTRAL BUILDING, AMBASAMUDRAM","1 - Ambasamudram (M), Adappu Mudukku Street",All India Anna Dravida Munnetra Kazhagam,Tamilaga Vettri Kazhagam,14,3.655352480417755
143,"S.T.C BRANCH MIDDLE SCHOOL, SOUTHERN BUILDING, WEST PORTION, AMBASAMUDRAM.","1 - Ambasamudram (M), Ramalinger Street",All India Anna Dravida Munnetra Kazhagam,Tamilaga Vettri Kazhagam,16,2.133333333333333
144,"S.T.C BRANCH MIDDLE SCHOOL, SOUTHERN BUILDING,
EASTERN PORTION, (BABY CLASS ROOM )","1 - Ambasamudram (M), Main Road",All India Anna Dravida Munnetra Kazhagam,Tamilaga Vettri Kazhagam,4,0.7246376811594203
146,"MUNCIPALITY MARRIAGE HALL MAIN BULIDING, WEST PORTION MAIN ROAD, AMBASAMUDRAM","1 - Ambasamudram (M), Yadhavar Mela Street",All India Anna Dravida Munnetra Kazhagam,Tamilaga Vettri Kazhagam,25,4.355400696864112
150,"THEERTHAPATHI HR.SEC. SCHOOL, S S K BLOCK EAST CLASS ROOM 3 AMBASAMUDRAM","1 - Ambasamudram (M), Mudapalam South Street",Tamilaga Vettri Kazhagam,All India Anna Dravida Munnetra Kazhagam,1,0.1406469760900141
151,"THEERTHAPATHI HR.SEC. SCHOOL, ROOM NO.15 AMBASAMUDRAM.","1 - Ambasamudram (M), Kovilkulam Road",Tamilaga Vettri Kazhagam,All India Anna Dravida Munnetra Kazhagam,14,2.681992337164751
153,"THEERTHAPATHI HR.SEC. SCHOOL, S S K BLOCK EASTRN BUILDING ROOM NO.2AMBASAMUDRAM.","Ambasamudram (M), Main Road",Tamilaga Vettri Kazhagam,All India Anna Dravida Munnetra Kazhagam,20,4.938271604938271
156,"SEDHU SUBRAMANIYAN MIDDLE SCHOOL, EASTERN BUILDING, SOUTHERN PORTION, URKAD","1 - Ambasamudram (M), Nadar Street",Tamilaga Vettri Kazhagam,All India Anna Dravida Munnetra Kazhagam,28,3.149606299212598
161,"LAKSHMIPATHI MIDDLE SCHOOL, EASTERN PORTION MAIN BUILDING KALLIDAIKURICHI","1 - Kallidaikuruchi (TP), Ward No 95 Therkku Ratha Veethi Vadapagam Street",Tamilaga Vettri Kazhagam,All India Anna Dravida Munnetra Kazhagam,4,0.6125574272588056
168,"GOVT.HR.SEC.SCHOOL, NORTHERN BUILDING, KALLIDAIKURICHI CENTER PORTATION","1 - Kallidaikurichi (T.P), Ward No 8 Railway Line",Indian National Congress,All India Anna Dravida Munnetra Kazhagam,20,3.466204506065858
169,"GOVT.HR.SEC.SCHOOL, NEW BUILDING, HALL NO 2, SOUTHERN BUILDING, CENTRE PORTION, KALLIDAIKURICHI","1 - Kallidaikurichi (T.P), Ward No 8 Attuthattai Street",Tamilaga Vettri Kazhagam,All India Anna Dravida Munnetra Kazhagam,22,3.206997084548105
181,"PANCHAYAT UNION MIDDLE SCHOOL, SELF SUFFICIENCY SCHEME, KUMARAKOIL EAST CAR STREET KALLIDAIKURICHI","1 - Kallidaikurichi (M), Ward No 11 Thalachery Street",Tamilaga Vettri Kazhagam,All India Anna Dravida Munnetra Kazhagam,25,3.720238095238095
184,"CHITRA PRIMARY SCHOOL, WESTERN BUILDING, MADAVILAGAM STREET, KALLIDAIKURICHI","1 - Kallidaikurichi (M), Ward No 12 Akkasalai Pillaiyar Kovil Street",Indian National Congress,Tamilaga Vettri Kazhagam,2,0.2469135802469136
185,"CHITRA PRIMARY SCHOOL, EASTERN BUILDING MADAVILAGAM STREET KALLIDAIKURICHI","1 - Kallidaikurichi (M), Ward No 13 North Karambai",All India Anna Dravida Munnetra Kazhagam,All India Anna Dravida Munnetra Kazhagam,0,0.0
190,"GOVERNMENT PRIMARY SCHOOL, NORTHERN BUILDING, MOOLACHI, KALLIDAIKURICHI","1 - Therkku Kallidaikurichi (R.V), Moolachi (P), Block No 1 Therkku Karambai",All India Anna Dravida Munnetra Kazhagam,Indian National Congress,3,0.5671077504725899
191,"GOVERNMENT PRIMARY SCHOOL, SOUTHER PORTION MOOLACHI KALLIDAIKURICHI","1 - Therkku Veeravanallur (R.V), Moolachi (P), Block No 8 Moolachi",Indian National Congress,All India Anna Dravida Munnetra Kazhagam,36,4.539722572509458
192,"COMMUNITY HALL, EASTERN PORTION, PONMA NAGAR KALLIDAIKURICHI.","1 - Therkku Kallidaikurichi (R.V), Moolachi (P), Block No 2 Senparuthimetu Ponmanagar Door No, 1 to 135",Tamilaga Vettri Kazhagam,Indian National Congress,5,0.9765625
193,"COMMUNITY HALL,WESTERN PORTION ,PONMA NAGAR KALLIDAIKURICHI.","1 - Therkku Kallidaikurichi (R.V), Moolachi (P), Block No 2 Senparuthimetu Ponmanagar Door No,136 Above",All India Anna Dravida Munnetra Kazhagam,Tamilaga Vettri Kazhagam,9,1.54639175257732
194,"PANCHAYAT UNION PRIMARY SCHOOL, NORTHERN BUILDING NESAVALLER COLONY THERKKU KALLIDAIKURICHI","2 - Therkku Veeravanallur (R.V), Moolachi (P), Block No 9 Ponmanagar Pudhu Colony",Tamilaga Vettri Kazhagam,All India Anna Dravida Munnetra Kazhagam,8,1.302931596091205
195,"PANCHAYAT UNION PRIMARY SCHOOL, NORTHERN BUILDING SOUTH SIDE NESAVALLER COLONY THERKKU KALLIDAIKURICHI","1 - Therkku Veravanallur (R.V), Moolachi (P), Block No 7 Nesavallar Colony",All India Anna Dravida Munnetra Kazhagam,Tamilaga Vettri Kazhagam,15,2.840909090909091
196,"PUNCHAYAT UNION PRIMARY SCHOOL, SOUTH PORTION POTTAL THERKKU KALLIDAIKURICHI","1 - Therkku Kallidaikurichi (R.V),Pottal (P), Block No 1 Keelapottal North Street",Indian National Congress,All India Anna Dravida Munnetra Kazhagam,6,0.9009009009009009
197,"PUNCHAYAT UNION PRIMARY SCHOOL, SOUTH WESTERN PORTION, POTTAL THERKKU KALLIDAIKURICHI","1 - Therkku Kallidaikurichi (R.V), Pottal (P), Block No 2 Keela Street",All India Anna Dravida Munnetra Kazhagam,Indian National Congress,18,3.092783505154639
198,"PANCHAYAT UNION PRIMARY SCHOOL, NEW BUILDING POTTAL, THERKKU KALLIDAIKURCHI","1 - Therkku Kallidaikurichi (R.V), Pottal (P), Block No 3 Melapottal",All India Anna Dravida Munnetra Kazhagam,Tamilaga Vettri Kazhagam,25,3.753753753753754
201,"ST.JOHNS PRIMARY SCHOOL, NEW BUILDING, EASTERN PORTION, VELLANGULI","1 - Vellankuli (R.V), Vellankuli (P), Block No 1 Vellankuli",All India Anna Dravida Munnetra Kazhagam,Tamilaga Vettri Kazhagam,10,2.347417840375587
203,"ST.JOHNS PRIMARY SCHOOL, NEW BUILDING, WESTERN PORTION, VELLANGULI","1 - Vellankuli (R.V)Vellankuli (P), Block No 10",Tamilaga Vettri Kazhagam,Indian National Congress,22,3.374233128834356
205,"GOVT.HR.SEC. SCHOOL, SOUTH BUILDING, ( SOUTH FACING) VELLANGULI","1 - Vellankuli (R.V),Vellankuli (P), Block No 6",Tamilaga Vettri Kazhagam,All India Anna Dravida Munnetra Kazhagam,12,1.485148514851485
206,"VIVEKANANTHA PRIMARY SCHOOL, NORTHERN BUILDING, VELLANGULI","1 - Vellankuli (R.V), Vellankuli(P), Block No 7 Vellankuli",Indian National Congress,All India Anna Dravida Munnetra Kazhagam,11,2.842377260981912
211,"COMMITTEE PRIMARY SCHOOL, EASTERN BUILDING SOUTHERN PORTION, GIRIAMMALPURAM","1 - Harikesavanallur (R.V),Harikesavanallur (P), Block No 6 Thoppu Street",All India Anna Dravida Munnetra Kazhagam,Tamilaga Vettri Kazhagam,13,2.6
216,"BARATHIYAR GOVT.HR.SEC. SCHOOL, ROOM NO.8 EAST BUILDING, NORTH BLOCK, WEST PORTION, VEERAVANALLUR","1 - Veeravanallur (P), Ward No 2 Thambiran Colony South Street",Indian National Congress,All India Anna Dravida Munnetra Kazhagam,31,5.0
218,"BHARATHIYAR GOVT.HR.SEC. SCHOOL, ROOM NO.12 WESTERN BUILDING, NORTHERN PORTION, VEERAVANALLUR","1 - Veeravanallur (P), Ward No 3 South Car Street",Indian National Congress,Tamilaga Vettri Kazhagam,23,3.43796711509716
219,"BHARATHIYAR GOVT.HR.SEC. SCHOOL, ROOM NO.4 WESTERN BUILDING, VEERAVANALLUR","1 - Veeravanallur (P), Ward No 3 Antoniyar South Street",All India Anna Dravida Munnetra Kazhagam,Indian National Congress,23,3.146374829001368
220,"BHARATHIYAR GOVT HIGHER SEC SCHOOL, Room no.1, WESTERN PORTION, VEERAVANALLUR","1 - Veeravanallur (P), Ward No 4 Balathadi Vinayagar Street",All India Anna Dravida Munnetra Kazhagam,Tamilaga Vettri Kazhagam,9,1.123595505617978
224,"ST.JOHNS MIDDLE SCHOOL, EASTERN PORTION VEERAVANALLUR","1 - Veeravanallur (P), Ward No 8 Kambalathan Sannathi Street",All India Anna Dravida Munnetra Kazhagam,Tamilaga Vettri Kazhagam,24,4.355716878402903
227,"BHARATHIYAR GOVT.HR.SEC SCHOOL(New Building), EAST BUILDING, MIDDLE PORTION, VEERAVANALLUR","1 - Veeravanallur (P), Ward No 10 Renganathaswamy Koil South Street",All India Anna Dravida Munnetra Kazhagam,Tamilaga Vettri Kazhagam,28,4.516129032258064
230,"THIRUGNANA SAMBANTHAR MIDDLE SCHOOL, OLD BUILDING, SOUTHERN PORTION, VEERAVANALLUR","2 - Veeravanallur (P), Ward No 13 Barathinagar",Indian National Congress,Tamilaga Vettri Kazhagam,25,4.604051565377532
235,"T.D.T.A PRIMARY SCHOOL, REDDIYARPURAM THERKKU VEERAVANALLUR","1 - Therkku Veeravanallur (R.V), Therkku Veeravanallur (P), Block No 4 Rediyarpuram",All India Anna Dravida Munnetra Kazhagam,Tamilaga Vettri Kazhagam,27,4.047976011994002
236,"COMMUNITY HALL WEST SIDE ,VEERAVANALLUR","1 - Therkku Veeravanallur (R.V), Therkku Veeravanallur (P), Block No 4 Rediyarpuram",Tamilaga Vettri Kazhagam,All India Anna Dravida Munnetra Kazhagam,20,2.567394094993582
237,"PANCHAYAT UNION PRIMARY SCHOOL, SOUTHERN PORTION ALAGAPPAPURAM THERKKU VEERAVANALLUR","2 - Therkku Veeravanallur (R.V), Therkku Veeravanallur (P), Block No 2 Senkulam",Tamilaga Vettri Kazhagam,All India Anna Dravida Munnetra Kazhagam,16,3.162055335968379
240,"COMMUNITY HALL,PUDUKUDI","1 - Pudukudi (R.V)Pudukudi (P), Sowrastra Mela Street",All India Anna Dravida Munnetra Kazhagam,Tamilaga Vettri Kazhagam,33,4.114713216957606
242,"T.D.T.A PRIMARY SCHOOL, NEW BUILDING, PUDUKUDI","1 - Pudhukudi (R.V), Pudhukudi (P), Pudhucolony",All India Anna Dravida Munnetra Kazhagam,Tamilaga Vettri Kazhagam,14,2.180685358255452
244,"HINDU MIDDLE SCHOOL, EASTERN PORTION EAST SIDE VADAKKU KARUKURICHI","1 - Vadakku Karukurichi (R.V),Vadakku Karukurichi (P), Block No 3",Tamilaga Vettri Kazhagam,All India Anna Dravida Munnetra Kazhagam,23,3.622047244094488
245,"COMMITTEE HARIJAN PRIMARY SCHOOL ,VADAKKU KARUKURICHI","1 - Vadakku Karukurichi (R.V), Vadakku Karukurichi (P), Block no 5",Indian National Congress,Tamilaga Vettri Kazhagam,12,1.511335012594458
246,"COMMITTEE HARIJAN PRIMARY SCHOOL, WESTERN BUILDING, NORTHERN PORTION, VADAKKU KARUKURICHI.","1 - Vadakku Karukurichi (R.V), Vadakku Karukurichi (P), Block No 7",Tamilaga Vettri Kazhagam,Indian National Congress,3,0.821917808219178
250,"PANCHAYAT UNION MIDDLE SCHOOL, SOUTHERN BUILDING EASTERN PORTION, KUNIYUR","1 - Kuniyur (R.V), Kuniyur (P), Block No 4",Tamilaga Vettri Kazhagam,All India Anna Dravida Munnetra Kazhagam,3,0.4594180704441042
252,"COMMITTEE MIDDLE SCHOOL, EASTERN PORTION, CHERANMAHADEVI","1 - Cheranmahadevi (P), Ward No. 1 Pakthaprioyam Street",Indian National Congress,All India Anna Dravida Munnetra Kazhagam,30,4.901960784313726
259,"PANCHAYAT UNION PRIMARY SCHOOL, WESTERN BUILDING, SOUTHERN PORTION, CHERANMAHADEVI.","1 - Cheranmahadevi (P), Ward No.8 East Middle Street.",All India Anna Dravida Munnetra Kazhagam,All India Anna Dravida Munnetra Kazhagam,0,0.0
271,"R.C.MIDDLE SCHOOL, NORTHERN BLOCK (EAST), ROOM
NO. 8thC CHERANMAHADEVI","1 - Cheranmahadevi (P), Ward No. 10 Punitha Annammal Street.",Tamilaga Vettri Kazhagam,Indian National Congress,26,3.389830508474576
275,"RAMASESHIER HR.SEC. SCHOOL, NORTHERN NEW BUILDING WEST ROOM, PATHAMADAI","1 - Patthamadai  (P), Ward No.3 Annanagar New Colony",Indian National Congress,All India Anna Dravida Munnetra Kazhagam,24,3.625377643504532
296,"PANCHAYAT UNION PRIMARY SCHOOL, SSA BUILDING WEST BUILDING, CHOKKALINGAPURAM","1 - Melacheaval  (P), Ward No. 9 Periya Samy Colony",Indian National Congress,All India Anna Dravida Munnetra Kazhagam,8,1.286173633440514
302,"PANCHAYAT UNION PRIMARY SCHOOL, SOUTHERN EAST NEW BUILDLING, GOPALASAMUDRAM","2 - Gopalasamudram (P), Ward No.5 Marukkal Union Road East Line",Tamilaga Vettri Kazhagam,All India Anna Dravida Munnetra Kazhagam,30,4.477611940298507
306,"T.D.T.A PRIMARY SCHOOL , WESTERN PORTION, GOPALASAMUDRAM","1 - Gopalasamudram  (P), Ward No. 8 Church street.",Indian National Congress,Tamilaga Vettri Kazhagam,26,3.547066848567531
314,"C.M.S E  PRIMARY .SCHOOL, NORTH SIDE PATTANGATTU","1 - Thiruviruthanpatti (R.V), Thiruviruthanpatti (P), Block No 1 Pattangadu",Tamilaga Vettri Kazhagam,Indian National Congress,12,1.926163723916533
317,"T.D.T.A PRIMARY SCHOOL, MAIN BUILDING EASTERN PORTION PILLAIKULAM","1 - Thiruviruthanpatti (R.V), Thiruviruthanpuli (P), Block No 3 Pillaikulam, Karisal, Antony Nagar",Indian National Congress,All India Anna Dravida Munnetra Kazhagam,1,0.108695652173913
320,"C.M.S EVANJALIKAL PRIMARY SCHOOL, WESTERN PORTION NORTH SIDE, PULAVAN KUDIYURUPPU","1 - Ulagankulam (P), Block No 6 Pulavankudiyirupu",All India Anna Dravida Munnetra Kazhagam,Indian National Congress,18,3.157894736842105
