Location and Name of Building in Which Polling Station Located,Total_Booths_In_Locality,Dominant_Party,Dominant_Party_Booths_Won
"A.V.R.M.V. GOVT.GIRLS HR.SEC. SCHOOL, GOLDEN JUBLIE BUILDING, ROOM NO. 29, EASTERN PORTION, AMBASAMUDRAM",1,All India Anna Dravida Munnetra Kazhagam,1
"A.V.R.M.V. GOVT.GIRLS HR.SEC. SCHOOL, GOLDEN JUBLIE BUILDING, ROOM NO. 31, WESTERN PORTION, AMBASAMUDRAM",1,Tamilaga Vettri Kazhagam,1
"A.V.R.M.V. GOVT.GIRLS HR.SEC. SCHOOL, NORTHERN BUILDING EAST PORTION AMBASAMUDRAM",1,Tamilaga Vettri Kazhagam,1
"A.V.R.M.V. GOVT.GIRLS HR.SEC. SCHOOL, NORTHERN BUILDING, SOUTH PORTION AMBASAMUDRAM",1,All India Anna Dravida Munnetra Kazhagam,1
"A.V.R.M.V. GOVT.GIRLS HR.SEC. SCHOOL, OLD NABORAD BUDILING, HALL NO. 1 AMBASAMUDRAM.",1,All India Anna Dravida Munnetra Kazhagam,1
"A.V.R.M.V. GOVT.GIRLS HR.SEC. SCHOOL, OLD NABORAD BUDILING, HALL NO. 3 AMBASAMUDRAM.",1,All India Anna Dravida Munnetra Kazhagam,1
"A.V.R.M.V. GOVT.GIRLS HR.SEC. SCHOOL, S.S.A BUILDING BLOCK NO.1 CENTRAL PORTION AMBASAMUDRAM",1,Tamilaga Vettri Kazhagam,1
"ANDREWS METRICULATION HR. SEC.SCHOOL, SOUTH BUILDING, EASTERN PORTION, STD-2nd A1, EAST KOTTARAM, VICKRAMASINGAPURAM.",1,All India Anna Dravida Munnetra Kazhagam,1
"ANDREWS METRICULATION HR. SEC.SCHOOL, SOUTH BUILDING, WESTERN PORTION, STD-1A, EAST KOTTARAM, VICKRAMASINGAPURAM.",1,Indian National Congress,1
"ANGANVADI BUILDING, BRAMADESAM",1,All India Anna Dravida Munnetra Kazhagam,1
"ANGANWADI BUILDING, ADAYAKARUNKULAM",1,All India Anna Dravida Munnetra Kazhagam,1
"ANGANWADI BUILDING, ROOOM NO 35 UTHIRAMUTHAPATTI, SIVANTHIPURAM ( NEAR VAO OFFICE)",1,All India Anna Dravida Munnetra Kazhagam,1
"ANGANWADI BUILDING, URKAD",1,All India Anna Dravida Munnetra Kazhagam,1
ANTONY METRIC HR SEC.SCHOOL MAIN BLOCK HALL.NO.NEARST OFFICE ROOM,1,All India Anna Dravida Munnetra Kazhagam,1
Assiesi Matric hr Sec school Eastrn Block  center portion,1,Indian National Congress,1
Assiesi Matric hr Sec school Eastrn Block northern portion,1,Indian National Congress,1
"B.B.T.C PRIMARY SCHOOL, WESTERN PORTION NALUMUKKU",1,Tamilaga Vettri Kazhagam,1
"B.B.T.C.PRIMARY SCHOOL, EAST PORTION WEST SIDE
MANJOLAI",1,Tamilaga Vettri Kazhagam,1
"B.B.T.C.PRIMARY SCHOOL, OOTHU",1,Tamilaga Vettri Kazhagam,1
"BARATHIYAR GOVT.HR.SEC. SCHOOL, ROOM NO.7 EASTERN BUILDING, VEERAVANALLUR",1,All India Anna Dravida Munnetra Kazhagam,1
"BARATHIYAR GOVT.HR.SEC. SCHOOL, ROOM NO.8 EAST BUILDING, NORTH BLOCK, WEST PORTION, VEERAVANALLUR",1,Indian National Congress,1
"BHARATHI HARIJAN PRIMARY SCHOOL, NEW BUILDING, WESTERN PORTION, AYAN SINGAMPATTI",1,Indian National Congress,1
"BHARATHIYAR GOVT HIGHER SEC SCHOOL, Room no.1, WESTERN PORTION, VEERAVANALLUR",1,All India Anna Dravida Munnetra Kazhagam,1
"BHARATHIYAR GOVT.HR.SEC SCHOOL(New Building), EAST BUILDING, MIDDLE PORTION, VEERAVANALLUR",1,All India Anna Dravida Munnetra Kazhagam,1
"BHARATHIYAR GOVT.HR.SEC SCHOOL(New Building), EAST BUILDING, NORTHERN PORTION, VEERAVANALLUR",1,Tamilaga Vettri Kazhagam,1
"BHARATHIYAR GOVT.HR.SEC SCHOOL(New Building), EAST BUILDING, SOUTHERN PORTION, VEERAVANALLUR",1,Tamilaga Vettri Kazhagam,1
"BHARATHIYAR GOVT.HR.SEC SCHOOL(New Building), WEST BUILDING, MIDDLE PORTION, VEERAVANALLUR",1,Indian National Congress,1
"BHARATHIYAR GOVT.HR.SEC SCHOOL, NORTH BLOCK, CENTRAL PORTION, WEST SIDE, VEERAVANALLUR",1,All India Anna Dravida Munnetra Kazhagam,1
"BHARATHIYAR GOVT.HR.SEC. SCHOOL, ROOM NO.12 WESTERN BUILDING, NORTHERN PORTION, VEERAVANALLUR",1,Indian National Congress,1
"BHARATHIYAR GOVT.HR.SEC. SCHOOL, ROOM NO.4 WESTERN BUILDING, VEERAVANALLUR",1,All India Anna Dravida Munnetra Kazhagam,1
"C.M.S E  PRIMARY .SCHOOL, NORTH SIDE PATTANGATTU",1,Tamilaga Vettri Kazhagam,1
"C.M.S E PRIMERY .SCHOOL, NEW BUILDING 2nd ROOM FROM EAST,THIRUVIRUTHANPULLI - 1",1,Indian National Congress,1
"C.M.S E S DAVID HR.SEC.SCHOOL, NEW BUILDING 2nd ROOM FROM EAST, KARISALPATTI",1,Indian National Congress,1
"C.M.S EVANJALIKAL PRIMARY SCHOOL, WESTERN PORTION NORTH SIDE, PULAVAN KUDIYURUPPU",1,All India Anna Dravida Munnetra Kazhagam,1
"C.M.S EVANJALIKAL PRIMARY SCHOOL, WESTERN PORTION SOUTH SIDE, PULAVANKUDIYURUPPU",1,All India Anna Dravida Munnetra Kazhagam,1
"C.M.S.E.S DAVID MEMORIAL HR.SEC.SCHOOL, WEST ROOM NORTHERN PORTION, KARISALPATTI",1,Indian National Congress,1
"C.M.S.E.S DAVID MEMORIAL HR.SEC.SCHOOL, WESTERN PORTION, SOUTH SIDE KARISALPATTI",1,Indian National Congress,1
CAMBRIDGE MATRICULATION HIGHER SECONDRY SCHO,1,Tamilaga Vettri Kazhagam,1
"CAMBRIDGE MATRICULATION HIGHER SECONDRY SCHOOL, SOUTHERN PORTION, AGASTHIYARPATTI",1,Tamilaga Vettri Kazhagam,1
"CAMBRIDGE MATRICULATION HIGHER SECONDRY SCHOOL, WESTERN BLOCK, AGASTHIYARPATTI",1,All India Anna Dravida Munnetra Kazhagam,1
"CHITRA PRIMARY SCHOOL, EASTERN BUILDING MADAVILAGAM STREET KALLIDAIKURICHI",1,All India Anna Dravida Munnetra Kazhagam,1
"CHITRA PRIMARY SCHOOL, WESTERN BUILDING, MADAVILAGAM STREET, KALLIDAIKURICHI",1,Indian National Congress,1
"COMMITTEE HARIJAN PRIMARY SCHOOL ,VADAKKU KARUKURICHI",1,Indian National Congress,1
"COMMITTEE HARIJAN PRIMARY SCHOOL, WESTERN BUILDING, NORTHERN PORTION, VADAKKU KARUKURICHI.",1,Tamilaga Vettri Kazhagam,1
"COMMITTEE HARIJANA PRIMARY SCHOOL, SOUTH
SIDE, CHUNNAMMBUKKAL STREET, CHERANMAHADEVI",1,Tamilaga Vettri Kazhagam,1
"COMMITTEE HARIJANA PRIMARY SCHOOL, SOUTHERN PORTION, CHUNNAMMBUKKAL STREET, CHERANMAHADEVI",1,All India Anna Dravida Munnetra Kazhagam,1
"COMMITTEE HINDU PRIMARY SCHOOL, KODARANKULAM",1,All India Anna Dravida Munnetra Kazhagam,1
"COMMITTEE HINDU PRIMARY SCHOOL, SOUTH EAST BUILDING, KODARANKULAM",1,All India Anna Dravida Munnetra Kazhagam,1
"COMMITTEE MIDDLE SCHOOL, EASTERN PORTION, CHERANMAHADEVI",1,Indian National Congress,1
"COMMITTEE MIDDLE SCHOOL, NORTHERN PORTION WEST BUILDING CHERANMAHADEVI",1,All India Anna Dravida Munnetra Kazhagam,1
"COMMITTEE MIDDLE SCHOOL, SOUTHERN BUILDING, WESTERN PORTION, CHERANMAHADEVI",1,All India Anna Dravida Munnetra Kazhagam,1
"COMMITTEE MIDLE SCHOOL, WESTERN PORTION, CHERANMAHADEVI",1,All India Anna Dravida Munnetra Kazhagam,1
"COMMITTEE PRIMARY SCHOOL ,EASTERN BUILDING NORTH SIDE GIRIAMMALPURAM",1,Indian National Congress,1
"COMMITTEE PRIMARY SCHOOL, EASTERN BUILDING SOUTHERN PORTION, GIRIAMMALPURAM",1,All India Anna Dravida Munnetra Kazhagam,1
"COMMUNITY HALL , ADAIYAKARUNGKULAM",1,All India Anna Dravida Munnetra Kazhagam,1
"COMMUNITY HALL , SOUTHERN PORTION, KAKKANALLUR, AYAN THIRUVALEESWARAM",1,All India Anna Dravida Munnetra Kazhagam,1
"COMMUNITY HALL ,EASTERN PORTION KALLIDAIKURICHI",1,Indian National Congress,1
"COMMUNITY HALL ,JAWAHARPURAM ,MANNARKOVIL",1,Tamilaga Vettri Kazhagam,1
"COMMUNITY HALL WEST SIDE ,VEERAVANALLUR",1,Tamilaga Vettri Kazhagam,1
"COMMUNITY HALL, 10th WARD, MELAPALAYAM STREET, AMBASAMUDRAM.",1,All India Anna Dravida Munnetra Kazhagam,1
"COMMUNITY HALL, EASTERN PORTION, PONMA NAGAR KALLIDAIKURICHI.",1,Tamilaga Vettri Kazhagam,1
"COMMUNITY HALL, KELA SEVAL",1,All India Anna Dravida Munnetra Kazhagam,1
"COMMUNITY HALL, SAMATHUVAPURAM , EASTERN PORTION, AYAN SINGAMPATTI",1,All India Anna Dravida Munnetra Kazhagam,1
"COMMUNITY HALL, SAMATHUVAPURAM , WESTERN PORTION, AYAN SINGAMPATTI",1,All India Anna Dravida Munnetra Kazhagam,1
"COMMUNITY HALL, WESTERN PORTION, KALLIDAIKURCHI",1,Indian National Congress,1
"COMMUNITY HALL,PUDUKUDI",1,All India Anna Dravida Munnetra Kazhagam,1
"COMMUNITY HALL,WESTERN PORTION ,PONMA NAGAR KALLIDAIKURICHI.",1,All India Anna Dravida Munnetra Kazhagam,1
"GAJENDRAVARADAN MIDDLE SCHOOL, EASTERN PORTION, ATHALANALLUR",1,All India Anna Dravida Munnetra Kazhagam,1
"GANAPATHY PRIMARY SCHOOL, MAIN BUILDING, PUDUKUDI",1,All India Anna Dravida Munnetra Kazhagam,1
"GANDHI PRIMARY SCHOOL , CHETTIMETTU",1,All India Anna Dravida Munnetra Kazhagam,1
"GOPALAN PRIMARY SCHOOL, NORTHERN BUILDING, EAST BLOCK, ARUMUGAMPSTTI, SIVANTHIPURAM",1,All India Anna Dravida Munnetra Kazhagam,1
"GOPALAN PRIMARY SCHOOL, WEST BLOCK, NORTHERN BUILDING, ARUM GAMPATTI, SIVANTHIPURAM",1,Indian National Congress,1
"GOPALAN PRIMARY SCHOOL,NORTH BLOCK WESTERN BUILDING ARUMGAMPATTI, SIVANTHIPURAM",1,Indian National Congress,1
"GOV.GIRLS HR SEC. SCHOOL, , COMPUTER ROOM, PATHAMADAI",1,Indian National Congress,1
"GOV.GIRLS HR SEC. SCHOOL, ROOM NO.7, XII B CLASS ROOM, PATHAMADAI",1,Indian National Congress,1
GOVERNMENT HIGH SCHOOL EASTERN BUILDING MANNARKOVIL,1,All India Anna Dravida Munnetra Kazhagam,1
"GOVERNMENT PRIMARY SCHOOL, NORTHERN BUILDING, MOOLACHI, KALLIDAIKURICHI",1,All India Anna Dravida Munnetra Kazhagam,1
"GOVERNMENT PRIMARY SCHOOL, SOUTHER PORTION MOOLACHI KALLIDAIKURICHI",1,Indian National Congress,1
"GOVT. GIRLS. HR SEC. SCHOOL, CENTRAL BUILDING NORTHERN PORTION PATHAMADAI",1,Indian National Congress,1
"GOVT.GIRLS.HR.SEC.SCHOOL, NORTHERN BUILDING,SOUTHERN PORTION,PATHAMADAI",1,Indian National Congress,1
"GOVT.HR SCHOOL, NORTHERN BUILDING, VELLANGULI",1,Tamilaga Vettri Kazhagam,1
"GOVT.HR.SEC. SCHOOL, SOUTH BUILDING, ( SOUTH FACING) VELLANGULI",1,Tamilaga Vettri Kazhagam,1
"GOVT.HR.SEC.SCHOOL, NEW BUILDING, HALL NO 2, SOUTHERN BUILDING, CENTRE PORTION, KALLIDAIKURICHI",1,Tamilaga Vettri Kazhagam,1
"GOVT.HR.SEC.SCHOOL, NORTHERN BUILDING, KALLIDAIKURICHI",1,All India Anna Dravida Munnetra Kazhagam,1
"GOVT.HR.SEC.SCHOOL, NORTHERN BUILDING, KALLIDAIKURICHI CENTER PORTATION",1,Indian National Congress,1
"GRAMA SEVAI CENTRE, NORTHERN PORTION VAIRAVIKULAM",1,Tamilaga Vettri Kazhagam,1
"GRAMA SEVAI CENTRE, SATTUPATHU",1,All India Anna Dravida Munnetra Kazhagam,1
"GRAMA SEVAI CENTRE, WESTERN PORTION DOOR NO.289 ABOVE VAIRAVIKULAM",1,Indian National Congress,1
"HARIJAN COMMITTEE SCHOOL, SHENBAGAVALLI AMMAN KOVIL COLONY THERKKU ARIYANAYAGIPURAM",1,All India Anna Dravida Munnetra Kazhagam,1
"HINDU MIDDLE SCHOOL, EASTERN CENTRAL PORTION, V",1,All India Anna Dravida Munnetra Kazhagam,1
"HINDU MIDDLE SCHOOL, EASTERN PORTION EAST SIDE VADAKKU KARUKURICHI",1,Tamilaga Vettri Kazhagam,1
"HINDU MIDDLE SCHOOL, EASTERN PORTION WEST SIDE VADAKKU KARUKURICHI",1,Tamilaga Vettri Kazhagam,1
"HINDU MIDDLE SCHOOL, NORTHERN BUILDING HARIKESAVANALLUR",1,All India Anna Dravida Munnetra Kazhagam,1
"HINDU MIDDLE SCHOOL, SOUTHERN BUILDING HARIKESAVANALLUR",1,All India Anna Dravida Munnetra Kazhagam,1
"HINDU MIDDLE SCHOOL, WESTERN PORTION, VAGAIKUL",1,All India Anna Dravida Munnetra Kazhagam,1
"HINDU NADAR PRIMARY SCHOOL, POLIKKARAI NOTHERN SIDE, CHERANMAHADEVI",1,All India Anna Dravida Munnetra Kazhagam,1
HINDU PRIMARY SCHOOL WESTERN PORTION ALADIYUR,1,All India Anna Dravida Munnetra Kazhagam,1
"HINDU PRIMARY SCHOOL, EAST WEST BUILDING KARISULNTHAMANGALAM",1,All India Anna Dravida Munnetra Kazhagam,1
"HINDU PRIMARY SCHOOL, EASTERN PORTION, ALADIYUR",1,All India Anna Dravida Munnetra Kazhagam,1
"HINDU PRIMARY SCHOOL, NEW BUILDING, SOUTH SIDE,",1,All India Anna Dravida Munnetra Kazhagam,1
"HINDU PRIMARY SCHOOL, WEST BUILDING KARISULNTHAMANGALAM",1,All India Anna Dravida Munnetra Kazhagam,1
"KAMARAJAR MIDDLE SCHOOL, EASTERN POTION, SIVANTHIPURAM",1,All India Anna Dravida Munnetra Kazhagam,1
"KAMARAJAR MIDDLE SCHOOL, WESTERN PORTION, SIVANTHIPURAM",1,All India Anna Dravida Munnetra Kazhagam,1
"KING GEORGE PRIMARY SCHOOL, EAST BUILDING, ZAMIN SINGAMPATTI",1,All India Anna Dravida Munnetra Kazhagam,1
"KING GEORGE PRIMARY SCHOOL, MAIN BUILDING, SOUTHERN PORTION, ZAMIN SINGAMPATTI",1,All India Anna Dravida Munnetra Kazhagam,1
"LAKSHMIPATHI MIDDLE SCHOOL, EASTERN PORTION MAIN BUILDING KALLIDAIKURICHI",1,Tamilaga Vettri Kazhagam,1
"LAKSHMIPATHI MIDDLE SCHOOL, WESTERN PORTION MAIN BUILDING KALLIDAIKURICHI",1,All India Anna Dravida Munnetra Kazhagam,1
"LALITHA PRIMARY SCHOOL, WESTERN PORTION, MUDALIAPPAPURAM STREET, KALLIDAIKURICHI",1,All India Anna Dravida Munnetra Kazhagam,1
"LIBRARY BUILDING, RAJAKUTHALAPERI, ATHALANALLUR",1,All India Anna Dravida Munnetra Kazhagam,1
"LIBRARY NEW BUILDING, ADAIYAKARUNKULAM",1,Indian National Congress,1
"MOHEIDEEN FATHIMA MIDDLE SCHOOL, NEW BUILDING, GOLDEN JUBLIE SPORTS GROUND, SOUTHERN PORTION AMBASAMUDRAM",1,All India Anna Dravida Munnetra Kazhagam,1
"MOHIDEEN FATHIMA MIDDLE SCHOOL, EAST BUILDING, NORTHERN PORTION, (STD - I & II) AMBASAMUDRAM.",1,Indian National Congress,1
"MUNCIPALITY MARRIAGE HALL MAIN BULIDING , EAST PORTION MAIN ROAD, AMBASAMUDRAM",1,All India Anna Dravida Munnetra Kazhagam,1
"MUNCIPALITY MARRIAGE HALL MAIN BULIDING, MIDDLE PORTION MAIN ROAD, AMBASAMUDRAM",1,All India Anna Dravida Munnetra Kazhagam,1
"MUNCIPALITY MARRIAGE HALL MAIN BULIDING, WEST PORTION MAIN ROAD, AMBASAMUDRAM",1,All India Anna Dravida Munnetra Kazhagam,1
MUNICIPALITY MARRIAGE BUIDING NORTH BULIDING MAIN ROAD AMBASAMUDRAM,1,All India Anna Dravida Munnetra Kazhagam,1
MUNICIPALITY MIDDLE SCHOOL SOUTH PORTION AMBASAMUDRAM,1,All India Anna Dravida Munnetra Kazhagam,1
"MUNICIPALITY MIDDLE SCHOOL, CONCRETE BUILDING
,WESTERN CONCRETE BUILDING, AMBASAMUDRAM",1,All India Anna Dravida Munnetra Kazhagam,1
"MUNICIPALITY MIDDLE SCHOOL, MIDDLE PORTION, CENTRAL BUILDING, AMBASAMUDRAM",1,All India Anna Dravida Munnetra Kazhagam,1
"MUNICIPALITY PRIMARY SCHOOL EASTE SIDE NORTHERN PORTION, KOVILKULAM",1,All India Anna Dravida Munnetra Kazhagam,1
"MUNICIPALITY PRIMARY SCHOOL, EAST SIDE SOUTHERN PORTION, , KOVILKULAM",1,All India Anna Dravida Munnetra Kazhagam,1
"MURUGADASA PRIMARY SCHOOL, EAST BLOCK, KEELA ERMALPURAM",1,All India Anna Dravida Munnetra Kazhagam,1
"MURUGADASA PRIMARY SCHOOL, WESTERN PORTION KEELA ERMALPURAM",1,All India Anna Dravida Munnetra Kazhagam,1
"MUSLIM COMMITTEE HIGH SCHOOL, NORTHERN BUILDING (East Side), CHERANMAHADEVI",1,Tamilaga Vettri Kazhagam,1
"MUSLIM COMMITTEE HIGH SCHOOL, NORTHERN BUILDING (West Side), CHERANMAHADEVI",1,Indian National Congress,1
"MUSLIM COMMITTEE HIGH SCHOOL, NORTHERN BUILDING, CENTER SIDE, CHERANMAHADEVI",1,Indian National Congress,1
"MUSLIM COMMITTEE HIGH SCHOOL, SOUTHERN BUILDING, EASTERN SIDE, CHERANMAHADEVI",1,Indian National Congress,1
"NADAR UNION MIDDLE SCHOOL, NEW WESTERN BUILDING, , MUDALIARPATTI VICKRAMASINGAPURAM - 2",1,Tamilaga Vettri Kazhagam,1
"NADAR UNION MIDDLE SCHOOL, NEW WESTERN BUILDING, CENTRE PORTION, MUDALIARPATTI VICKRAMASINGAPURAM",1,Indian National Congress,1
"NADAR UNION MIDDLE SCHOOL, NEW WESTERN BUILDING, WESTERN PORTION, FACING SOUTH, MUDALIARPATTI VICKRAMASINGAPURAM - 2",1,Tamilaga Vettri Kazhagam,1
"NADAR UNION MIDDLE SCHOOL, WESTERN BUILDING, EASTERN PORTION,MUDALIARPATTI
VICKRAMASINGAPURAM",1,All India Anna Dravida Munnetra Kazhagam,1
"P.L.W.A HR.SEC.SCHOOL , NORTHERN PORTION ROOM.NO.4 SOUTHERN BUILDING VICKRAMASINGAPURAM",1,Tamilaga Vettri Kazhagam,1
"P.L.W.A HR.SEC.SCHOOL, ROOM.NO.7 SOUTHERN BUILDING VICKRAMASINGAPURAM",1,Tamilaga Vettri Kazhagam,1
"P.L.W.A HR.SEC.SCHOOL, ROOM.NO.8 SOUTHERN BUILDING VICKRAMASINGAPURAM",1,Tamilaga Vettri Kazhagam,1
"P.L.W.A HR.SEC.SCHOOL, SOUTHERN BUILDING ROOM.NO.12 VICKRAMASINGAPURAM",1,Tamilaga Vettri Kazhagam,1
"P.L.W.A PRIMARY SCHOOL, EASTERN BUILDING (MIDDLE PORTION) VICKRAMASINGAPURM",1,All India Anna Dravida Munnetra Kazhagam,1
"P.L.W.A PRIMARY SCHOOL, NORTHERN BUILDING, MIDDLE PORTION VICKRAMASINGAPURM",1,Tamilaga Vettri Kazhagam,1
"P.L.W.A PRIMARY SCHOOL, NORTHERN BUILDING, WEST PORTION (HALL NO.5), VICKRAMASINGAPURAM - 1",1,All India Anna Dravida Munnetra Kazhagam,1
"P.L.W.A PRIMARY SCHOOL, NORTHERN BUILDING. EASTERN PORTION, VICKRAMASINGAPURAM - 1",1,Tamilaga Vettri Kazhagam,1
"P.L.W.A PRIMARY SCHOOL, SOUTHERN BUILDING EASTERN PORTION, VICKRAMASINGAPURAM",1,Tamilaga Vettri Kazhagam,1
"P.L.W.A PRIMARY SCHOOL, SOUTHERN BUILDING WESTERN PORTION, VICKRAMASINGAPURAM",1,Indian National Congress,1
"PANCHAYAT COMMUNITY HALL, EASTERN PORTION BRAMADESAM",1,Indian National Congress,1
"PANCHAYAT UNION MIDDLE SCHOOL, CENTRAL BUILDING SOUTH PORTION KUNIYUR",1,All India Anna Dravida Munnetra Kazhagam,1
"PANCHAYAT UNION MIDDLE SCHOOL, CENTRAL PORTION, KUNIYUR",1,Indian National Congress,1
"PANCHAYAT UNION MIDDLE SCHOOL, EASTERN BUILDING, MANNARKOVIL",1,All India Anna Dravida Munnetra Kazhagam,1
"PANCHAYAT UNION MIDDLE SCHOOL, NEW BUILDING SOUTHERN, LOWER DAM, PAPANASAM",1,Indian National Congress,1
"PANCHAYAT UNION MIDDLE SCHOOL, NORTHERN
PORTION, KUNIYUR",1,All India Anna Dravida Munnetra Kazhagam,1
"PANCHAYAT UNION MIDDLE SCHOOL, SELF SUFFICIENCY SCHEME, KUMARAKOIL EAST CAR STREET KALLIDAIKURICHI",1,Tamilaga Vettri Kazhagam,1
"PANCHAYAT UNION MIDDLE SCHOOL, SOUTHERN BUILDING EASTERN PORTION, KUNIYUR",1,Tamilaga Vettri Kazhagam,1
"PANCHAYAT UNION MIDDLE SCHOOL, SOUTHERN PORTION SANNATHI STREET, VICKRAMASINGAPURAM",1,All India Anna Dravida Munnetra Kazhagam,1
"PANCHAYAT UNION MIDDLE SCHOOL, VEBBANKULAM, KODARANKULAM.",1,All India Anna Dravida Munnetra Kazhagam,1
"PANCHAYAT UNION MIDDLE SCHOOL, WESTERN BUILDING SSA NORTHERN PORTION KUMARAKOIL EAST CAR STREET, KALLIDAIKURICHI",1,Indian National Congress,1
"PANCHAYAT UNION PRIMARY SCHOOL ,SOUTH PORTION DESAMANICKKAM",1,All India Anna Dravida Munnetra Kazhagam,1
"PANCHAYAT UNION PRIMARY SCHOOL ,SOUTHERN BUILDING WEST SIDE MANNARKOVIL",1,All India Anna Dravida Munnetra Kazhagam,1
"PANCHAYAT UNION PRIMARY SCHOOL NORTH SIDE,PATHAMADAI",1,Indian National Congress,1
"PANCHAYAT UNION PRIMARY SCHOOL, ANNA MEMORIAL HALL, SOUTH BUILDING, NORTHERN PORTION, KALLIDAIKURICHI",1,Indian National Congress,1
"PANCHAYAT UNION PRIMARY SCHOOL, ANNA MEMORIAL HALL, SOUTH BUILDING,SOUTH PORTION, KALLIDAIKURICHI",1,All India Anna Dravida Munnetra Kazhagam,1
"PANCHAYAT UNION PRIMARY SCHOOL, BRANCH BUILDING EASTERN BUILDING KALLIDAIKURICHI",1,Indian National Congress,1
"PANCHAYAT UNION PRIMARY SCHOOL, BRANCH BUILDING SOUTHERN BUILDING KALLIDAIKURICHI",1,Indian National Congress,1
"PANCHAYAT UNION PRIMARY SCHOOL, EASTERN BUILDING PIRANCHERI",1,All India Anna Dravida Munnetra Kazhagam,1
"PANCHAYAT UNION PRIMARY SCHOOL, MAIN BUILDING, MELACHEVAL-1",1,All India Anna Dravida Munnetra Kazhagam,1
"PANCHAYAT UNION PRIMARY SCHOOL, MANIMUTHAR",1,Tamilaga Vettri Kazhagam,1
"PANCHAYAT UNION PRIMARY SCHOOL, MIDDLE PORTION SERVALAR",1,Tamilaga Vettri Kazhagam,1
"PANCHAYAT UNION PRIMARY SCHOOL, NEW BUILDING POTTAL, THERKKU KALLIDAIKURCHI",1,All India Anna Dravida Munnetra Kazhagam,1
"PANCHAYAT UNION PRIMARY SCHOOL, NEW BUILDING, UPPER DAM, VICKRAMASINGAPURAM",1,Indian National Congress,1
"PANCHAYAT UNION PRIMARY SCHOOL, NEW BUILDING, WESTERN SIDE, MALAYANKULAM",1,All India Anna Dravida Munnetra Kazhagam,1
"PANCHAYAT UNION PRIMARY SCHOOL, NORTH BUILDING, EASTERN SIDE, CHOKKALINGAPURAM",1,Tamilaga Vettri Kazhagam,1
"PANCHAYAT UNION PRIMARY SCHOOL, NORTH BUILDING, WESTERN PORTION, CHOKKALINGAPURAM",1,Indian National Congress,1
"PANCHAYAT UNION PRIMARY SCHOOL, NORTH PORTION PIRANCHERI",1,Indian National Congress,1
"PANCHAYAT UNION PRIMARY SCHOOL, NORTHERN
BUILDING(Additional Building), PATHAMADAI.",1,All India Anna Dravida Munnetra Kazhagam,1
"PANCHAYAT UNION PRIMARY SCHOOL, NORTHERN BUILDING ABL SCIENCE, GOPALASAMUDRAM",1,Tamilaga Vettri Kazhagam,1
"PANCHAYAT UNION PRIMARY SCHOOL, NORTHERN BUILDING NESAVALLER COLONY THERKKU KALLIDAIKURICHI",1,Tamilaga Vettri Kazhagam,1
"PANCHAYAT UNION PRIMARY SCHOOL, NORTHERN BUILDING SOUTH SIDE NESAVALLER COLONY THERKKU KALLIDAIKURICHI",1,All India Anna Dravida Munnetra Kazhagam,1
"PANCHAYAT UNION PRIMARY SCHOOL, NORTHERN PORTION, IYANARKULAM VICKRAMASINGAPURAM",1,All India Anna Dravida Munnetra Kazhagam,1
"PANCHAYAT UNION PRIMARY SCHOOL, NORTHERN PORTION, NORTH SIDE CHERANMAHADEVI",1,All India Anna Dravida Munnetra Kazhagam,1
"PANCHAYAT UNION PRIMARY SCHOOL, NORTHERN SIDE, EASTERN BUILDING, PIRANCHERI",1,All India Anna Dravida Munnetra Kazhagam,1
"PANCHAYAT UNION PRIMARY SCHOOL, PUDHUR VEERAVANALLUR",1,All India Anna Dravida Munnetra Kazhagam,1
"PANCHAYAT UNION PRIMARY SCHOOL, SCHOOL INTEGRARATED CONFERENCE CENTRE, MANNARKOVIL.",1,Tamilaga Vettri Kazhagam,1
"PANCHAYAT UNION PRIMARY SCHOOL, SOUTH NEW BUILDING, PATHAMADAI",1,Indian National Congress,1
"PANCHAYAT UNION PRIMARY SCHOOL, SOUTHERN BUILDING, PATHAMADAI",1,Indian National Congress,1
"PANCHAYAT UNION PRIMARY SCHOOL, SOUTHERN EAST NEW BUILDLING, GOPALASAMUDRAM",1,Tamilaga Vettri Kazhagam,1
"PANCHAYAT UNION PRIMARY SCHOOL, SOUTHERN PORTION ALAGAPPAPURAM THERKKU VEERAVANALLUR",1,Tamilaga Vettri Kazhagam,1
"PANCHAYAT UNION PRIMARY SCHOOL, SOUTHERN PORTION, EAST SIDE CHERANMAHADEVI",1,All India Anna Dravida Munnetra Kazhagam,1
"PANCHAYAT UNION PRIMARY SCHOOL, SOUTHERN WEST BUILDING GOPALASAMUDRAM",1,All India Anna Dravida Munnetra Kazhagam,1
"PANCHAYAT UNION PRIMARY SCHOOL, SSA BUILDING WEST BUILDING, CHOKKALINGAPURAM",1,Indian National Congress,1
"PANCHAYAT UNION PRIMARY SCHOOL, WESTERN BUILDING, NORTH SIDE, (SSA BUILDING) AYAN SINGAMPATTI",1,All India Anna Dravida Munnetra Kazhagam,1
"PANCHAYAT UNION PRIMARY SCHOOL, WESTERN BUILDING, SOUTH SIDE, (SSA BUILDING) AYAN SINGAMPATTI",1,Indian National Congress,1
"PANCHAYAT UNION PRIMARY SCHOOL, WESTERN BUILDING, SOUTHERN PORTION, CHERANMAHADEVI.",1,All India Anna Dravida Munnetra Kazhagam,1
"PANCHAYAT UNION PRIMARY SCHOOL, WESTERN BULIDING NORTHERN PORTION ALAGAPPAPURAM THERKKU VEERAVANALLUR",1,All India Anna Dravida Munnetra Kazhagam,1
"PANCHAYAT UNION PRIMARY SCHOOLWEST BUILDING, MATHUDAIYARKULAM",1,All India Anna Dravida Munnetra Kazhagam,1
"PANCHYAT UNION PRIMERY SCHOOL, EASTERN BUILDING, SOUTH SIDE, NEW BUILDING KALLIDAIKURICHI",1,Indian National Congress,1
"PANCHYAT UNION PRIMERY SCHOOL, SOUTH EAST BUILDING, NORTH PORTION, (SSA NEW BUILDING) KALLIDAIKURICHI",1,All India Anna Dravida Munnetra Kazhagam,1
"PANNAI VENKATRAMAIYAR HIGH SCHOOL, EASTERN PORTION, GOPALASAMUDRAM",1,All India Anna Dravida Munnetra Kazhagam,1
"PANNAI VENKATRAMAIYAR HIGH SCHOOL, NORTHERN PORTION, GOPALASAMUDRAM",1,Indian National Congress,1
"PERIYAR GOVT HIGHER SEC SCHOOL, ROOM NO.XIID1, CHERANMAHADEVI.",1,Tamilaga Vettri Kazhagam,1
"PERIYAR GOVT HIGHER SEC SCHOOL,EAST BUILDING, CHERANMAHADEVI.",1,Tamilaga Vettri Kazhagam,1
"PERUMAL THEVAR MEMORIAL PRIMARY SCHOOL, AYAN THIRU VALEESWARAM",1,All India Anna Dravida Munnetra Kazhagam,1
"PUNCHAYAT UNION PRIMARY SCHOOL, ANNA MEMORIAL BUILDING WESTERN PORTION, NORTHERN BUILDING KALLIDAIKURICHI",1,All India Anna Dravida Munnetra Kazhagam,1
"PUNCHAYAT UNION PRIMARY SCHOOL, SOUTH PORTION POTTAL THERKKU KALLIDAIKURICHI",1,Indian National Congress,1
"PUNCHAYAT UNION PRIMARY SCHOOL, SOUTH WESTERN PORTION, POTTAL THERKKU KALLIDAIKURICHI",1,All India Anna Dravida Munnetra Kazhagam,1
"PUNCHAYAT UNION PRIMARY SCHOOL, SOUTHERN BUILDING THIRUPUDAIMARUTHUR",1,All India Anna Dravida Munnetra Kazhagam,1
"PUNCHAYAT UNION PRIMAY SCHOOL, EASTERN PORTION, VEILAN COLONY, BRAMMADESAM",1,All India Anna Dravida Munnetra Kazhagam,1
"R.C. MARAVAR SPECIAL MIDDLE SCHOOL, EASTERN PORTION, VAIRAVIKULAM",1,All India Anna Dravida Munnetra Kazhagam,1
"R.C. MARAVAR SPECIAL MIDDLE SCHOOL, WEST PORTION VAIRAVIKULAM",1,Indian National Congress,1
"R.C.MIDDLE SCHOOL, MAIN BUILDING, ROOM NO-7A EASTERN PORTION, CHERANMAHADEVI",1,Indian National Congress,1
"R.C.MIDDLE SCHOOL, NORTHERN BLOCK (EAST), ROOM
NO. 8thC CHERANMAHADEVI",1,Tamilaga Vettri Kazhagam,1
"R.C.MIDDLE SCHOOL, SOUTHERN BUILDINGS, EAST SIDE, CHERANMAHADEVI.",1,Indian National Congress,1
"R.C.MIDDLE SCHOOL, SOUTHERN EAST BUILDING (WEST SIDE) CHERANMAHADEVI",1,Tamilaga Vettri Kazhagam,1
"RAMASESHIER HR.SEC. SCHOOL, NORTHERN NEW BUILDING EAST ROOM, PATHAMADAI",1,All India Anna Dravida Munnetra Kazhagam,1
"RAMASESHIER HR.SEC. SCHOOL, NORTHERN NEW BUILDING WEST ROOM, PATHAMADAI",1,Indian National Congress,1
"RAMASESHIER HR.SEC. SCHOOL, WEST BUILDING, SOUTHERN PORTION, PATHAMADAI",1,All India Anna Dravida Munnetra Kazhagam,1
"RAMASESHIER HR.SEC. SCHOOL, WESTERN BUILDING, NORTHERN PORTION, PATHAMADAI",1,Indian National Congress,1
"RAMASESHIER HR.SEC.SCHOOL, MAIN BUILDING NORTHERN PORTION, PATHAMADAI",1,All India Anna Dravida Munnetra Kazhagam,1
"RAMASESHIER HR.SEC.SCHOOL, MAIN BUILDING, CENTRAL PORTION, PATHAMADAI",1,All India Anna Dravida Munnetra Kazhagam,1
"S.T.C BRANCH MIDDLE SCHOOL, NORTHERN BUILDING, EASTERN PORTION, AMBASAMUDRAM.",1,All India Anna Dravida Munnetra Kazhagam,1
"S.T.C BRANCH MIDDLE SCHOOL, SOUTHERN BUILDING,
EASTERN PORTION, (BABY CLASS ROOM )",1,All India Anna Dravida Munnetra Kazhagam,1
"S.T.C BRANCH MIDDLE SCHOOL, SOUTHERN BUILDING, WEST PORTION, AMBASAMUDRAM.",1,All India Anna Dravida Munnetra Kazhagam,1
"S.T.C. BRANCH PRIMARY SCHOOL, MELASEVAL",1,All India Anna Dravida Munnetra Kazhagam,1
"SARASWATHI ISAC PRIMARY SCHOOL, SOUTH BUILDING WESTERN PORTION, CASHKEEPER THOPPU, ALADIYUR",1,All India Anna Dravida Munnetra Kazhagam,1
"SARASWATHI ISAC PRIMARY SCHOOL, SOUTH BUILDING, CASHKEEPER THOPPU, ALADIYUR",1,Tamilaga Vettri Kazhagam,1
"SEDHU SUBRAMANIYAN MIDDLE SCHOOL, EASTERN BUILDING, CENTRAL PORTION, URKAD",1,All India Anna Dravida Munnetra Kazhagam,1
"SEDHU SUBRAMANIYAN MIDDLE SCHOOL, EASTERN BUILDING, NORTHERN PORTION, URKAD",1,All India Anna Dravida Munnetra Kazhagam,1
"SEDHU SUBRAMANIYAN MIDDLE SCHOOL, EASTERN BUILDING, SOUTHERN PORTION, URKAD",1,Tamilaga Vettri Kazhagam,1
"SENAITHALAIVAR HR. SEC.SCHOOL, NORTH RCC BUILDING, FACING SOUTH STD XIIC, VICKRAMASINGAPURAM - 1",2,All India Anna Dravida Munnetra Kazhagam,1
"SENAITHALAIVAR PRIMARY SCHOOL, ADDITIONAL NEW BUILDING NORTH PORTION, VICKRAMASINGAPURM",1,All India Anna Dravida Munnetra Kazhagam,1
"SENAITHALAIVAR PRIMARY SCHOOL, NORTH RCC BUILDING WESTERN PORTION, VICKRAMASINGAPURAM",1,All India Anna Dravida Munnetra Kazhagam,1
"SIVASUBRAMANIYN PRIMARY SCHOOL, AMBASAMUDRAM",1,All India Anna Dravida Munnetra Kazhagam,1
"SRI PUDTHAR PRIMARY SCHOOL, NEWLY CONSTRUCTED BUILDING, SOUTHERN BUILDING, GOWTHAMAPURI",1,Tamilaga Vettri Kazhagam,1
"SRI RAMAR HINDU PRIMARY SCHOOL, KOTTAIVILAIPATTI VICKRAMASINGAPURAM -1",1,All India Anna Dravida Munnetra Kazhagam,1
"SRI VEDHANARAYANAR NURSERY & PRIMARY SCHOOL, MANNARKOVIL.",1,All India Anna Dravida Munnetra Kazhagam,1
"SRIPUTHAR PRIMARY SCHOOL, NORTHERN PORTION, GOWTHAMAPURI.",1,Tamilaga Vettri Kazhagam,1
"ST. SACRED HEART HIGH SCHOOL, EASTERN BUILDING NORTHRN PORTION ROOM NO.2 VICKRAMASINGAPURAM - 1",1,Tamilaga Vettri Kazhagam,1
"ST. SACRED HEART HIGH SCHOOL, EASTERN BUILDING SOUTHERN PORTION VICKRAMASINGAPURAM - 1",1,Indian National Congress,1
"ST. THERASA MIDDLE SCHOOL, NEW BUILDING, NORTHERN PORTION, VICKRAMASINGAPURAM-1",1,All India Anna Dravida Munnetra Kazhagam,1
"ST.JOHNS MATRIC HR SEC SCHOOL, NORTHERN PORTION  EASTERN SIDE ROOM NO.6 VEERAVANALLUR",1,All India Anna Dravida Munnetra Kazhagam,1
"ST.JOHNS MATRIC HR SEC SCHOOL, NORTHERN PORTION  WESTREN   SIDE ROOM NO.7 VEERAVANALLUR",1,All India Anna Dravida Munnetra Kazhagam,1
"ST.JOHNS MIDDLE SCHOOL, EASTERN PORTION VEERAVANALLUR",1,All India Anna Dravida Munnetra Kazhagam,1
"ST.JOHNS MIDDLE SCHOOL, WESTERN PORTION VEERAVANALLUR",1,All India Anna Dravida Munnetra Kazhagam,1
"ST.JOHNS PRIMARY SCHOOL, NEW BUILDING, CENTER PORTION, VELLANGULI",1,All India Anna Dravida Munnetra Kazhagam,1
"ST.JOHNS PRIMARY SCHOOL, NEW BUILDING, EASTERN PORTION, VELLANGULI",1,All India Anna Dravida Munnetra Kazhagam,1
"ST.JOHNS PRIMARY SCHOOL, NEW BUILDING, WESTERN PORTION, VELLANGULI",1,Tamilaga Vettri Kazhagam,1
"ST.JOSEPH HIGH SCHOOL, NORTHERN BUILDING, EASTERN PORTION, AMBASAMUDRAM",1,All India Anna Dravida Munnetra Kazhagam,1
"ST.JOSEPH HIGH SCHOOL, WESTERN PORTION, NORTHERN BUILDING, AMBASAMUDRAM",1,All India Anna Dravida Munnetra Kazhagam,1
"ST.JOSEPH NURSERY & PRIMARY SCHOOL, EASTERN BUILDING, NORTHERN HALL (STD IV) MELA AMBASAMUDRAM",1,Indian National Congress,1
"ST.JOSEPHS HIGH SCHOOL, EASTERN BUILDING, NORTHERN PORTION, (IV STD) MELA AMBASAMUDRAM",1,All India Anna Dravida Munnetra Kazhagam,1
"ST.JOSEPHS HIGH SCHOOL, EASTRN BUILDING, SOUTH PORTION HALL NO.4 MELA AMBASAMUDRAM",1,Tamilaga Vettri Kazhagam,1
"ST.JOSEPHS HIGH SCHOOL, NORTHERN BUILDING, CENTRE PORTION HALL NO.4 MELA AMBASAMUDRAM",1,Tamilaga Vettri Kazhagam,1
"ST.JOSEPHS PRIMARY SCHOOL, ROOM NO. 2, NEW BUILDING, VICKRAMASINGAPURAM",1,Indian National Congress,1
"ST.JOSEPHS PRIMARY SCHOOL, ROOM NO. 3, NEW BUILDING, VICKRAMASINGAPURAM",1,Indian National Congress,1
"ST.MARY`S HR.SEC.SCHOOL, EASTERN BUILDING NORTH PORTION ROOM NO 2 VICKRAMASINGAPURAM",1,All India Anna Dravida Munnetra Kazhagam,1
"ST.MARY`S HR.SEC.SCHOOL, EASTERN BUILDING NORTHERN PORTION VICKRAMASINGAPURAM",1,All India Anna Dravida Munnetra Kazhagam,1
"ST.MARY`S HR.SEC.SCHOOL, EASTERN BUILDING SOUTHRN PORTION ROOM NO..6 VICKRAMASINGAPURAM",1,All India Anna Dravida Munnetra Kazhagam,1
"ST.MARY`S HR.SEC.SCHOOL, SILVER JUBLEE BLOCK EASTERN PORTION        VICKRAMASINGAPURAM",1,Indian National Congress,1
"ST.MARY`S HR.SEC.SCHOOL, SILVER JUBLEE BLOCK WESTERN PORTION        VICKRAMASINGAPURAM",1,Tamilaga Vettri Kazhagam,1
"ST.MARY`S HR.SEC.SCHOOL, WESTERN BUILDING, HALL NO. , VICKRAMASINGAPURAM -1",1,Indian National Congress,1
"ST.THERASA MIDDLE SCHOOL, EASTERN BUILDING, MAIN BUILDING VICKRAMASINGAPURAM",1,Tamilaga Vettri Kazhagam,1
"ST.THERASA MIDDLE SCHOOL, EASTERN BUILDING, NORTH PORTION, VICKRAMASINGAPURAM - 1",1,Tamilaga Vettri Kazhagam,1
"ST.THERASA MIDDLE SCHOOL, WESTERN BUILDING, MAIN BUILDING VICKRAMASINGAPURAM",1,Tamilaga Vettri Kazhagam,1
"ST.XAVIER MIDDLE SCHOOL, SOUTH BUILDING NORTH PORTION, DEVASAHAYAPURAM ADIVARAM, VICKRAMASINGAPURAM",1,All India Anna Dravida Munnetra Kazhagam,1
"ST.XAVIER MIDDLE SCHOOL, SUVISHESAPURAM DEVASAHAYAPURAM MAIN ROAD, ADIVARAM, VICKRAMASINGAPURAM",1,Indian National Congress,1
"ST.XAVIERS GIRLS MIDDLE SCHOOL, SOUTHERN BUILDING EASTERN PORTION IRUTHAYAKULAM, VICRAMASINGAPURAM",1,All India Anna Dravida Munnetra Kazhagam,1
"ST.XAVIERS GIRLS MIDDLE SCHOOL, SOUTHERN BUILDING WESTERN PORTION IRUTHAYAKULAM, VICRAMASINGAPURAM",1,Tamilaga Vettri Kazhagam,1
"STC BRANCH PRIMARY SCHOOL, NORTHERN PORTION, KALLIDAIKURICHI",1,All India Anna Dravida Munnetra Kazhagam,1
"STC BRANCH PRIMARY SCHOOL, SOUTHRN PORTION, KALLIDAIKURICHI",1,All India Anna Dravida Munnetra Kazhagam,1
"SUYAUTHAVIKULU CENTRE MEETTING HALL,
BRAMADESAM",1,All India Anna Dravida Munnetra Kazhagam,1
"T.D.T.A MIDDLE SCHOOL, WEST BLOCK, NORTHERN BUILDING, SIVANTHIPURAM",1,All India Anna Dravida Munnetra Kazhagam,1
"T.D.T.A PRIMARY SCHOOL , SOUTH BUDILING WEST PORTION, THERKKU PAPPANKULAM",1,Indian National Congress,1
"T.D.T.A PRIMARY SCHOOL , SOUTHERN PORTION, THERKKU PAPPANKULAM",1,Tamilaga Vettri Kazhagam,1
"T.D.T.A PRIMARY SCHOOL , WESTERN PORTION, GOPALASAMUDRAM",2,All India Anna Dravida Munnetra Kazhagam,1
"T.D.T.A PRIMARY SCHOOL ,MELA SADAIYAMANKULAM VENKATRENGAPURAM",1,Indian National Congress,1
"T.D.T.A PRIMARY SCHOOL, MAIN BUILDING EASTERN PORTION PILLAIKULAM",1,Indian National Congress,1
"T.D.T.A PRIMARY SCHOOL, MAIN BUILDING, WESTERN PORTION PORTION, PILLAIKULAM. THIRUVIRUTHANPULLI",1,Indian National Congress,1
"T.D.T.A PRIMARY SCHOOL, NEW BUILDING, PUDUKUDI",1,All India Anna Dravida Munnetra Kazhagam,1
"T.D.T.A PRIMARY SCHOOL, NORTHERN BUILDING , KALLIDAIKURICHI",1,Indian National Congress,1
"T.D.T.A PRIMARY SCHOOL, REDDIYARPURAM THERKKU VEERAVANALLUR",1,All India Anna Dravida Munnetra Kazhagam,1
"T.D.T.A PRIMARY SCHOOL, SOUTHERN PORTION, EAST SIDE, MELASEVAL",1,Indian National Congress,1
"T.D.T.A PRIMARY SCHOOL, SOUTHERN PORTION, WEST SIDE, MELASEVAL",1,All India Anna Dravida Munnetra Kazhagam,1
"T.D.T.A PRIMARY SCHOOL, WESTERN BUILDING, KALLDAIKURICHI.",1,Indian National Congress,1
"T.D.T.A.MIDDLE SCHOOL ,GOLDEN JUBLEE BUILDING WEST PORTION , KEELA SIVANTHIPURAM",1,Tamilaga Vettri Kazhagam,1
"T.D.T.A.MIDDLE SCHOOL, GOLDEN JUBLEE BUILDING EAST PORTION KEELA SIVANTHIPURAM",1,Tamilaga Vettri Kazhagam,1
"T.D.T.A.MIDDLE SCHOOL, GOLDEN JUBLEE BUILDING WEST PORTION KEELA SIVANTHIPURAM",1,Tamilaga Vettri Kazhagam,1
"T.D.T.A.MIDDLE SCHOOL, NORTHERN BUILDING, CENTRE PORTION, KEELA SIVANTHIPURAM",1,All India Anna Dravida Munnetra Kazhagam,1
"T.D.T.A.MIDDLE SCHOOL, SOUTHERN BUILIDING, EASTERN PORTION, KEELA SIVANTHIPURAM",1,All India Anna Dravida Munnetra Kazhagam,1
TDTA PRIMARY SCHOOL KELLA SIVANTHIPURAM HALL NO;1,1,Indian National Congress,1
TDTA PRIMARY SCHOOL KELLA SIVANTHIPURAM HALL NO;2,1,Indian National Congress,1
"THEERTHAPATHI HR.SEC. SCHOOL, ROOM NO.15 AMBASAMUDRAM.",1,Tamilaga Vettri Kazhagam,1
"THEERTHAPATHI HR.SEC. SCHOOL, ROOM NO.17 AMBASAMUDRAM.",1,Tamilaga Vettri Kazhagam,1
"THEERTHAPATHI HR.SEC. SCHOOL, S S K BLOCK EAST CLASS ROOM 3 AMBASAMUDRAM",1,Tamilaga Vettri Kazhagam,1
"THEERTHAPATHI HR.SEC. SCHOOL, S S K BLOCK EASTRN BUILDING ROOM NO.2AMBASAMUDRAM.",1,Tamilaga Vettri Kazhagam,1
"THILAK VIDYALAYA HR.SEC.SCHOOL. ROOM NO. XI - D2, HALL NO. 3 SOUTHERN PORTION, KALLIDAIKURICHI",1,All India Anna Dravida Munnetra Kazhagam,1
"THILAK VIDYALAYA HR.SEC.SCHOOLROOM NO. XIIC, EASTERN PORTION, KALLIDAIKURICHI",1,All India Anna Dravida Munnetra Kazhagam,1
"THIRUGNANA SAMBANTHAR MIDDLE SCHOOL, CENTRAL PORTION, WESTERN BUILDING, VEERAVANALLUR",1,All India Anna Dravida Munnetra Kazhagam,1
"THIRUGNANA SAMBANTHAR MIDDLE SCHOOL, NEW BUILDING, Ramasamy Room NO.12 VEERAVANALLUR",1,Tamilaga Vettri Kazhagam,1
"THIRUGNANA SAMBANTHAR MIDDLE SCHOOL, NORTHERN BUILDING, WESTERN PORTION, VEERAVANALLUR",1,All India Anna Dravida Munnetra Kazhagam,1
"THIRUGNANA SAMBANTHAR MIDDLE SCHOOL, OLD BUILDING, SOUTHERN PORTION, VEERAVANALLUR",1,Indian National Congress,1
"THIRUGNANA SATHIRUGNANA SAMBANTHAR MIDDLE SCHOOL, NORTHERN BUILDING, EASTERN PORTION, VEERAVANALLURMBANTHAR MIDDLE SCHOOL, NEW BUILDING, NORTHERN BUILDING, VEERAVANALLUR",1,All India Anna Dravida Munnetra Kazhagam,1
"TILAK VIDYALAYA HR.SEC. SCHOOL, ROOM NO.15 KALLIDAIKURICHI",1,Indian National Congress,1
"TILAK VIDYALAYA HR.SEC.SCHOOL, ROOM NO.14 WESTERN PORTION, KALLIDAIKURICHI",1,All India Anna Dravida Munnetra Kazhagam,1
"TILAK VIDYALAYA HR.SEC.SCHOOL, ROOM NO.16 WESTERN PORTION, KALLIDAIKURICHI",1,All India Anna Dravida Munnetra Kazhagam,1
"TIRUVALLUVAR COLLEGE, EASTERN PORTION, EAST SIDE, PAPANASAM, VICKRAMASINGAPURAM.",1,Indian National Congress,1
"TIRUVALLUVAR COLLEGE, HISTRY BLOCK , EASTERN PORTION, PAPANASAM",1,All India Anna Dravida Munnetra Kazhagam,1
"TIRUVALLUVAR COLLEGE, HISTRY BLOCK, WESTERN PORTION, PAPANASAM",1,All India Anna Dravida Munnetra Kazhagam,1
"TIRUVALLUVAR COLLEGE, M.Com., HALL NORTHERN PORTION, (NEAR ARULMUGU VETRIVINAYAGAR KOVIL) PAPANASAM, VICKRAMASINGAPURAM - 2",1,All India Anna Dravida Munnetra Kazhagam,1
"TIRUVALLUVAR COLLEGE, NEW SOUTH PORTION HALL NO.15, PAPANASAM",1,All India Anna Dravida Munnetra Kazhagam,1
"TIRUVALLUVAR COLLEGE, NEW SOUTH PORTION HALL NO.18, PAPANASAM",1,All India Anna Dravida Munnetra Kazhagam,1
"TIRUVALLUVAR COLLEGE, THAVATHIRU KUNDRAKUDI ADIKALAR AUDITORIAM, EASTERN PORTION, PAPANASAM, VICKRAMASINGAPURAM - 2",1,All India Anna Dravida Munnetra Kazhagam,1
"TOWN PANCHAYAT OFFICE, CENTRE ROOM, KALLIDAIKURICHI",1,All India Anna Dravida Munnetra Kazhagam,1
"TOWN PUNCHAYAT OFFICE COMMUNTIY HALL COMPOUND, MELASEVAL",1,All India Anna Dravida Munnetra Kazhagam,1
"TOWN PUNCHAYAT OFFICE, MEETING HALL, PATHAMADAI",1,Indian National Congress,1
"TOWN PUNCHAYAT OFFICE, PATHAMADAI",1,Indian National Congress,1
"VILLAGE PANCHAYAT OFFICE ,THERKKU PAPPANKULAM",1,All India Anna Dravida Munnetra Kazhagam,1
"VILLAGE PANCHAYAT OFFICE, CENTRAL PORTION, NEW BUILDING, ULAGANKULAM",1,Indian National Congress,1
"VILLAGE PANCHAYAT OFFICE, MEETING HALL, GIRIAMMALPURAM",1,All India Anna Dravida Munnetra Kazhagam,1
"VILLAGE PANCHAYAT OFFICE, NORTH PORTION, MANNARKOVIL",1,All India Anna Dravida Munnetra Kazhagam,1
"VILLAGE PANCHAYAT OFFICE, THIRUVIRUTHANPULI",1,All India Anna Dravida Munnetra Kazhagam,1
"VILLAGE PANCHAYAT SERVICE CENTRE, EASTERN BUILDING, ADAIYAKARUNGKULAM.",1,All India Anna Dravida Munnetra Kazhagam,1
"VILLAGE PANCHAYAT SERVICE CENTRE, WESTERN BUILDING, ADAIYAKARUNGKULAM.",1,All India Anna Dravida Munnetra Kazhagam,1
"VIVEKANANTHA PRIMARY SCHOOL, NORTHERN BUILDING, VELLANGULI",1,Indian National Congress,1
"VIVEKANANTHA PRIMARY SCHOOL, SOUTHERN BUILDING, VELLANGULI",1,All India Anna Dravida Munnetra Kazhagam,1
