Serial No. Of Polling Station,Locality,Building in Which it will be Located,Polling Area,Dravida Munnetra Kazhagam_Share
56,Ayyanaroothu,"Panchayat  Union  Primary  School,  South West  Portion,  Ayyanaroothu.","1.Ayyanaroothu  (R.V)  And  (P)  Pallivasal  Street  Block  5  ,  2.Ayyanaroothu (R.V)  And  (P)  Indhira  Nagar  Street  Block  7  ,  999.OVERSEAS  ELECTORS",0.7888888888888889
76,Kayathar,Community  hall  Kayathar,"1.Kayathar  (F.G.T.P)  Main  Road  Ward  9  ,
2.Kayathar  (F.G.T.P)  Pallivasal  North  Street  ward  9  ,
3.Kayathar  (F.G.T.P)  Sathkathulla  Appa  Street  Ward  9  ,
4.Kayathar  (F.G.T.P)  Seethakkadi  Street  Ward  9  ,
5.Kayathar  (F.G.T.P)  Pallivasal  Nadu  Street  Ward  9  ,
6.Kayathar  (F.G.T.P)  Kajamohadin  Street  Ward  9  ,
7.Kayathar  (F.G.T.P)  Jaherhussian  Street  Ward  9  ,
8.Kayathar  (F.G.T.P)  Pallivasal  Melatheru  Ward  9  , 999.OVERSEAS  ELECTORS",0.7876288659793814
47,Vellalankottai,"R.C.  Middle  School  ,  North  Side  , Vellalankottai.","1.Vellalankottai  (R.V)  And  (P)  Vellalankottai  East  street  Block  1  ,
2.Vellalankottai  (R.V)  And  (P)  Vellalankottai  Middle  Street  Block  2  ,
3.Vellalan  kottaiah  (R.V)  And  (P)  Vellalan  kottaiah  South  Street  Block  3  ,
4.Vellalan  kottai  (R.V)  And  (P)  Vellalan  kottai  West  Street  Block  4  , 999.OVERSEAS  ELECTORS",0.7674750356633381
75,Kayathar,"Panchayat  Union  Primary  School  ,  Main Building,  Uchi  makaliamman  kovil  street Kayathar.","1.Kayathar  (F.G.T.P)  Main  Road  Ward  10  ,
2.Kayathar  (F.G.T.P)  Umarupulavar  Street  Ward  10  ,
3.Kayathar  (F.G.T.P)  Uppuk  Kenatrutheru  Ward  10  ,
4.Kayathar  (F.G.T.P)  Main  Road  Ward  11  ,
5.Kayathar  (F.G.T.P)  SentamilStreet  Ward  11  ,
6.Kayathar  (F.G.T.P)  Aajath  Street  Ward  11  ,
7.Kayathar  (F.G.T.P)  Bhavalar  Street  Ward  11  ,
8.Kayathar  (F.G.T.P)  Ginna  STreet  Ward  11  , 999.OVERSEAS  ELECTORS",0.7603603603603604
200,North Puthugramam Kovilpatti,"Vivek  Nursury  and  Primary  School,  East Building  South  Portion,  North  Puthugramam Kovilpatti","1.Kovilpatti  (M)  Mohamad  Saliyapuram  Masque  Street  No1  Ward  13  , 999.OVERSEAS  ELECTORS",0.6135957066189625
89,Kappulingampatti,"Panchayat  Union  Primary  School, Kappulingampatti","1.Kappulingampatti  (R.V)  And  (P)  Kappulingampatti  Block  3  , 2.Kappulingampatti  (R.V)  And  (P)  Kappulingampatti  Block  2  , 999.OVERSEAS  ELECTORS",0.5989010989010989
55,Ayyanaroothu,"Panchayat  Union  Primary  School,  South Portion  ,  Ayyanaroothu.","1.Ayyanaroothu  (R.V)  And  (P)  Middle  street  Block  4  ,  2.Ayyanaroothu (R.V)  And  (P)  A.Kuppanapuram  Block  6  ,  999.OVERSEAS  ELECTORS",0.5960854092526691
45,Periyasamypuram,"Panchayat  Union  Primary  School  , Periyasamypuram.","1.Thirumangalakurichi  (R.V)  And  (P)  Periasamiapuram  Block  3  , 2.Thirumangalakurichi  (R.V)  And  (P)  Pallankulam,  3.
Thirumangalakurichi  (R.V)  And  (P)  Moortheeswarapuram  North  street Block  5,  4.Thirumangalakurichi  (R.V)  And  (P)  Moortheeswarapuram  block
5,  999.OVERSEAS  ELECTORS",0.5909732016925247
158,Illuppaiyurani,"Syamala  Hr.  sec.  School  Room  1  (Class  12  th
)  Illuppaiyurani","1.Elupaiyurani  (A.V)  And  (P)  North  Street  Block  2  ,  2.Elupaiyurani  (A.V) And  (P)  West  Street  Block  2  ,  3.Elupaiyurani  (A.V)  And  (P)  South  Street Block  2  ,  999.OVERSEAS  ELECTORS",0.5607142857142857
199,North Puthugramam Kovilpatti,"Vivek  Nursury  and  Primary  School,  West Building  South  Portion,  North  Puthugramam Kovilpatti","1.Kovilpatti  (M)  Street  No2  Loyal  Mill  NorthLine  Ward  13  ,  2.Kovilpatti  (M) Main  Raod  Ward  6  ,  3.Kovilpatti  (M)  Mohamad  Saliyapuram  Masque
Street  No2  Ward  13  ,  999.OVERSEAS  ELECTORS",0.5598885793871866
97,Kadamboor,"K.A.R.M  Geroge  Middle  School,  Central  Room
,  Kadampur.","1.Kadamboor  (S.P)  South  Bazhar  Ward  6  ,  2.Kadamboor  (S.P)
Therkurathaveethi  ward  6  ,  3.Kadamboor  (S.P)  Valluvar  Street  Ward  6  , 4.Kadamboor  (S.P)  NarayanasamyKovil  Street  Ward  6  ,  5.Kadamboor  (S.P) Kettaingei  Street  Ward  6  ,  6.Kadamboor  (S.P)  ManthiraMoorthiKovil  Street ward  10  ,  7.Kadamboor  (S.P)  Vellar  Street  Ward  8  ,  8.Kadamboor  (S.P) Karuppasamy  Kovil  Street  ward  9  ,  9.Kadamboor  (S.P)  AranmanaiStreet ward  9  ,  10.Kadamboor  (S.P)  Agragaram  Road  ward  9  ,  11.Kadamboor
(S.P)  MissonKovil  Street  Ward  10  ,  12.Kadamboor  (S.P)  Nadutheru  ward 10  ,  13.Kadamboor  (S.P)  Southustreet  ward  10  ,  999.OVERSEAS
ELECTORS  OVERSEAS  ELECTORS",0.5233022636484687
182,Vadakku Thittankulam,"Panchayat  Union  Middle  School,  North  East building  3rd  Room  from  East,  Vadakku Thittankulam.","1.Thittankulam  (R.V)  And  (P)  Perumal  Kovil  Street  Block  2  , 2.Thittankulam  (R.V)  And  (P)  MainRoad  Street  Block  2  ,  3.Thittankulam (R.V)  And  (P)  Thevar  statue  Backside  Block  2  ,  4.Thittankulam  (R.V)
And(P)  Nayakkamar  Street  Block  2  ,  5.Thittankulam  (R.V)  And  (P)  North
Street  Block  2  ,  999.OVERSEAS  ELECTORS",0.5225653206650831
142,Inammaniachi,"Bharathi  Primary  school,  South  Side Inammaniachi","1.Innammaniachi(R.V)  And  (P)  Middle  Street  Block  3  ,
2.Innammaniachi(R.V)  And  (P)  Seenivasa  Nagar  2  Block  3  , 3.Innammaniachi(R.V)  And  (P)  Seenivasa  Nagar3  Block  3  , 999.OVERSEAS  ELECTORS",0.518957345971564
99,Kuppanapuram,"Panchayat  Union  Primary  School,  Main Building  ,  Kuppanapuram.","1.Kuppanapuram  (R.V)  And  (P)  Kuppanapuram  Block  1  , 2.Kuppanapuram  (R.V)  And  (P)  Kuppanapuram  Block  2  , 3.Kuppanapuram  (R.V)  And  (P)  Chokkalingapuram  Block  5  , 999.OVERSEAS  ELECTORS",0.5086206896551724
157,Illuppaiyurani,"Tamil  Baptist  Primary  School,  New  Building, East  Portion,  South  facing  Illuppaiyurani","1.Elupaiyurani  (A.V)  And  (P)  East  Street  Block  2,  999.OVERSEAS ELECTORS",0.5059952038369304
51,Panikkarkulam,"Panchayat  Union  primary  School,  East  Side  , Panikkarkulam.","1.Panikkarkulam  (R.V)  And  (P)  Panikkarkulam  Block  1  ,  2.Panikkarkulam (R.V)  And  (P)  Erandampuli  Ramanathepuram  Block  2  ,  999.OVERSEAS ELECTORS",0.5034364261168385
24,South  Kalugumalai,"Panchayat  Union  Primary  School  ,  South Portion  ,  South  Kalugumalai.","1.Southkulugumalai  (t)  Thulukkpatti  Block  3  ,  2.South  Kulugumalai  (T) Thulukkapatti  Block  4  ,  999.OVERSEAS  ELECTORS",0.49794238683127573
52,Nagalapuram,"Panchayat  Union  Middle  School,  West  Side  , Nagalapuram.","1.Panikkarkulam  (R.V)  And  (P)  Nagalapuram  Block  3  ,  999.OVERSEAS ELECTORS",0.4896449704142012
66,Therkumayilodai,"Public  Library,  Therkumayilodai","1.Therkumaillodai  (R.V)  And  (P)  Therkumaillodai  Brlock  1  , 2.TherkuMaillodai  (R.V)  And  (P)  TherkuMaillodai  Block  2  , 999.OVERSEAS  ELECTORS",0.4891041162227603
58,Manankathan,"Panchyat  Union  Primary  School,SSA Building  North  Portion  ,  Manankathan.","1.Therku  Elanthaikulam  (R.V)  And  (P)  Manankathan  Block  7  ,  2.Therku Elanthaikulam  (R.V)  And  (P)  Manankathan  Block  8  ,  999.OVERSEAS ELECTORS",0.4865979381443299
147,Avalnattham,"Panchayat  Union  Primary  School  ,  West Portion,  South  Building  ,Avalnattham","1.Avalnatham  (R.V)  And  (P)  North  street  block  1  ,  2.Avalnatham  (R.V)  And
(P)  Mela  Street  Block  2  ,  999.OVERSEAS  ELECTORS",0.48653846153846153
57,USillankulam,"Panchayat  Union  Primary  School  ,  New Building  ,  USillankulam.","1.Ucilankulam  (R.V)  And  (P)  Single  Houses  Street  Block  1  ,  2.Ucilankulam (R.V)  And  (P)  North  Street  Block  2  ,  3.Uchilankulam  (R.V)  And  (P)  South
Street  Block  2  ,  999.OVERSEAS  ELECTORS",0.4845528455284553
140,Inammaniachi,"Bharathi  Primary  school,  North  Side Inammaniachi","1.Innammaniachi  (R.V)  And  (P)  West  street  ,  2.Innammaniachi  (R.V)  And
(P)  Middle  Street  ,  999.OVERSEAS  ELECTORS",0.4835007173601148
156,Illuppaiyurani,"Tamil  Baptist  Primary  School,  New  Building, East  Portion,  North  facing  Illuppaiyurani","1.Elupaiyurani  (A.V)  And  (P)  Kaliyamman  kovil  street  block  2, 999.OVERSEAS  ELECTORS",0.48238897396630936
61,Kammapatti,"Panchayat  Union  Primary  School,  Main Building,  Kammapatti.","1.Therku  Elanthaikulam  (R.V)  And  (P)  Kammapatti  Block  2  , 999.OVERSEAS  ELECTORS",0.48
303,Kamanayakkanpatti,"St.Aloycious  High  School,  east  block  north portion,  Kamanayakkanpatti","1.Kamanayakkanpatti  (R.V)  And  (P)  Kamaraj  Nagar  (west)  Block  2  , 2.Kamanayakkanpatti  (R.V)  And  (P)  North  street  Block  2  ,
3.Kamanayakkanpatti  (p)  Kamaraj  Nagar  (West)  Block  2  , 4.Kamanayakkanpatti  (R.V)  And  (P)  East  colony  Block  2  , 5.Kamanayakkanpatti  (R.V)  And  (P)  Matha  Nagar  Block  2  ,
999.OVERSEAS  ELECTORS",0.47128129602356406
186,Gandhi  Nagar Kovilpatti,"Municipal  Primary  School  Old  Building, North  Side  Gandhi  Nagar  Kovilpatti","1.Kovilpatti  (M)  Muthuramalingar  Street  Ward  1  2.Kovilpatti  (M) Ramasami  Street  Ward  1  ,999.OVERSEAS  ELECTORS",0.46060606060606063
41,Chettikurchi,"Hindu  Nadar  Middle  School  ,  East  Side  Old building  ,  Chettikurichi.","1.Chettikurichi  (R.V)  And  (P)  Muthukrishnan  Colony  Block  2  ,
2.Chettikurichi  (R.V)  And  (P)  East  Street  Block  2  ,  3.Chettikurichi  (R.V) And  (P)  Vedha  Kovil  Street  Block  2  ,  4.Chettikurichi  (R.V)  And  (P) Ramadass  Colony  Block  2  ,  5.Chettikurichi  (R.V)  And  (P)  South  Colony Block  2  ,  999.OVERSEAS  ELECTORS",0.4577319587628866
181,Vadakku Thittankulam,"Panchayat  Union  Middle  School,  North Building  East  side,  Vadakku  Thittankulam","1.Thittankulam  (R.V)  And  (P)  North  Thittankulam  Block  1  , 2.Thittankulam  (R.V)  And  (P)  North  Thittankulam  Block  2  , 999.OVERSEAS  ELECTORS",0.4570383912248629
19,Karadikulam.,"Panchayat  Union  Middle  School,  Southern Portion  ,  Karadikulam.","1.Karadikulam  (R.V)  And  (P)  Karadikulam  Block  1  ,  2.Karadikulam  (R.V) And  (P)  Karadikulam  block  2  ,  999.OVERSEAS  ELECTORS",0.4524765729585007
159,Illuppaiyurani,"Tamil  Baptist  Primary  School,  Old  Building South  Portion  Illuppaiyurani","1.Elupaiyurani  (R.V)  And  (P)  Elupaiyurani  block  2  ,  999.OVERSEAS ELECTORS",0.4490909090909091
43,"Vadakku Konarkottai,","Tamil  Baphist  Primary  School,  Vadakku Konarkottai.","1.Chettikurichi  (R.V)  And  (P)  North  konarkottai  North  street  Block  4  , 2.Chettikurichi  (R.V)  And  (P)  North  KonarKottai  Middle  Street  Block  4  , 3.Chettikurichi  (R.V)  And  (P)  North  KonarKottai  South  Street  Block  4  , 4.Chettikurichi  (R.V)  And  (P)  North  KonarKottai  West  Street  Block  4  , 5.Chettikurichi  (R.V)  And  (P)  North  KonarKottai  Adi  dravedar  Colony
Block  4  ,  6.Chettikurichi  (R.V)  And  (P)  Mancha  Nambi  kineru  pillaiar  kovil
street  Block  5  ,  999.OVERSEAS  ELECTORS",0.44727272727272727
54,Ayyanaroothu,"Panchayat  Union  Primary  School  ,  Middle Portion  ,  Ayyanaroothu.","1.Ayyanaroothu  (R.V)  And  (P)  Sandhi  street  Block  2  ,  2.Ayyanaroothu (R.V)  And  (P)  South  Street  Block  3  ,  999.OVERSEAS  ELECTORS",0.44608879492600423
141,Inammaniachi,"Child  Welfare  Center,  South  Building, Inammaniachi","1.Innammaniachi  (R.V)  And  (P)  East  Street  ,  2.Innammaniachi  (R.V)  And
(P)  North  Street  ,  999.OVERSEAS  ELECTORS",0.43788819875776397
150,Illuppaiyurani,"Parvathi  High  School,  west  Building, Illuppaiyurani","1.Elupaiyurani  (A.V)  And  (P)  Elupaiyurani  block  1  ,  999.OVERSEAS ELECTORS",0.4344569288389513
304,Kamanayakkanpatti,"St.Aloycious  High  School,  South  Block  West Portion  ,  Kamanayakkanpatti","1.Kamanayakkanpatti  (R.V)  And  (P)  North  Street  Block  2  , 999.OVERSEAS  ELECTORS",0.42857142857142855
20,Karadikulam.,"Panchayat  Union  Middle  School  ,  East Portion  ,  Karadikulam.",1.Karadikulam  (R.V)  And  (P)  Karadikulam  block  2  999.OVERSEAS ELECTORS,0.4274353876739563
9,Kalugumalai,"Govt  Higher  Secondary  School,  Middle Building  South  Room  Kalugumalai","1.Kalugumalai  (s.p)  Theyagi  n.  venkatachalam  street  ward  7  ,
2.Kalugumalai  (S.P)  Bagawathsingh  Street  Ward  7  ,  3.Kalugumalai  (S.P) Veerapandiyakattabomman  Street  ward  7  ,  4.Kalugumalai  (S.P) Kumarasan  Nagar  Street  Ward  7  ,  5.Kalugumalai  (s.p)  Kumarasan  street 2  ward  7  ,  6.Kalugumalai  (S.P)  Amalraj  Nagar  Ward  7  ,  7.Kalugumalai
(S.P)  KuthurailawyaStreet  Ward  8  ,  999.OVERSEAS  ELECTORS",0.4262948207171315
39,Chithambarampatti.,"Panchayat  Union  Primary  School,  West Building  West  Side,  Chithambarampatti.","1.Chidambarampatti  (R.V)  And  (P)  Chidambarampatti  Block  3  , 999.OVERSEAS  ELECTORS",0.4207650273224044
295,Senbagaperi,"Anganwadi  Centre,  Shenbagaperi","1.Kelavipatti  (R.V)  And  (P)  K.  duraisamypuram  ,  2.Kelavipatti  (R.V) And  (P)  Senbhaperi  ,  999.OVERSEAS  ELECTORS",0.41843971631205673
42,Therkku  Konnar Kottai,"St.  Marys  High  School  ,  Therkku  Konnar Kottai.","1.Chettikurichi  (R.V)  And  (P)  SouthKonarKottai  School  Street  , 2.Chettikurichi  (R.V)  And  (P)  SouthKonarKottai  Middle  Street  , 3.Chettikurichi  (R.V)  And  (P)  SouthKonarKottai  South  Street  , 4.Chettikurichi  (R.V)  And  (P)  SouthKonarKottai  West  Street  ,
5.Chettikurichi  (R.V)  And  (P)  SouthKonarKottai  Adi  dravedar  Colony  ,
999.OVERSEAS  ELECTORS",0.41074523396880414
109,Uthupatti,"Govt  .Hr.  Sec.  School  ,
Southern  West  Building  ,  Uthupatti.","1.Uoothupatti  (R.V)  And  (P)  Uoothupatti  East  Street  Ward  1  , 2.Uoothupatti  (R.V)  And  (P)  Uoothupatti  North  Street  Ward  2  , 999.OVERSEAS  ELECTORS",0.4103852596314908
267,Kovilpatti,Thevar  Peravai  Primary  School  West  portion Kovilpatti,"1.Kovilpatti  (M)  Kathirasan  kovil  Street  5  ,  2.Kovilpatti  (M)  Kathirasan
kovil  Street  6  ,  3.Kovilpatti  (M)  Kathirasan  kovil  Street  8  ,  999.OVERSEAS ELECTORS",0.4048991354466859
218,Bunglow  street Kovilpatti,"Municipal  Primary  School  South  new building,  West  Room,  Bunglow  street Kovilpatti","1.Kovilpatti  (m)  Thiruvalluvar  nagar  street  5  ward  9  ,
2.Kovilpatti  (M)  Thiruvalluvar  Nagar  Street  6  Ward  9  , 3.Kovilpatti  (M)  Kadalyur  Main  Road  Ward  10  ,
4.Kovilpatti  (M)  State  Bank  colony  Ward  10  ,  999.OVERSEAS
ELECTORS",0.40384615384615385
188,Gandhi  Nagar Kovilpatti,"Municipal  Primary  School,  Middle  Portion, Gandhi  Nagar  Kovilpatti","1.Kovilpatti  (m)  Atthaikondan  road  ward  2,2.Kovilpatti  (m)  Atthaikondan Salai  ward  3.Kovilpatti  (M)  Gandhi  Nagar  Street  No1,Ward  2  4.Kovilpatti
(M)  Gandhi  Nagar  2nd  Street  Ward  2  999.OVERSEAS  ELECTORS",0.4034090909090909
177,Shanmuga  Nagar Therkku Thittankulam,"Community  Hall,  South  side  building,  west side,  Shunmuganagar,  Therkku Thittankulam","1.Thittankulam  (R.V)And  (P)  Thozhil  Pettai  Block  1  ,  2.Thittankulam (R.V)And  (P)  Shanmuga  Nagar  block  1  ,  999.OVERSEAS  ELECTORS",0.40074906367041196
143,Inammaniachi,"Community  Hall  ,  North  Portion,  Inam maniyachi","1.Innammaniachi(R.V)  And  (P)  Main  road  block  3  ,  2.Innammaniachi(R.V) And  (P)  Seenivasa  Nagar  1  Block,  999.OVERSEAS  ELECTORS",0.39
67,Therkumayilodai,"Community  Hall,  Therkumayilodai","1.TherkuMaillodai  (R.V)  And  (P)  VadakuMaillodai  Block  4  ,
2.TherkuMaillodai  (R.V)  And  (P)  Kailasapuram  Block  5  ,  999.OVERSEAS ELECTORS",0.3871951219512195
187,Gandhi  Nagar KovilPatti,Municipal  Primary  School  Old  Building South  Side  Gandhi  Nagar  KovilPatti,"1.Kovilpatti  (M)  JhawarlalNehru  Street  Ward  1  2.Kovilpatti  (M)
Kasthuribai  Street  No1  Ward  1  ,  3.Kovilpatti  (M)  Kasthuribai  Street  No2 Ward1  ,  999.OVERSEAS  ELECTORS",0.3825301204819277
105,Villiseri,"Panchayat  Union  Primary  School,  South Building  ,
Villiseri-1.","1.Villichery  (R.V)  And  (P)  R.C.  Street  Block  5  ,  2.Villichery  (R.V)  And  (P) East  Colony  Block  5  ,  3.Villichery  (R.V)  And  (P)  Middle  Colony  Block  5  , 4.Villichery  (R.V)  And  (P)  West  Colony  Block  5  ,  5.Villichery  (R.V)  And  (P) Meithalaivanpatti  Block  6  ,  999.OVERSEAS  ELECTORS",0.38207547169811323
40,Chettikurchi,"Hindu  Nadar  Middle  School  ,  North  Side
,Chettikurchi.","1.Chettikurichi  (R.V)  And  (P)  North  street  Block  1  ,  2.Chettikurichi  (R.V) And  (P)  Mariamman  kovil  Street  Block  1  ,  3.Chettikurichi  (R.V)  And  (P) Middle  Street  Block  1  ,  4.Chettikurichi  (R.V)  And  (P)  Main  Street  Block  1  , 5.Chettikurichi  (R.V)  And  (P)  Nadar  Street  Block  1  ,  999.OVERSEAS ELECTORS",0.3817829457364341
33,Sankaralinga puram  Kumarettiya puram,"Panchayat  Union  Primary  School, Sankaralingapuram  Kumarettiyapuram.","1.Kumareddiyapuram  (R.V)  And  (P)  Sankaralingapuram  Block  3  , 999.OVERSEAS  ELECTORS",0.3798219584569733
102,Venkateswarapura m,"Panchayat  Union  Middle  School, Venkateswarapuram.","1.Venkateswarapuram  (R.V)  And  (P)  Kurumalai  Block  1  , 2.Venkateswarapuram  (R.V)  And  (P)  Kurumalai  (V.P.Singh  Nagar)  Block  2
,  3.Venkateswarapuram  (R.V)  And  (P)  Kurumalai  (Arunthathiyer  Colony) Block  3  ,  4.Venkateswarapuram  (R.V)  And  (P)  Venkateswarapuram  Block 4  ,  5.Venkateswarapuram  (R.V)  And  (P)  Venkateswarapuram  (North
Street)  Block  5  ,  6.Venkateswarapuram  (R.V)  And  (P)  Venkateswarapuram Colony  Block  6  ,  7.Venkateswarapuram  (R.V)  And  (P) K.Sundaraeshwarapuram  Block  7  ,  8.Venkateswarapuram  (R.V)  And  (P)
Kammapatti  Block  8  ,  999.OVERSEAS  ELECTORS",0.3652762119503946
38,Chithambarampatti,"Panchayat  Union  Primary  School,  East Building  East  Side,  Chithambarampatti.","1.Chidambarampatti  (R.V)  And  (P)  Chidambarampatti  Block
2.Chidambarampatti  (R.V)  And  (P)  Chidambarampatti  Block  2  , 999.OVERSEAS  ELECTORS",0.3631484794275492
