Polling Station No.,Building in which it will be located,Polling Area,Winner_Party,Margin_Percentage
5,"VPRC Building, North Wing South Facing, Irumbuli-604208","[1].Erumpuli (R.V) & (P), Pajani Kovil Street, [2].Erumpuli (R.V) & (P), Pillaiyar Kovil Street, [3].Erumpuli (R.V) & (P), Cross Street,  [4].Erumpuli (R.V) & (P), Kulathu Street,  [5].Erumpuli (R.V) & (P), Pramanar Street,  [6].Erumpuli (R.V) & (P), Mariyamman Kovil Street,  [7].Erumpuli (R.V) & (P), Pillaiyar Kovil Street,  [8].Erumpuli (RV) & (P), Road
Street (Colony)",All India Anna Dravida Munnetra Kazhagam,0.8495145631067961
8,"Panchayat Union Elementary School, North Building West Wing, Sozhangunam-604210","[1].Sozhangkunam  (R.V) & (P), Chetti Street, [2].Sozhangkunam  (R.V) & (P), Ahakara Street, [3].Sozhangkunam (R.V) & (P), Perumal Koil Street, [4].Sozhangkunam (R.V) & (P), Road Street, [5].Sozhangkunam  (R.V) & (P), Old Colony, [6].Sozhangkunam (R.V) & (P), Ottamandabam,
[7].Sozhangkunam  (R.V) & (P), New Colony",All India Anna Dravida Munnetra Kazhagam,4.318936877076411
10,"Panchayat Union Primary School, North Side Building West Facing North East Wing, Pennagar-604210","[1].Pennagar (R.V.) & (P), Achary Street, [2].Pennagar (R.V.) & (P), Mariyamman Kovil Street, [3].Pennagar (R.V) & (P), Perumal Kovil Street, [4].Pennagar (R.V) & (P), Naidu Street,  [5].Pennagar (R.V) & (P), Allikuttai,  [6].Pennagar (R.V.) & (P),
Ummaiyan Thangal,  [7].Pennagar (R.V) & (P), Pennagar Colony",All India Anna Dravida Munnetra Kazhagam,12.093023255813954
13,"Panchayat Union Elementary School, New Building, Chinnagaram-604210","[1].Chinnagaram (R.V) & (P), Mariyamman Kovil Street,  [2].Chinnagaram (R.V) & (P), Ricemill Street , [3].Chinnagaram (R.V) & (P), Pillaiyar Kovil Street, [4].Chinnagaram (R.V) & (P), Naidu Street, [5].Chinnagaram (R.V) & (P), Road Street, [6].Chinnagaram (R.V) & (P), Colony Mariyamman
Kovil Street,  [7].Chinnagaram (R.V) & (P), Kulakkarai Street",All India Anna Dravida Munnetra Kazhagam,10.474860335195531
15,"Panchayat Union Elementary School, East Wing, Thondur-604210","[1].Thondur (R.V) & (P), Perumal Kovil Street, [2].Thondur (R.V) & (P), Kanakkan Kulam, [3].Thondur (R.V) & (P), Colony Cement Salai, [4].Thondur (R.V) & (P), Colony Pillaiyar Kovil Street., [5].Thondur (R.V) & (P), Colony Mariyamman Kovil
Street,  [6].Thondur (R.V) & (P), Ambethkar Street",All India Anna Dravida Munnetra Kazhagam,3.7383177570093453
18,"Govt.Higher Secondary School, North Building West Wing,
Melolakkur-604203","[1].Melolakkur (R.V) & (P), Road Street, [2].MelOlakkur (R.V) & (P), Dhandu Mariyamman Koil Street,  [3].MelOlakkur (R.V) & (P), New Colony,
[4].MelOlakkur (R.V) & (P), Old Colony",All India Anna Dravida Munnetra Kazhagam,11.11111111111111
21,"Pandiyan Nethi Udhavi Elementary School, South Wing, Eachur-604203","[1].Eachur (R.V) & (P), Colony Thenpathy, [2].Eachur (R.V) & (P), New Colony",All India Anna Dravida Munnetra Kazhagam,3.733333333333334
24,"Government Higher Secondary School, South Building West Wing, Illodu-604210","[1].Illodu (R.V) & (P), Colony Road Street,  [2].Illodu (R.V) & (P), Colony Pillaiyar Koil Street,  [3].Illodu (R.V) & (P), Colony Mariyamman Koil Street,  [4].Illodu (R.V) & (P), Colony Ambethkar Street,  [5].Illodu (R.V) & (P), Karananthal Pillaiyar Koil Street,  [6].Illodu (R.V) & (P), Karananthal Mettu Street,  [7].Illodu (R.V) & (P),
Karananthal Ammachar Koil Street",Desiya Murpokku Dravida Kazhagam,1.7875920084121977
25,"Government Higher Secondary School, South Building East Wing, Illodu-604210","[1].Illodu (R.V) & (P), Ricemil Street,  [2].Illodu (R.V) & (P), Eswaran Kovil Street,  [3].Illodu (R.V) & (P), Karnan Street,  [4].Illodu (R.V) & (P), Kulathu Street, [5].Illodu (R.V) & (P), Throwpathiyamman Koil Street, [6].Illodu (R.V) & (P), Achari Street.,  [7].Illodu (R.V) & (P), Mariyamman Koil Street,  [8].Illodu (R.V) & (P), Chinnakulam Street,  [9].Illodu (R.V) & (P), Group
House Street,  [10].Iiiodu (R.V) & (P), M.G.R. Nagar Street",All India Anna Dravida Munnetra Kazhagam,11.650485436893204
26,"Panchayat Union Elementary School, North Building, Sandisatchi-604210","[1].Sandisathchi (R.V) & (P), Koil Street, [2].Sandisatchi (R.V) & (P), School Street, [3].Sandisatchi (R.V) & (P), Mettu Street,
[4].Sandisatchi (R.V) & (P), Irular Street",All India Anna Dravida Munnetra Kazhagam,8.020477815699659
27,"Panchayat Union Library, North Wing South Facing,
Mahadevimangalam-604210","[1].Mahadevimangalam (R.V) & (P), Vinayakar Koil Street,  [2].Mahadevimangalam  (R.V) & (P), Mariyamman Kovil Street,  [3].Mahadevimangalam (R.V) & (P), Throwpathiyamman  Koil Street, [4].Mahadevimangalam (R.V) &  (P), Pajanai Koil Street,  [5].Mahadevimangalam (R.V) &  (P), Thoppu
Street.,  [6].Mahadevimangalam (R.V) & (P), Colony Street",All India Anna Dravida Munnetra Kazhagam,12.681159420289855
28,"Panchayat Union Primary School, South Building East Wing North Facing, Kariyamangalam-604210","[1].Kariyamangalam (R.V) & (P), Pajanai Koil Street, [2].Kaiyamanglam (R.V) & (P), Pillaiyar oil Street, [3].Kariyamangalam (R.V) & (P), Kuyavar Street, [4].Kariyamangalam  (R.V) & (P), Vettaikaran Street, [5].Kariyamangalam  (R.V) & (P), Colony Street,
[6].Kariyamangalam (R.V) & (P), Road Street",All India Anna Dravida Munnetra Kazhagam,0.7309941520467835
30,"Panchayat Union Middle School, Melkalavai-604208","[1].Melkalavai (R.V) & (P), Kalathumettu Street, [2].Melkalavai (R.V) & (P), Neganur Road Pallikuda
Street,  [3].Melkalavai (R.V) & (P), Kalvai Street, [4].Melkalavai (R.V) & (P), Colony",All India Anna Dravida Munnetra Kazhagam,6.47921760391198
35,"Community Hall, Sethuvarayanallur-604203","[1].Sethuvarayanallur (R.V) & Aviyur (P), Pajanai Koil Street,  [2].Sethuvarayanallur  (R.V) & Aviyur (P), Pillaiyar Koil Street,  [3].Sethuvarayanallur (R.V) & Aviyur (P), Kulakarai Street,  [4].Sethuvarayanallur (R.V) & Aviyur (P), Vaikkal Street,
[5].Sethuvarayanallur (R.V) & Aviyur (P), Colony",All India Anna Dravida Munnetra Kazhagam,5.215419501133787
36,"Panchayat Union Elementary School, West Building, Agalur-604203","[1].Agalur (R.V) & (P), Jain Street,  [2].Agalur (R.V)  & (P), Udaiyar Street,  [3].Agalur (R.V) & (P), Yathavar Street,  [4].Agalur (R.V) & (P), Chettiyar Street, [5].Agalur (R.V) & (P), Main Road,  [6].Agalur (R.V) &
(P), School Street,  [7].Agalur (R.V) & (P),
MumMoorthy Street,  [8].Agalur (R.V) & (P), Othavadai Street,  [9].Agalur (R.V)  & (P), New Colony",Desiya Murpokku Dravida Kazhagam,0.6944444444444444
37,"Panchayat Union Middle School, East Building North Wing, Aviyur-604203","[1].Aviyur (R.V) & (P), Palla Street,  [2].Aviyur (R.V) & (P), Pajanai Koil Street,  [3].Aviyur (R.V) & (P), Mettu Street,  [4].Aviyur (R.V) & (P), Kulakarai Street, [5].Aviyur (R.V) & (P), Main Road,  [6].Aviyur (R.V) &
(P), Old colony,  [7].Aviyur (R.V) & (P), New Colony",All India Anna Dravida Munnetra Kazhagam,7.553191489361702
40,"Panchayat Union Elementary School, Virpattu-604206","[1].Virpattu (R.V) & Aviyur (P), Pillaiyar Koil Street, [2].Virpattu (R.V) & Aviyur (P), Earikarai Street, [3].Virpattu (R.V) & Aviyur (P), School Street, [4].Virpattu (R.V) & Aviyur (P), Kulakarai Street,
[5].Virpattu (R.V) & Aviyur (P), Main Road,  [6].Virpattu (R.V) & Aviyur (P), Colony",All India Anna Dravida Munnetra Kazhagam,11.978221415607985
41,"Panchayat Union Elementary School, North Side South Wing,
Ananthur-604202","[1].Ananthur (R.V) & (P), Vannankollai Street, [2].Ananthur (R.V) & (P), Post Office Street, [3].Ananthur (R.V) & (P), Pillaiyar Koil Street, [4].Ananthur (R.V) & (P), Mettu Street,  [5].Ananthur (R.V) & (P), Colony Street,  [6].Ananthur (R.V) & (P), Amman Koil Street,  [7].Ananthur (R.V) & (P), School
Street",All India Anna Dravida Munnetra Kazhagam,3.9603960396039604
42,"Panchayat Union Elementary School, West Wing North Facing, Perumbugai-604202","[1].Perumpugai (R.V) & (P), Colony,  [2].Perumpugai (R.V) & (P), Main Road,  [3].Perumpugai (R.V) & (P), Jainer Koil Street,  [4].Perumpugai (R.V) & (P), New Colony Street,  [5].Perumpugai (R.V) & (P), Mettu Street,  [6].Perumpugai (R.V) & (P), Pallikuda Street, [7].Perumpugai (R.V) & (P), Mariyamman Koil Street, [8].Perumpugai (R.V) & (P), Pillaiyar Koil Street, [9].Perumpugai (R.V) & (P), Manthaiveli Colony, [10].Perumpugai (R.V) & (P), Arunthathiyar Colony, [11].Perumpugai (R.V) & (P), Kulathankarai Street,
[12].Perumpugai (R.V) & (P), Irular Colony",All India Anna Dravida Munnetra Kazhagam,11.464354527938344
46,"Panchayat Union Middle School, West Building West Wing North Facing, Kadambur-604206","[1].Kadambur (R.V) & (P), Ambethkar Street, [2].Kadambur (R.V) & (P), Balwadi Street, [3].Kadambur (R.V) & (P), Mariyamman Koil Street, [4].Kadambur (R.V) & (P), Pillaiyar Koil Street, [5].Kadambur (R.V) & (P), Main Road,  [6].Kadambur
(R.V) & (P), Kulathumedu  Street",Tamilaga Vettri Kazhagam,7.71513353115727
47,"Panchayat Union Primary School, North Building West Wing South Facing, Kalaiyur-604206","[1].Kalaiyur (R.V) &  (P), Mariyamman Koil Street, [2].Kalaiyur (R.V) &  (P), Palla Street,  [3].Kalaiyur (R.V) &  (P), Adidravidar Colony",All India Anna Dravida Munnetra Kazhagam,1.8900343642611683
50,"Sri Parsuvanathar Government Higher Secondary School, North Building East Wing, Melsithamur-604206","[1].Melsithamoor (R.V) & (P), Jainar Madathu Street, [2].Melsithamoor (R.V) & (P), West Colony, [3].Melsithamoor (R.V) & (P), Kalleri",Tamilaga Vettri Kazhagam,1.2048192771084338
51,"Sri Parsuvanathar Government Higher Secondary School, North Building West Wing, Melsithamur-604206","[1].Melsithamoor (R.V) & (P), Melathoor Road, [2].Melsithamoor (R.V) & (P), Ottar Street, [3].Melsithamoor (R.V) & (P), Kulakarai Street, [4].Melsithamoor (R.V) & (P), Jainar North Street, [5].Melsithamoor (R.V) & (P), Palla Street, [6].Melsithamoor (R.V) & (P), East Colony,
[7].Melsithamoor (R.V) & (P), Earikkarai",Tamilaga Vettri Kazhagam,10.939907550077042
55,"Panchayat Union Middle School, Arugavur-604203","[1].Arugavoor (R.V) & (P), Road Street,  [2].Arugavoor (R.V) & (P), Colony Road Street, [3].Arugavoor (R.V) & (P), Middle Street,  [4].Arugavoor (R.V) & (P), Madhakoil Street, [5].Arugavoor (R.V) & (P), Mayana  Street, [6].Arugavoor (R.V) & (P), Eswaran Koil Street, [7].Arugavoor (R.V) & (P), Mettu Street,  [8].Arugavoor
(R.V) & (P), Road Street",All India Anna Dravida Munnetra Kazhagam,2.0891364902506964
60,"Government Higher Secondary School, South Building,
Veeranamur-604203","[1].Veeranamoor (R.V) & (P), Pillaiyar Koil Street (K), [2].Veeranamoor (R.V) & (P), Mariyamman Koil
Street.,  [3].Veeranamoor (R.V) & (P), Valluvar Street",Tamilaga Vettri Kazhagam,7.35930735930736
62,"Panchayat Union Middle School, East Building South Wing,
Melathipakkam-604207","[1].Melathipakkam (R.V) & (P), Jain Street, [2].Melathipakkam (R.V) & (P), Palla Street, [3].Melathipakkam (R.V) & (P), Mettu Street, [4].Melathipakkam (R.V) & (P), Eagali Street, [5].Melathipakkam (R.V) &  (P), Mariyamman Kovil
Street,  [6].Melathipakkam (R.V) & (P), Kulakarai Street,  [7].Melathipakkam (R.V) & (P), Road Street",Desiya Murpokku Dravida Kazhagam,1.675977653631285
63,"Panchayat Union Middle School, West Building Road Side,
Melathipakkam-604207","[1].Melathipakkam (R.V) & (P), Murugan Kovil Street, [2].Melathipakkam (R.V) & (P), Naidu Street,
[3].Melathipakkam (R.V) & (P), Middle Street Colony, [4].Melathipakkam (R.V) & (P), Udaiyar Street",Desiya Murpokku Dravida Kazhagam,1.0447761194029852
64,"Panchayat Union Elementary School, Neerperunthagaram-604207","[1].Neerperuthagaram (R.V) & (P), Main Street, [2].Neerperuthagaram (R.V) & (P), Mettu Street, [3].Neerperuthagaram (R.V) & (P), Mariyamman Koil Street (Colony ),  [4].Neerperuthagaram (R.V) & (P), Aggaragarath Street,  [5].Neerpuruthagaram (R.V) & (P), Palla Street,  [6].Neerperuthakaram (R.V)  & (P), Middle Street,  [7].Neerperuthagaram (R.V) & (P), Earikkarai Street,  [8].Neerperuthakaram (R.V) & (P),
Kulakkarai Street",All India Anna Dravida Munnetra Kazhagam,17.397078353253654
67,"Hindu Aided Elementary School, Melsiviri-604207","[1].Melsiviri (R.V) &  (P), Kezhandai Street, [2].Melsiviri (R.V) & (P), Melandai Street,  [3].Melsiviri (R.V) & (P), Nadu Street,  [4].Melsiviri (R.V) &  (P), Perumal Koil Street,  [5].Melsiviri (R.V) & (P), Colony
Street,  [6].Melsiviri (R.V) & (P), Colony East Street",All India Anna Dravida Munnetra Kazhagam,2.08
68,"Panchayat Union Elementary School, Athipakkam-604207","[1].Athipakkam & Nedunthandi (R.V) & Athipakkam (P), Periya Kovil Street,  [2].Athipakkam & Nedunthandi (R.V) & Athipakkam (P), Pillaiyar Kovil Street,  [3].Athipakkam &Nedunthandi (R.V) & Athipakkam (P), Nayakkar Street,  [4].Athipakkam & Nedunthandi (R.V) & Athipakkam (P), Mariyamman Kovil Street (Colony),  [5].Athipakkam & Nedunthandi (R.V) & Athipakkam (P), Mariyamman Kovil Street (Attipakkam),  [6].Athipakkam & Nedunthandi (R.V) & Athipakkam (P), Nedunthandi kulathu Street, [7].Athipakkam & Nedunthandi (R.V) & Athipakkam (P), Pillaiyar Kovil  Street,  [8].Athipakkam & Nedunthandi (R.V) & Athipakkam (P), Mariyamman Kovil Street,  [9].Athipakkam & Nedunthandi (R.V) &
Athipakkam (P), Bairogi Street (Nedunthandi)",Tamilaga Vettri Kazhagam,7.0142180094786735
73,"R.C. Elementary School, Elamangalam-604206","[1].Elamangalam (R.V) & (P), Jainar Street, [2].Elamangalam (R.V) & (P), Yadhavar Street, [3].Elamangalam (R.V) & (P), Mariyamman Koil Street, [4].Elamangalam (R.V) & (P), Otta Street, [5].Elamangalam (R.V) & (P), Odai Street, [6].Elamangalam (R.V) & (P), Main Road, [7].Elamangalam (R.V) & (P), Pudhur Pillaiyar Koil Street,  [8].Elamangalam (R.V) & (P), Mariyamman Koil Street,  [9].Elamangalam (R.V) & (P), Madha Koil
Street,  [10].Elamangalam (R.V) & (P), New Colony, [11].Elamangalam (R.V) & (P), Kuppam Road",All India Anna Dravida Munnetra Kazhagam,14.83790523690773
75,"Panchayat Union Middle School, Additional Building North Wing,
Vizhukkam-604206","[1].Vizhukkam (R.V) & (P), Old Colony North Street, [2].Vizhukkam (R.V) & (P), Old Colony Mariyamman
Koil Street,  [3].Vizhukkam (R.V) & (P), New Colony",Tamilaga Vettri Kazhagam,3.9492242595204514
76,"Panchayat Union Middle School, Konakkampattu-604206","[1].Vizhukkam (R.V) & (P), Konakkampattu Main Street,  [2].Vizhukkam  (R.V) & (P), Konakkampattu School Street,  [3].Vizhukkam (R.V) & (P), Konakkampattu Tindivanam Gingee Salai, [4].Vizhukkam (R.V) & (P), Konakkampattu
Malaiyampattu",All India Anna Dravida Munnetra Kazhagam,10.854503464203233
78,"Panchayat Union Middle School, East Facing Middle Wing,
Deevanur-604206","[1].Deevanur (R.V) & (P), Rajiv Gandhi Nagar, [2].Deevanur (R.V) & (P), Rajiv Gandhi Nagar, [3].Deevanur (R.V) & (P), Rajiv Gandhi Nagar, [4].Deevanur (R.V) & (P), Gingee Main Road,
[5].Deevanur (R.V) & (P), Rettanai Road,  [6].Deevanur (R.V) & (P), Uthukuttaicolony Main Road",Tamilaga Vettri Kazhagam,9.31899641577061
83,"Panchayat Union Primary School, North Building West Wing,
Agoor-604207","[1].Agoor (R.V) & (P), Old  Colony Kezh Street,
[2].Agoor (R.V) & (P), Road Street,  [3].Agoor (R.V) & (P), New Colony,  [4].Agoor (R.V) & (P), Mannampoodi",Desiya Murpokku Dravida Kazhagam,2.5578562728380025
84,"Government High School, North Building East Wing South Facing, Puliyanur-604207","[1].Puliyanur (R.V) & (P), Edapalayam,  [2].Puliyanur (R.V) & (P), School Steet,  [3].Puliyanur (R.V) & (P), Kuyavar Palayam,  [4].Puliyanur (R.V) & (P), Irular Street,  [5].Puliyanur (R.V) & (P), Pillayar Koil Street, [6].Puliyanur (R.V) & (P), Mariyaman Koil Street, [7].Puliyanur (R.V) & (P), Reddiyar Street, [8].Puliyanur (R.V) & (P), Maniyakarar Street, [9].Puliyanur (R.V) & (P), Vathiyar Street,
[10].Puliyanur (R.V) & (P), Kottakara Street",Tamilaga Vettri Kazhagam,5.9625212947189095
85,"Government High School, North Facing East Wing, Puliyanur-604207","[1].Puliyanur (R.V)  & (P), Arunthathiyar Palayam, [2].Puliyanur (R.V) & (P), Colony Mel Side, [3].Puliyanur (R.V) & (P), Colony Keel Side, [4].Puliyanur (R.V) & (P), Erikodi Street,  [5].Puliyanur (R.V) & (P), Nadu Street,  [6].Puliyanur (R.V) & (P),
Sirunangur",Tamilaga Vettri Kazhagam,8.161044613710555
86,"Thiru. Vi.Ka. Aided Primary School, South Building East Wing,
Thaniyal-604207","[1].Thaniyal (R.V) & (P), Eswaran Koil Street,, [2].Thaniyal (R.V) & (P), Kupera Vinayagar Street, [3].Thaniyal (R.V) & (P), Kudumi Santhu,  [4].Thaniyal (R.V) & (P), Pillaiyar Koil Street,  [5].Thaniyal (R.V) & (P), Kamarajar Street,  [6].Thaniyal (R.V) & (P), Valluvar Street,,  [7].Thaniyal (R.V) & (P), Palaiyam Street,  [8].Thaniyal (R.V) & (P), Irular Street, [9].Thaniyal (R.V) & (P), Koothadi Kudisai Street,
[10].Thaniyal (R.V) & (P), Mettu Street,  [11].Thaniyal (R.V) & (P), Odai Street",Tamilaga Vettri Kazhagam,2.9904306220095696
87,"Panchayat Union Middle School, South Building East Wing North Facing, Vadasiruvalur-604207","[1].Vadasiruvalur (R.V) & (P), Perumal Koil Street, [2].Vadasiruvalur (R.V) & (P), Vinayagar Koil Street No.1,  [3].Vadasiruvalur (R.V) & (P), Kuyavar Street, [4].Vadasiruvalur (R.V) & (P), School Street, [5].Vadasiruvalur (R.V) & (P), Mariyamman Kovil Street No.1,  [6].Vadasiruvalur (R.V) & (P), Malligapuram Street,  [7].Vadasiruvalur (R.V) & (P), Sutar Oli Nagar,  [8].Vadasiruvalur (R.V) & (P), Anchaneyar Kovil Street,  [9].Vadasiruvalur (R.V) &
(P), Thathar Street",All India Anna Dravida Munnetra Kazhagam,14.06896551724138
88,"Panchayat Union Middle School, South Building West Wing North Facing, Vadasiruvalur-604207","[1].Vadasiruvalur (R.V) & (P), Nagavaram Street, [2].Vadasiruvalur (R.V) & (P), Vinayagar Koil Street No.3,  [3].Vadasiruvalur (R.V) & (P), Mariyamman Kovil Street ,  [4].Vadasiruvalur (R.V) & (P), Palvadi Street,  [5].Vadasiruvalur (R.V) & (P), Rediyokottagai Street,  [6].Vadasiruvalur (R.V) & (P), Pillaiyar Koil Street,  [7].Vadasiruvalur (R.V) & (P), Group House
Street",Desiya Murpokku Dravida Kazhagam,1.366742596810934
90,"Government Higher Secondary School, North Building West Wing RMSA, Vellimedupettai-604207","[1].Puthananthal & Vellimedupettai (R.V) & Vellimedupettai (P), Thattara Street  Puthananthal, [2].Puthananthal & Vellimedupettai (R.V) & Vellimedupettai (P), Puliyanthoppu Street Puthananthal,  [3].Puthananthal & Vellimedupettai (R.V) & Vellimedupettai (P), Eswaran Koil Street Puthananthal,  [4].Puthananthal & Vellimedupettai (R.V) & Vellimedupettai (P), Main Road Puthananthal, [5].Puthananthal & Vellimedupettai (R.V) & Vellimedupettai (P), Perumal Koil Street Vellimedu, [6].Puthananthal & Vellimedupettai (R.V) & Vellimedupettai (P), Middle Street Vellimedu, [7].Puthananthal & Vellimedupettai (R.V) & Vellimedupettai (P), Mairyamman Street Vellimedu, [8].Puthananthal & Vellimedupettai (R.V) & Vellimedupettai (P), Colony Road Vellimedu, [9].Puthananthal & Vellimedupettai (R.V) & Vellaimedupettai (P), Colony Vellimedu, [10].Puthananthal & Vellimedupettai (R.V) &
Vellimedupettai (P), Ottai Cheti Street Vellimedu",All India Anna Dravida Munnetra Kazhagam,5.217391304347826
91,"Government Higher Secondary School, North Building East Wing, Vellimedupettai-604207","[1].Puthananthal & Vellimedupettai (R.V) Vallaimadupattai (P), Chetti Street,  [2].Puthananthal Vellimadupattai (R.V) & Vellimadupattai  (P), Nainar Street Puthananthal,  [3].Puthanathal & Vellimedupettai (R.V) & Vellimedupettai (P), 3 Vaniyar Street Puthananthal,  [4].Puthananthal & Vellimedupettai (R.V) & Vellimedupettai (P), Vaniya Pilliyar Koil Street Puthananthal,  [5].Puthananthal & Vellimedupettai (R.V) & Vellimedupettai (P), Puthananthal perumal Koil Street Puthananthal, [6].Puthananthal & Vellaimedupettai (R.V) & Valleimedupettai (P), Sekumedu Street Puthananthal, [7].Puthananthal & Vellimedupettai (R.V) &
Vellimedupettai (P), Mettu Street Puthananthal",All India Anna Dravida Munnetra Kazhagam,8.842443729903538
93,"Panchayat Union Primary School, South Building North Facing, Kezhmalaiyanur-604207","[1].Singanikuppam (R.V) & Dhathapuram (P), Keezhmalaiyanur Mairyamman Koil Street, [2].Singanikuppam (R.V) & Dhathapuram (P), Keezhmalaiyanur Main Road,  [3].Singanikuppam (R.V) & Dhathapuram (P), Earikkarai Irular Street,
[4].Singanikuppam (R.V) & Dhathapuram (P), Veeranayakulam",Tamilaga Vettri Kazhagam,1.214574898785425
98,"Panchayat Union Elementary School, Melmavilangai-604207","[1].Melmavilangai (R.V) & (P), Pillaiyar Koil  Street, [2].Melmavilangai (R.V) & (P), Nadu  Street, [3].Melpakkam (R.V) & Melmavilangai (P), Colony Street,  [4].Melpakkam (R.V) & Melmavilngai (P), Highway Street,  [5].Melpakkam (R.V) & Melmavilangai (P), Ponniyamman Koil Street, [6].Kalapakkam (R.V) & Melmavilangai (P), Kalapakkam Mariyamman koil Street,  [7].Kalpakkam (R.V) & Melmavilangai (P), Kalpakkam Colony Street, [8].Kalpakkam (R.V) & Melmavilangai (P), Kalpakkam Pillaiyar Kovil Street,  [9].Kalpakkam (R.V) &
Melmavilangai (P), Mettu Street",All India Anna Dravida Munnetra Kazhagam,11.514392991239049
99,"Panchayat Union Elementary School, Vadampoondi-604207","[1].Vadampoondi (R.V) & (P), Vadampoondi North Street,  [2].Vadampoondi (R.V) & (P), Thirowpathiyamman Koil Street,  [3].Peraperi (R.V) & Vadampoondi  (P), Yadava Street,  [4].Peraperi (R.V) & Vadampoondi (P), Erular Clonoy,  [5].Peraperi (R.V) & Vadampoondi (P), Vinyagapuram,  [6].Peraperi
(R.V) & vadampoondi (P), Vinayagapuram Road Annan Nagar",All India Anna Dravida Munnetra Kazhagam,15.477996965098633
101,"Panchayat Union Elementary School, Grandipuram-604207","[1].Kirandipuram (R.V) & (P), North Street, [2].Kirandipuram (R.V) & (P), Nadu  Street, [3].Kirandipuram (R.V) & (P), South Street, [4].Kirandipuram (R.V) & (P), Erikarai  Street, [5].Kirandipuram (R.V) & (P), Kalingamadath Street, [6].Kirandipuram (R.V) & (P), Colony Mariyamman Kovil Street,  [7].Kirandipuram (R.V) & (P), New Colony,  [8].Kirandipuram (R.V) & (P), Mettoor, [9].Kirandipuram (R.V) & (P), Irular Colony,
[10].Kirandipuram (R.V) & (P), Malaimedu",Tamilaga Vettri Kazhagam,0.8413461538461539
102,"Thiruvalluvar Higher Secondary School, Karuvapakkam-604207","[1].Karuvampakkam (R.V) & (P), North Street, [2].Karuvampakkam (R.V) & (P), Nadu Street, [3].Karuvampakkam (R.V) & (P), South Street, [4].Karuvampakkam (R.V) & (P), Othavadai Street, [5].Karuvampakkam (R.V) & (P), Old Colony, [6].Karuvampakkam (R.V) & (P), Mettu Colony, [7].Karuvampakkam (R.V) & (P), Govindapuram Mariyamman Koil Street,  [8].Karuvampakkam (R.V) &
(P), Govidapuram Kuttu Road,  [9].Karuvampakkam (R.V) & (P), Peraperi Kuttu Road",All India Anna Dravida Munnetra Kazhagam,4.836601307189543
104,"Panchayat Union Elementary School, Melathanur-604207","[1].Melathanur &Ammanapakkam (R.V) & Melathanur(P), Palla Street,  [2].Melathanur & Ammanampakkam (R.V) & Melathanur (P), Ration kadai Street,  [3].Melathanur  & Ammanampakkam (R.V) & Melathanur (P), Mettu Street,  [4].Melathanur & Ammanampakkam (R.V) & Melathanur (P), Pookkadai Veethi,  [5].Malathanur & Ammanampakkam (R.V) & Melathanur (P), Theedirpuram Street,  [6].Melathanur & Ammanampakkam (R.V) & Melathanur  (P), Mariyamman Koli Street,  [7].Melathanur & Ammanampakkam (R.V) & Melathanur  (P), New
Colony",All India Anna Dravida Munnetra Kazhagam,8.859060402684564
105,"Panchayat Union Elementary School, South Building,
Ammanampakkam-604207","[1].Melathanur & Ammanampakkam (R.V) & Melathanur  (P), Ammanmpakkam Pillaiyar Koil Street, [2].Melathanur  & Ammanampakkam (R.V) Melathanur (P), Pajanai  Koil Street,  [3].Melathanur & Ammanampakkam (R.V) & Melathanur (P), Mariyamman Koil Street,  [4].Melathanur &
Ammanampakkam (R.V) & Melathanur(P), New Colony",Desiya Murpokku Dravida Kazhagam,5.194805194805195
107,"Panchayat Union Middle School, North Wing West Building,
Vairapuram-604207","[1].Vairapuram (R.V) & (P), Thengapakkam,
[2].Vairapuram (R.V) & (P), Old Colony, [3].Vairapuram (R.V) &  (P), New Colony",All India Anna Dravida Munnetra Kazhagam,1.7837235228539576
108,"Panchayat Union Elementary School, Evalur-604307","[1].Evalur (R.V) & (P), Water Tank Street,  [2].Evalur (R.V) & (P), Pillaiyar Koil Street,  [3].Evalur (R.V) & (P), Mariyamman Koil Street,  [4].Evalur (R.V) & (P),
Matha Koil Street",Desiya Murpokku Dravida Kazhagam,0.9900990099009901
109,"Government Adidravidar Elementary School, East Building,
Keelkaranai-604307","[1].Keezhkarani (R.V) & (P), Keezhkaranai Mariyamman Koil Street,  [2].Keezhkaranai (R.V) & (P), Keezhkaranai Murukan Koil Street,
[3].Keezhkaranai (R.V) &  Purangarai (P), Keezhkaranai Muthumariyamman Koil Street",All India Anna Dravida Munnetra Kazhagam,3.5940803382663846
110,"Panchayat Union Elementary School, North Building East Wing South Facing, Purangarai-604307","[1].Purangarai (R.V)& (P), Purangarai  Mariyamman koil Street,  [2].Purangarai (R.V) & (P), Purangarai Matha Koil Street,  [3].Purangarai (R.V) & (P),
Ambethkar  Street Purangarai ,  [4].Keezhkaranai (R.V) & (P), Purangarai  Mariyamman koil Street",Desiya Murpokku Dravida Kazhagam,1.9430051813471503
111,"Panchayat Union Elementary School, Sathanur-604307","[1].Sathanur (R.V) Sitheripattu (R.V) & Sathanur  (P), New Colony,  [2].Sathanur (R.V) Sitheripattu (R.V) & Sathanur (P), Perumal Koil Street,  [3].Sathanur (R.V) Sitheripattu (R.V) & Sathanur  (P), Mariyamman Koil Street,  [4].Sathanur (R.V) Sitheripattu (R.V) & Sathanur  (P), Earikkarai  Street,  [5].Sathanur (R.V) Sitheripattu (R.V) & Sathanur  (P), Sitheripattu Mariyamman Koil Street,  [6].Sathanur (R.V) Sitheripattu (R.V) &  Sathanur (P), Sitheripattu Erikarai Street,  [7].Sathanur (R.V) Sitheripattu (R.V)  Sathanur
(P), Setheripattu Mathu Street",All India Anna Dravida Munnetra Kazhagam,9.480812641083523
112,"Bharathi Middle School, T.Panchalam-604307","[1].T.Panchalam (R.V) & (P), Old Kalani,
[2].T.Panchalam (R.V) & (P), Old Kalani, [3].T.Panchalam (R.V) & (P), Mariyamman Kovil Street,  [4].T.Panchalam (R.V) & (P), Throwpathiayamman Koil Veethi,  [5].T.Panchalam (R.V)  & (P), Pillayair Koil Street,  [6].T.Panchalam (R.V) & (P), Aimbethkar Kuddirpu Colony,
[7].T.Panchalam (R.V) & (P), Kalainar Karunanithi Nagar",Tamilaga Vettri Kazhagam,4.540295119182747
114,"Panchayat Union Middle School, South Building, Melpakkam-604001","[1].Melpakkam (R.V) & (P), Reddiyar Street, [2].Melpakkam (R.V) &  (P), Mettu Street, [3].Melpakkam (R.V) & (P), Pillaiyar  Koil Street, [4].Melpakkam (R.V) & (P), Pajanai Koil Street,
[5].Melpakkam (R.V) &  (P), Palla Street",All India Anna Dravida Munnetra Kazhagam,3.244005641748942
115,"Puliyur Mariyamman Kovil Government Aided Primary School,
Neikuppi-604207","[1].Neikuppi (R.V) & (P), Renugambal Veethi, [2].Neikuppi (R.V) & (P), New Colony,  [3].Neikuppi
(R.V) & (P), Selvi Amman Veethi",Tamilaga Vettri Kazhagam,0.2724795640326975
116,"Library Building, Neikuppi-604207","[1].Puliyur (R.V) & Neikuppi (P), Mariyamman Koil Veethi,  [2].Puliyur (R.V) & Neikuppi (P), Reddiyar Street,  [3].Puliyur (R.V) & Neikuppi (P), Throwpathiyamman Koil Street,  [4].Puliyur (R.V) & Neikuppi (P), Christiyan Street,  [5].Puliyur (R.V) &
Neikuppi (P), Udaiyar Street",Tamilaga Vettri Kazhagam,3.894080996884735
127,"Panchayat Union Room, Pelakuppam-604207","[1].Pelakuppam (R.V) & (P), Erikkarai Street, [2].Pelakuppam (R.V) & (P), Pillaiyar  Koil Street, [3].Pelakuppam (R.V) & (P), Pajanai Koil Street, [4].Pelakuppam (R.V) & (P), Panaimarathu Salai Street,  [5].Pelakuppam (R.V) & (P), Pazhaya colony Mariyamman Koil Street,  [6].Pelakuppam (R.V) & (P),
Anna Nagar Colony",All India Anna Dravida Munnetra Kazhagam,2.4242424242424243
128,"Adidravidar Welfare Primary School, Old Building, Pelakuppam-604207","[1].Pelakuppam (R.V) & (P), Ambethkar Nagar, [2].Pelakuppam (R.V) & (P), New Colony, [3].Pelakuppam (R.V) & (P), Kamarajar Colony,
[4].Pelakuppam (R.V) & (P), Main Road",Tamilaga Vettri Kazhagam,4.892086330935252
129,"Aided Elementary School, Muttiyur-604302","[1].Muttiyur (R.V) & Pelakuppam (P), Mettu Street, [2].Muttiyur (R.V) & Pelakuppam (P), Palla Street,
[3].Muttiyur (R.V) & Pelakuppam (P), Mariyamman Koil Street",Desiya Murpokku Dravida Kazhagam,8.710033076074973
131,"Panchayat Union Primary School, East Wing, Vempoondi-604302","[1].Vempoondi (R.V) & pelakuppam (P), Old Colony Murugan Koil Street,  [2].Vempoondi (R.V) & Pelakuppam (P), New Colony",Tamilaga Vettri Kazhagam,6.268958543983821
132,"Government High School, New Building East Wing, Kollar-604206","[1].Kollar (R.V) & (P), Palla Street",Tamilaga Vettri Kazhagam,1.059001512859304
133,"Government High School, Main Building Room No.1, Kollar-604206","[1].Kollar (R.V) & (P), Colony Mettu Street,  [2].Kollar (R.V) & (P), Colony Main Road,  [3].Kollar (R.V) & (P), Colony Gandhi Nagar",Tamilaga Vettri Kazhagam,3.9938556067588324
134,"Government High School, Kollar-604206","[1].Kollar (R.V) & (P), Erikkarai Street,  [2].Kollar (R.V) & (P), Mariyamman Koil Street,  [3].Kollar (R.V) & (P), Middle Street,  [4].Kollar (R.V) & (P), Odaikarai Street,  [5].Kollar  (R.V) & (P), Vallalar Street, [6].Kollar (R.V) & (P), Main Road,  [7].Kollar (R.V) & (P), Kottakarai Street,  [8].Kollar  (R.V) & (P), Thoppu
Side,  [9].Kollar (R.V) & (P), Madura Kudisaipalayam",All India Anna Dravida Munnetra Kazhagam,14.456630109670987
135,"Panchayat Union Primary School, Salai-604206","[1].Salai (R.V) & (P), Pillaiyar Kovil Street,  [2].Salai (R.V) & (P), Middle Street,  [3].Salai (R.V) & (P), Main Road,  [4].Salai (R.V) & (P), Kulakkarai Street,
[5].Salai (R.V) & (P), Mariyamman Kovil Street",All India Anna Dravida Munnetra Kazhagam,7.346938775510205
138,"Government High School, South Building East Wing, Asoor-604207","[1].Asur (R.V) & (P), Main Road,  [2].Asur (R.V) & (P), School Street,  [3].Asur (R.V) & (P), Colony 1st Street, [4].Asur (R.V) & (P), Colony  2nd Street,  [5].Asur
(R.V) & (P), Colony 3rd Street,  [6].Asur (R.V) & (P), Colony 4th Street,  [7].Asur (R.V) & (P), Colony 5th
Street,  [8].Asur (R.V) & (P), New Colony",All India Anna Dravida Munnetra Kazhagam,0.4261363636363636
143,"Government High School, South Building West Wing, Vallam-604206","[1].Vallam (R.V) & (P), Mariyamman Koil Street, [2].Vallam (R.V) & (P), Narayanaguru Street, [3].Vallam (R.V) & (P), Jegajanandha Street, [4].Maruderi (R.V) & Vallam (P), Subbiya  Street, [5].Maruderi (R.V) &  Vallam (P), Ambethkar Street, [6].Maruderi (R.V) & Vallam (P), Maruderi Salai, [7].Maruderi (R.V) & Vallam (P), Beemnagar,
[8].Maruderi (R.V) & Vallam (P), Kongarappattu  Salai",All India Anna Dravida Munnetra Kazhagam,5.219206680584551
144,"Panchayat Union Primary School, East Building North Wing West
Facing, Modaiyur-604206","[1].Modaiyur (R.V) & (P), Mariyamman Koil Street",Tamilaga Vettri Kazhagam,5.067064083457526
150,"Panchayat Union Middle School, SSA Building West Wing, Kurinjipai-604205","[1].Kurinjippai  (R.V) & (P), Malaipuram Street, [2].Kurinjippai  (R.V) & (P), Kulakkarai Street, [3].Kurinjippai  (R.V) & (P), Colony,  [4].Kurinjippai
(R.V) & (P), Arunthathiyar Colony,  [5].Kurinjippai (R.V) & (P), Mariyamman Koil Street",All India Anna Dravida Munnetra Kazhagam,13.672922252010725
151,"Pandiyan Aided Elementary School, Thuduppakkam-604205","[1].Thudupakkam (R.V) & (P), North Street, [2].Thudupakkam (R.V) & (P), East Street, [3].Thudupakkam (R.V) & (P), South Street, [4].Thudupakkam (R.V) & (P), Middle Street, [5].Thudupakkam (R.V) & (P), West Street, [6].Thudupakkam (R.V) & (P), Kulathumedu, [7].Thudupakkam (R.V) & (P), Kattukotta Street,
[8].Thudupakkam (R.V) & (P), Colony, [9].Thudupakkam (R.V) & (P), Arunthathiyar Colony",All India Anna Dravida Munnetra Kazhagam,14.316012725344645
152,"VPRC Building, Centre Wing West Facing, Old Sorathur-604205","[1].Sorathur (R.V) &  (P), Mariyamman Koil Street, [2].Sorathur (R.V) &  (P), New Street,  [3].Sorathur (R.V) &  (P), Kamarajar Street,  [4].Sorathur (R.V) & (P), Pallikuda Street,  [5].Sorathur (R.V) &  (P), Middle
Street",Desiya Murpokku Dravida Kazhagam,3.672316384180791
153,"Panchayat Union Muslim Elementary School, New Building South Facing,
Sorathur-604205","[1].Sorathur (R.V) & (P), Perumal Koil Street, [2].Sorathur (R.V) &  (P), Vellakulathu Street,
[3].Sorathur (R.V) &  (P), Gori Street",Desiya Murpokku Dravida Kazhagam,25.523560209424083
157,"E-Service Centre, West Building North Wing South Facing,
Thiruvampattu-604205","[1].Vadatharam (R.V) & Thiruvampattu (P), Vadatharam Mettu Street,  [2].Vadatharam (R.V) & Thiruvampattu (P), Vadatharam Middle Street, [3].Vadatharam (R.V) & Thiruvampattu (P), Old Colony,  [4].Vadatharam (R.V) & Thiruvampattu (P), New Colony,  [5].Vadatharam (R.V) & Thiruvampattu (P), Kalaingar Street,  [6].Vadatharam (R.V) & Thiruvampattu (P), Kamarajar Street,  [7].Vadatharam (R.V) & Thiruvampattu (P), Kamban Street, [8].Vadatharam (R.V) & Thiruvampattu (P), Madha Koil Street,  [9].Vadatharam (R.V) & Thiruvampattu (P), Rajivgandhi Street,  [10].Vadatharam (R.V) &
Thiruvampattu (P), Indiragandhi Street",Tamilaga Vettri Kazhagam,3.259452411994785
159,"Panchayat Union Elementary School, East Building North Wing West Facing, Kelpappambadi-604205","[1].Thaiyur (R.V) Kezhpappampadi (P), Colony Street,  [2].Thaiyur (R.V) Kezhpappampadi (P), Road Street,  [3].Thaiyur (R.V) Kezhpappampadi (P),
Kallankuthu  Street,  [4].Thaiyur (R.V) Kezhpappampadi (P), Iyyanar Koil Street",All India Anna Dravida Munnetra Kazhagam,13.12803889789303
162,"Panchayat Union Elementary School, West Wing, Kammandur-604206","[1].Kammandur  (R.V) & (P), Vadavanda Street, [2].Kammandur  (R.V) & (P), Mel Street, [3].Kammandur (R.V) & (P), Koil Street, [4].Kammandur (R.V) & (P), KeelStreet, [5].Kammandur (R.V) & (P), South Street, [6].Kammandur (R.V) &  (P), Middle Street, [7].Kammandur (R.V) &  (P), Earth Street,
[8].Kammandur (R.V) &  (P), Koottu Road",All India Anna Dravida Munnetra Kazhagam,2.8446389496717726
163,"Panchayat Union Elementary School, East Wing, Kammandur-604206","[1].Kammandur (R.V) &  (P), Colony,  [2].Kammandur
(R.V) &  (P), Pandiyankulam,  [3].Kammandur (R.V) & (P), Mariyamman Koil Street",Desiya Murpokku Dravida Kazhagam,7.152875175315568
167,"Panchayat Union Primary School, North Building South Facing 3rd Room, Melsevur-604306","[1].Melsevur (R.V) & (P), Mariyamman Koil Street, [2].Melsevur (R.V) & (P), Vinayagar Koil Street, [3].Melsevur (R.V) & (P), Mestri Street,  [4].Melsevur (R.V) & (P), Mettu Street,  [5].Melsevur (R.V) & (P), Murugan Koil Street,  [6].Melsevur (R.V) & (P), Citybabu  Nagar,  [7].Melsevur (R.V) & (P), Kalathumettu Street,  [8].Melsevur (R.V) & (P), Forest East Street,  [9].Melsevur (R.V) & (P), Madha Koil Street,  [10].Melsevur (R.V) & (P), Middle Veethi,
[11].Melsevur (R.V) & (P), School Street",All India Anna Dravida Munnetra Kazhagam,12.81198003327787
171,"Panchayat Union Middle School, Kelmampattu-605651","[1].Kezhmampattu (R.V) & (P), Kalathu Mettu Street, [2].Kezhmampattu (R.V) & (P), Pallikuda Street, [3].Kezhmampattu (R.V) & (P), Pajanai Koil Street, [4].Kezhmampattu (R.V) & (P), Main Road, [5].Kilmampattu (R.V) & (P), Vinayagar  Koil Street, [6].Kezhmampattu (R.V) & (P), Nadu Street, [7].Kezhmampattu (R.V) & (P), Mariyamman Koil
Street",All India Anna Dravida Munnetra Kazhagam,12.055837563451776
173,"Roman Catholic Govt Aided Elementary School, North Building East Wing South Facing, Keezhvailamur-605651","[1].Errampattu (R.V) & Kezhvailamur (P), Colony Main Road,  [2].Errampattu (R.V) &Kezhvailamur (P), Matha Koil Street,  [3].Errampattu (R.V) &Kezhvailamur (P), Pillaiyar  Koil Street, [4].Errampattu (R.V) &Kezhvailamur (P), Pillaiyar  Koil Street,  [5].Errampattu (R.V) &Kezhvailamur (P),
Sdukattupathai",Tamilaga Vettri Kazhagam,2.0
175,"Sacred Heart Higher Secondary School, West Wing, Aniladi-605651","[1].Anilady (R.V) & Vilvamadevi (P), Pillaiyar  Kovil Street,  [2].Anilady (R.V) & Vilvamadevi (P), Road Street,  [3].Anilady (R.V) & Anilady (P), Kottaratath
Street",Desiya Murpokku Dravida Kazhagam,0.16750418760469013
176,"Sacred Heart Higher Secondary School, East Wing, Aniladi-605651","[1].Anilady (R.V) & Vilvamadevi (P), Siluvaimara Street,  [2].Anilady (R.V) & Anilady (P), Vannarapettai Street,  [3].Anilady (R.V) & Anilady (P), Madhakoil Street,  [4].Anilady (R.V) & Anilady (P), Othavadai
Street,  [5].Anilady (R.V) & Anilady (P), Siluvai Marakurukku Street",Tamilaga Vettri Kazhagam,5.623901581722319
181,"Roman Catholic Aided Elementary School, West Wing, Kalladikuppam-605651","[1].Kalladikuppam (R.V) & (P), Reddiyar Street, [2].Kalladikuppam (R.V) & (P), Chinnapillaiyar Street, [3].Kalladikuppam  (R.V) & (P), Kaman Koil Street, [4].Kalladikuppam (R.V) & (P), Anchaneyar Koil Street, [5].Kalladikuppam (R.V) & (P), Mariyamman Koil Street,  [6].Kalladikuppam (R.V) & (P), Pillaiyar Koil
Street",All India Anna Dravida Munnetra Kazhagam,11.84573002754821
182,"Panchayat Union Elementary School, Marur-605651","[1].Marur (R.V) & (P), Main Road,  [2].Marur (R.V) &
(P), Thoppu,  [3].Marur (R.V) & (P), Colony Street,
[4].Marur (R.V) & (P), Vanniyar Street,  [5].Marur (R.V) & (P), Achari Street,  [6].Marur (R.V) & (P), Old Rise Mil,  [7].Marur (R.V) & (P), Kuyavar Street,  [8].Marur (R.V) & (P), Mariyamman Koil Street,  [9].Marur (R.V)
& (P), Madha Koil Street,  [10].Marur (R.V) & (P), Tank Street,  [11].Marur (R.V) & (P), Manthakarai",All India Anna Dravida Munnetra Kazhagam,21.812749003984063
183,"Noon Meal Centre, Naganthur-605651","[1].Naganthoor (R.V) & (P), Chinna Naganthur, [2].Naganthoor (R.V) & (P), Kootroad,  [3].Naganthoor (R.V) & (P), Maignanapuram,  [4].Naganthoor (R.V)  & (P), Kalar,  [5].Naganthoor (R.V) & (P), Aathankarai, [6].Naganthoor (R.V) & (P), Reddiyar Street, [7].Naganthoor (R.V) & (P), Periyanaganthoor, [8].Naganthoor (R.V) & (P), Old Colony,
[9].Naganthoor (R.V) & (P), New Colony",Tamilaga Vettri Kazhagam,0.11235955056179776
184,"Panchayat Union Middle School, Thalavalappattu-605651","[1].Thalavalapattu (R.V) & (P), Mariyamman Koil Street,  [2].Thalavalapattu (R.V) & (P), School Street, [3].Thalavalapattu (R.V) & (P), Kulakkarai Street, [4].Thalavalapattu (R.V) & (P), Kamaraj Street, [5].Thalavalapattu (R.V) & (P), Old Colony,
[6].Thalavalapattu (R.V) & (P), New Colony",Tamilaga Vettri Kazhagam,0.26690391459074736
185,"Panchayat Union Primary School, North Building West Wing, V.Nallalam-605651","[1].V.Nallalam (R.V) & V. Nallalam (P), Pillaiyar  Kovil Street,  [2].V.Nallalam (R.V) & V. Nallalam (P), Kuttai Street,  [3].V.Nallalam (R.V) & V. Nallalam (P), Othavadai Street,  [4].V.Nallalam (R.V) & V. Nallalam (P), Reddiyar Street,  [5].V.Nallalam (R.V) & V.
Nallalam (P), Matha Koil Street,  [6].V.Nallalam (R.V) & V. Nallalam (P), New Colony",Tamilaga Vettri Kazhagam,14.049586776859504
186,"R.C Government Aided Primary School, North Wing East Facing, V.Panchalam-605651","[1].V.Panjalam (R.V) & V. Nallalam (P), Vaniyambadi Street,  [2].V.Panjalam (R.V) & V. Nallalam (P), Muthiyalpettai Street,  [3].V.Panjalam (R.V) & V. Nallalam (P), Karumariyamman Koil Street, [4].V.Panchalam (R.V) & V. Nallalam (P), Mariyamman Kovil Street,  [5].V.Panchalam (R.V) & V. Nallalam (P), New Matha Koil Street,  [6].V.panchalam (R.V) & V.
Nallalam (P), New Colony",Tamilaga Vettri Kazhagam,11.784511784511785
188,"Panchayat Union Primary School, East Wing,
Se.Kothamangalam-605651","[1].Se.Kothamangalam( (R.V) & (P), Rice Mil Street, [2].Se.Kothamangalam( (R.V) & (P), Mariyamman Koil Street,  [3].Sa.Kothamangalam (R.V) & (P), South Street,  [4].Se.Kothamangalam( (R.V) & (P), New
Colony",Desiya Murpokku Dravida Kazhagam,4.368932038834951
192,"Panchayat Union primary School, South Side New Building, Rettanai-604306","[1].Rettanai (R.V) & (P), Thangasalai,  [2].Rettanai (R.V) & (P), Throwpathiyamman Koil Street, [3].Rettanai (R.V) & (P), Eswaran Koil Street, [4].Rettanai (R.V) & (P), Bazar Street,  [5].Rettanai (R.V) & (P), Reddiyar Street (East),  [6].Rettanai (R.V)
& (P), Reddiar Street",All India Anna Dravida Munnetra Kazhagam,13.198573127229487
196,"Government Higher Secondary School, North Building West Wing, Rettanai-604306","[1].Rettanai (R.V) & (P), Old Colony Mariyamman Koil Street,  [2].Rettanai (R.V) & (P), New Colony, [3].Rettanai (R.V) & (P), Matha Koil Street",Tamilaga Vettri Kazhagam,2.191780821917808
197,"Government Higher Secondary School, North Building Middle Wing, Rettanai-604306","[1].Rettanai (R.V) & (P), Pump House Colony, [2].Rettanai (R.V) & (P), Irular Side,  [3].Rettanai (R.V)
& (P), M.G.R Street,  [4].Rettanai (R.V) & (P),
Kulakkarai Street,  [5].Rettanai (R.V) & (P), East  area, [6].Rettanai (R.V) & (P), Mullapalayam",Tamilaga Vettri Kazhagam,1.486988847583643
199,"E-Service Centre, East Building Centre Wing West Facing, Venganthur-604306","[1].Venganthur ((R.V) & (P), Ponniyamman Koil Street,  [2].Venganthur (R.V) & (P), Iyyar Street, [3].Venganthur (R.V) & (P), Varattangulam, [4].Venganthur (R.V) & (P), Rice Mill Street,
[5].Venganthur (R.V) & (P), Main Road",All India Anna Dravida Munnetra Kazhagam,10.925306577480491
201,"Adidravidar Welfare Primary School, North Building South Facing, Venganthur-604306","[1].Venganthur (R.V) & (P), Colony Mariyamman Koil Street,  [2].Venganthur (R.V) & (P), Colony Murugan Koil Street",Tamilaga Vettri Kazhagam,4.931506849315069
203,"Panchayat Union Middle School, East Building North Wing,
Peramandur-604302","[1].Peramandur (R.V) & Peramandur (P), Main Road, [2].Peramandur (R.V) & Peramandur (P), Mettu Street, [3].Peramandur (R.V) & Peramandur (P), Arasamara Street,  [4].Peramandur (R.V) & Peramandur (P), Vannara Street,  [5].Peramandur (R.V) & Peramandur (P), Naidu Street,  [6].Peramandur (R.V) & Peramandur (P), Jain Street,  [7].Peramandur (R.V) & Peramandur (P), Pillayar Koil Street,  [8].Peramandur (R.V) & Peramandur (P), Perumal Koil Street, [9].Peramandur (R.V) & Peramandur (P), Periya Koil Street,  [10].Peramandur (R.V) & Peramandur (P), Perumal Koil Santhu,  [11].Peramandur (R.V) & Peramandur (P), Mudaliar Street,  [12].Peramandur (R.V) & Peramandur (P), Mandhaiveli Street, [13].Peramandur (R.V) & Peramandur (P), Othavadai Street,  [14].Peramandur (R.V) & Peramandur (P),
Erikkarai Street",All India Anna Dravida Munnetra Kazhagam,12.588832487309645
204,"Panchayat Union Middle School, Additional Building North Wing, Peramandur-604302","[1].Peramandur (R.V) & Peramandur (P), Mariyamman Koil Street,  [2].Peramandur (R.V) & Peramandur (P), Matha Koil Street,  [3].Peramandur (R.V) & Peramandur (P), Colony Palla Street, [4].Peramandur (R.V) & Peramandur (P), Colony
Periya Street",Tamilaga Vettri Kazhagam,4.275862068965517
205,"Panchayat Union Middle School, Additional Building South Wing, Peramandur-604302","[1].Peramandur (R.V) & Peramandur (P), Arichandiran Koil Street,  [2].Peramandur (R.V) & Peramandur (P), Colony Othavadai Street, [3].Peramandur (R.V) & Peramandur (P), Selliyamman Koil Street,  [4].Peramandur (R.V) & Peramandur (P),
Gopalapuram,  [5].Peramandur (R.V) & Peramandur (P), New Quarters",Tamilaga Vettri Kazhagam,4.00390625
213,"Adi Dravidar Welfare Primary School, Panthamangalam-604302","[1].T. Kenipattu (R.V) & (P), Tank Street, [2].Panthamangalam (R.V) & T.kenipattu(P), Amman Street,  [3].Panthamangalam (R.V) & T.Kenipattu (P), Anjaneyar Koil Street,  [4].Panthamangalam (R.V) & T.Kenipattu (P), Muthumariyamman Koil Street, [5].Panthamangalam (R.V) & T.Kenipattu (P), Colony
Gandhi Street",Tamilaga Vettri Kazhagam,1.4925373134328357
215,"Panchayat Union Primary School, West Building South Side, Kootteripattu-604302","[1].Kooteripattu (R.V) & (P), Rettanai Salai, [2].Kooteripattu (R.V) & (P), Chinna Valavanur Kalikoil Street,  [3].Kooteripattu (R.V) & (P), Chinna Valavanur Vinayagar Koil Street,  [4].Kooteripattu (R.V) & (P),
Muslim Street",Tamilaga Vettri Kazhagam,7.596899224806202
216,"Panchayat Union Primary School, Meeting Hall, Kootteripattu-604302","[1].Kooteripattu (R.V) & (P), Savadi Street, [2].Kooteripattu (R.V) & (P), Muthumariyamman Koil Street,  [3].Kooteripattu (R.V) & (P), Ellai Mariyamman Koil Street,  [4].Kooteripattu (R.V) & (P), Colony Mariyamman Koil Street,  [5].Kooteripattu (R.V) & (P),
Sarkar Kinaru Street",All India Anna Dravida Munnetra Kazhagam,0.15060240963855423
217,"Ganthi Kamala Nehru Govt High School, Middle Wing, Kootteripattu-604302","[1].Kooteripattu (R.V) & (P), National Highway. Viluppuram,  [2].Kooteripattu (R.V) & (P), Kooteripattu Santhai Veethi",Tamilaga Vettri Kazhagam,4.508856682769726
218,"Ganthi Kamala Nehru Govt High
School, East Wing, Kootteripattu-604302","[1].Kooteripattu (R.V) & (P), Kooteripattu Mailam
Salai,  [2].Kooteripattu (R.V) & (P), Convent Street, [3].Kooteripattu (R.V) & (p)P, Reddiar Street",Tamilaga Vettri Kazhagam,0.6593406593406593
222,"Government Higher Secondary
School, East Building West Wing Room No 8, Alagramam-604302","[1].Alagramam (R.V) & (P), Pillaiyar Koil Street,
[2].Alagramam (R.V) & (P), Kanniamman Koil Street, [3].Alagramam (R.V) & (P), Om Sakthi Koil Street",Tamilaga Vettri Kazhagam,3.2640949554896146
223,"Government Higher Secondary School, East Building Middle Wing Room No 6, Alagramam-604302","[1].Alagramam (R.V) & (P), Matha Koil Street, [2].Alagramam (R.V) & (P), Muthalamman Koil Street, [3].Alagramam (R.V) & (P), Mariyamman Koil Street,
[4].Alagramam (R.V) & (P), Indira Nagar",Desiya Murpokku Dravida Kazhagam,0.0
225,"Government High School, East Wing, Nedimozhiyanur-604306","[1].Nedimoziyanur (R.V) & (P), Ayyanar Koil Street, [2].Nedimoziyanur (R.V) & (P), Therodum Street, [3].Nedimoziyanur (R.V) & (P), Naduthittu, [4].Nedimoziyanur (R.V) & (P), Thandumariyamman Koil Street,  [5].Nedimoziyanur (R.V) & (P), Vaikkal Street,  [6].Nedimoziyanur (R.V) & (P), Gengaiamman Koil Street,  [7].Nedimoziyanur (R.V) & (P), Pillaiyar Koil Street,  [8].Nedimoziyanur (R.V) & (P),
Mariyamman Koil Street",All India Anna Dravida Munnetra Kazhagam,6.78391959798995
228,"Panchayat Union Primary School, East Building West Wing, Nedimozhiyanur-604306","[1].Nedimoziyanur (R.V) & (P), Ambedhkar Street, [2].Nedimoziyanur (R.V) & (P), Anna Street, [3].Nedimoziyanur (R.V) & (P), Pillaiyar Koil Street, [4].Nedimoziyanur (R.V) & (P), Kalaingar Street, [5].Nedimoziyanur (R.V) & (P), Periyandavar Street, [6].Nedimoziyanur (R.V) & (P), Ramabai Street, [7].Nedimoziyanur (R.V) & (P), Jayalalitha Street, [8].Nedimoziyanur (R.V) & (P), M.G.R Street, [9].Nedimoziyanur (R.V) & (P), Kakkan Street, [10].Nedimoziyanur (R.V) & (P), Pothiamman Koil Street,  [11].Nedimoziyanur (R.V) & (P), Othaivadai Street,  [12].Nedimozhiyanur (R.V) & (P), Neelathotti Mariamman Koil Street,  [13].Nedimoziyanur (R.V) & (P), Neelathotti Vinayagar Koil Street, [14].Nedimoziyanur (R.V) & (P), Neelathotti Gengaiamman Koil Street,  [15].Nedimoziyanur (R.V)
& (P), Giramani Street",Tamilaga Vettri Kazhagam,9.04645476772616
229,"Panchayat Union Primary School, North Facing Building, Sendiyampakkam-604302","[1].Sendiyampakkam (R.V) & (P), Mettu Street, [2].Sendiyampakkam (R.V) & (P), Nainar Koil Street, [3].Sendiyampakkam (R.V) & (P), Mariamman Koil Street,  [4].Sendiyampakkam (R.V) & (P), School Street,  [5].Sendiyampakkam (R.V) & (P), Bajanai Koil Street,  [6].Sendiyampakkam (R.V) & (P), S.N.R Street,  [7].Sendiyampakkam (R.V) & (P), Subramaniyar Street,  [8].Sendiyampakkam (R.V) & (P), Palvadi Street,  [9].Sendiyampakkam (R.V) & (P), Mini Tank Street,  [10].Sendiyampakkam (R.V) & (P), Kulakkarai Street,  [11].Sendiyampakkam (R.V) & (P), Ambedkar Street,  [12].Sendiyampakkam (R.V) & (P), Tank Street,  [13].Sendiyampakkam (R.V) & (P), North Street,  [14].Sendiyampakkam (R.V) & (P), Middle Street,  [15].Sendiyampakkam (R.V) & (P), South Street,  [16].Sendiyampakkam (R.V) & (P), Valluvar Street,  [17].Sendiyampakkam (R.V) & (P), Old Colony
Street",Tamilaga Vettri Kazhagam,4.332552693208431
233,"Integrated Child Development Scheme Center, West Facing Building, Periyathachur-605651","[1].Periyathachur (R.V) & (P), Ambedhkar Street, [2].Periyathachur (R.V) & (P), Middle Street, [3].Periyathachur (R.V) & (P), Erayanar Street, [4].Periyathachur (R.V) & (P), Mariyamman Koil Street,
[5].Periyathachur (R.V) & (P), New Colony",Tamilaga Vettri Kazhagam,24.928092042186
235,"Panchayat Union Primary School, East Facing, P.Agaram-605651","[1].Periyathachur (R.V) & (P), Agaram Cross Street, [2].Periyathachur (R.V) & (P), Agaram New Mariyamman Koil Street,  [3].Periyathachur (R.V) & (P), Agaram Pillaiyar Koil Street,  [4].Periyathachur (R.V) & (P), Agaram Old Mariyamman Koil Street, [5].Periyathachur (R.V) & (P), Salamadam
Mariyamman Koil Street",All India Anna Dravida Munnetra Kazhagam,16.252390057361378
236,"Government Higher Secondary School, South Building North Facing East Wing, Perani-605651","[1].Perani (R.V) & (P), School Street,  [2].Perani (R.V)
& (P), Nainar Street,  [3].Perani (R.V) & (P), Mettu Street,  [4].Perani (R.V) & (P), Kulathupattai Street,
[5].Perani (R.V) & (P), Murukkankadu Street",All India Anna Dravida Munnetra Kazhagam,16.283185840707965
237,"Government Higher Secondary School, East Building West Facing North Wing, Perani-605651","[1].Perani (R.V) & (P), Gingee Road Street, [2].Perani (R.V) & (P), Perumal Koil Street,  [3].Perani (R.V) & (P), Gopalakrishnar Koil Street,  [4].Perani (R.V) & (P), Palla Street,  [5].Perani (R.V) & (P),
Kaliyamman Koil Street",All India Anna Dravida Munnetra Kazhagam,3.0456852791878175
238,"Government Higher Secondary School, South Building North Facing West Wing, Perani-605651","[1].Perani (R.V) & (P), New Colony Street,  [2].Perani (R.V) & (P), Old Colony Street,  [3].Perani (R.V) & (P),
School Street,  [4].Perani (R.V) & (P), Ayyanarpuram Street",Tamilaga Vettri Kazhagam,7.476635514018691
240,"Panchayat Union Middle School, East Building, Chithani-605652","[1].Chithani  (R.V) & (P), Pillaiyar Koil Street, [2].Chithani (R.V) & (P), Pothiyamman Koil Street, [3].Chithani  (R.V) & (P), Vinayagar Koil Street, [4].Chithani  (R.V) & (P), Pothiyamman Koil Nedunth Street,  [5].Chithani  (R.V) & (P), Old Colony 1st Street,  [6].Chithani  (R.V) & (P), Old Colony 2nd Street,  [7].Chithani  (R.V) & (P), Group House 1st Street,  [8].Chithani  (R.V) & (P), Group House 2nd Street,  [9].Chithani  (R.V) & (P), Group House 3rd Street,  [10].Chithani  (R.V) & (P), Group House 4th
Street",All India Anna Dravida Munnetra Kazhagam,0.1183431952662722
241,"Panchayat Union Primary School, Ezhaay-605652","[1].Ezhaay (R.V) & Chithani (P), Mariyamman Koil Street,  [2].Ezhaay (R.V) & Chithani (P), Mahatma Gandhiji Street,  [3].Ezhaay (R.V) & Chithani (P), Valluvar Street,  [4].Ezhaay (R.V) & Chithani (P), Vikravandi Main Road,  [5].Ezhaay (R.V) & Chithani (P), New Colony,  [6].Ezhaay (R.V) & Chithani (P), J.J
Nagar",All India Anna Dravida Munnetra Kazhagam,1.0771992818671454
242,"Panchayat Union Primary School, Palapattu-604302","[1].Palapattu (R.V) & (P), Thandumariyamman Koil Street,  [2].Palapattu (R.V) & (P), Thandumariyamman Koil Cross Street,  [3].Palapattu (R.V) & (P), Colony Sellum Salai Street,  [4].Palapattu (R.V) & (P), Noon Meal Centre Street,  [5].Palapattu (R.V) & (P), Rest House Street,  [6].Palapattu (R.V) & (P), Mariyamman Koil Street,  [7].Palapattu (R.V) & (P), Pillaiyar Koil
Street,  [8].Palapattu (R.V) & (P), Bagavathar Street, [9].Palapattu (R.V) & (P), Tanker Street",Tamilaga Vettri Kazhagam,15.498154981549817
243,"Government High School, West Wing, Chendur-604302","[1].Chendur (R.V) & (P), Mettu Street,  [2].Chendur (R.V) & (P), Palla Street,  [3].Chendur (R.V) & (P), Old colony Mariyamman Koil Street,  [4].Chendur (R.V) & (P), Old Colony,  [5].Chendur (R.V) & (P), New Colony, [6].Chendur (R.V) & (P), New Colony Street, [7].Chendur (R.V) & (P), Ottarpalayam,  [8].Chendur
(R.V) & (P), New Colony Nedi",Tamilaga Vettri Kazhagam,9.441624365482234
244,"Government High School, North Wing, Chendur-604302","[1].Chendur (R.V) & (P), Main Road,  [2].Chendur
(R.V) & (P), Mailam Road,  [3].Chendur (R.V) & (P), Pillaiyar Koil Street,  [4].Chendur (R.V) & (P), Indira Nagar,  [5].Chendur (R.V) & (P), Koilkara Street, [6].Chendur (R.V) & (P), Neikara Street,  [7].Chendur (R.V) & (P), Mariyamman Koil Street,  [8].Chendur
(R.V) & (P), Perumal Koil Street",All India Anna Dravida Munnetra Kazhagam,11.739864864864865
245,"Thennarasu Aided Primary School, Vilangambadi-604302","[1].Vilangambadi (R.V) & (P), Kulathu Street, [2].Vilangambadi (R.V) & (P), Road Street, [3].Vilangambadi (R.V) & (P), Pillaiyar Koil Street 1, [4].Vilangambadi (R.V) & (P), Pillaiyar Koil Street 2, [5].Vilangambadi (R.V) & (P), Mariyamman Koil Street, [6].Vilangambadi (R.V) & (P), Kaman Koil Street, [7].Vilangambadi (R.V) & (P), Palla Street, [8].Vilangambadi (R.V) & (P), Colony 1st Street, [9].Vilangambadi (R.V) & (P), Colony 2nd Street, [10].Vilangambadi (R.V) & (P), Colony 3rd Street, [11].Vilangambadi (R.V) & (P), Colony 4th Street,
[12].Vilangambadi (R.V) & (P), Colony 5th Street, [13].Vilangambadi (R.V) & (P), Colony 6th Street",All India Anna Dravida Munnetra Kazhagam,7.042253521126761
246,"Panchayat Union Primary School, Edapalayam-604302","[1].Chinnanerkunam (R.V) & (P), Kaman Koil Street, [2].Chinnanerkunam (R.V) & (P), 1st Mettu Street, [3].Chinnanerkunam (R.V) & (P), Mariyamman Koil
Street,  [4].Chinnanerkunam (R.V) & (P), Colony Street",All India Anna Dravida Munnetra Kazhagam,1.9906323185011712
248,"Panchayat Union Primary School, West Building North Side, Chinnanerkunam-604302","[1].Chinnanerkunam (R.V) & (P), Mariyamman Koil Street,  [2].Chinnanerkunam (R.V) & (P), Iyyer Street, [3].Chinnanerkunam (R.V) & (P), Pillaiyar Koil Street, [4].Chinnanerkunam (R.V) & (P), Reddiyar Street,
[5].Chinnanerkunam (R.V) & (P), Post Office Street, [6].Chinnanerkunam (R.V) & (P), Colony Street",All India Anna Dravida Munnetra Kazhagam,4.616998950682056
250,"Panchayat Union Primary School, New Building North Side East Wing, Kolliyankunam-604304","[1].Kolliyangunam (R.V) & (P), Nallamoor Salai, [2].Kolliyangunam (R.V) & (P), Muthalamman Koil Street,  [3].Kolliyangunam (R.V) & (P), Gengaiyamman Koil Street,  [4].Kolliyangunam (R.V) & (P),
Mariyamman Koil Street",Tamilaga Vettri Kazhagam,4.3478260869565215
251,"Panchayat Union Primary School, New Building North Side West Wing, Kolliyankunam-604304","[1].Kolliyangunam (R.V) & (P), Mettu Street, [2].Kolliyangunam (R.V) & (P), Vinayagar Koil Street, [3].Kolliyangunam (R.V) & (P), New Colony 1st Street, [4].Kolliyangunam (R.V) & (P), New Colony 2nd Street, [5].Kolliyangunam  (R.V) (P), New Colony 3rd Street, [6].Kolliyangunam (R.V) & (P), New Colony 4th Street, [7].Kolliyangunam (R.V) & (P), Kali Koil Street,
[8].Kolliyangunam (R.V) & (P), Malaimedu",Tamilaga Vettri Kazhagam,16.74347158218126
253,"Panchayat Union Primary School, South Wing, Mailam-604304","[1].Mailam (R.V) & (P), Othavadai Street,  [2].Mailam (R.V) & (P), Old Colony Mariyamman Koil Street,
[3].Mailam (R.V) & (P), Arunthathiyar Street",All India Anna Dravida Munnetra Kazhagam,10.79136690647482
254,"Panchayat Union Middle School, North Wing Center Building, Mailam-604304","[1].Mailam (R.V) & (P), Palayam Street,  [2].Mailam (R.V) & (P), Udayar Street,  [3].Mailam (R.V) & (P), J.J
Nagar,  [4].Mailam (R.V) & (P), New Colony, [5].Mailam (R.V) & (P), Sannathi Street",All India Anna Dravida Munnetra Kazhagam,4.535398230088496
255,"Panchayat Union Middle School, West Wing, Mailam-604304","[1].Mailam (R.V) & (P), Sannathi Street Santhu, [2].Mailam (R.V) & (P), Thoppu Street,  [3].Mailam
(R.V) & (P), Kalikoil Street,  [4].Mailam (R.V) & (P),
Anna Nagar,  [5].Mailam (R.V) & (P), Pandithar Street, [6].Mailam (R.V) & (P), Kamarajar Nagar",Tamilaga Vettri Kazhagam,5.2521008403361344
257,"Panchayat Union Primary School, Thenkollapakkam-604304","[1].Thenkolapakkam (R.V) & (P), North Street, [2].Thenkolapakkam (R.V) & (P), 1st Cross Street, [3].Thenkolapakkam (R.V) & (P), Senkeniyamman Koil Street,  [4].Thenkolapakkam (R.V) & (P), Manthaiveli, [5].Thenkolapakkam (R.V) & (P), Second Cross Street, [6].Thenkolapakkam (R.V) & (P), Mariyamman Koil Street,  [7].Thenkolapakkam (R.V) & (P), New Colony 1st Street,  [8].Thenkolapakkam (R.V) & (P), New
colony 2nd Street,  [9].Thenkolapakkam (R.V) & (P), Jayalalitha Nagar 1st Street",All India Anna Dravida Munnetra Kazhagam,7.015457788347206
259,"Government Higher Secondary School, North Side West Wing, Thazhuthali-604304","[1].Thazhuthali (R.V) & (P), Mettu Street, [2].Thazhuthali (R.V) & (P), Pondy Salai, [3].Thazhuthali (R.V) & (P), Colony Street",All India Anna Dravida Munnetra Kazhagam,8.126858275520316
260,"Panchayat Union Primary School, Kanniyam-604304","[1].Kanniyam (R.V) & (P), Mettu Street,  [2].Kanniyam (R.V) & (P), Pillaiyar Koil Street,  [3].Kanniyam (R.V) & (P), Reddiyar Street,  [4].Kanniyam (R.V) & (P), Main Road Street,  [5].Kanniyam (R.V) & (P), Ayyanar Street,  [6].Kanniyam (R.V) & (P), MainRoad Mettu Street,  [7].Kanniyam (R.V) & (P), Road Street  Kurukku Street,  [8].Kanniyam (R.V) & (P), Palvadi Street,  [9].Kanniyam (R.V) & (P), Colony Road Street, [10].Kanniyam (R.V) & (P), Colony Old Street, [11].Kanniyam (R.V) & (P), Colony Mariyamman Koil Street,  [12].Kanniyam (R.V) & (P), New colony, [13].Kanniyam (R.V) & (P), New colony Kurukku
Street,  [14].Kanniyam (R.V) & (P), Ambedkar Street",All India Anna Dravida Munnetra Kazhagam,4.567901234567901
262,"Panchayat Union Primary School, Koralur-604304","[1].Koraloor (R.V) & Then alappakkam (P), East street,  [2].Koralur (R.V) & Then Alapakkam (P), West Street,  [3].Koralur (R.V) & Then Alapakkam (P), South Street,  [4].Koralur (R.V) & Then Alapakkam (P), Neduntheru,  [5].Koralur (R.V) & Then Alapakkam (P), Manthaiveli,  [6].Koralur (R.V) & Then Alapakkam (P), Colony,  [7].Koralur (R.V) & Then Alapakkam (P), Quarters,  [8].Koralur (R.V) & Then Alapakkam (P), Thenalapakkam Road,  [9].Koralur (R.V) & Then
Alapakkam (P), Alapakkam Ottu Colony",Desiya Murpokku Dravida Kazhagam,4.824561403508771
263,"Panchayat Union Middle School, West Building, Thenalapakkam-604304","[1].Then alapakkam  (R.V) & (P), Perumal Koil Street, [2].Then Alapakkam  (R.V) & (P), National Highway Street,  [3].Then Alapakkam  (R.V) & (P), Thiru Neelakandiyamman Street,  [4].Then Alapakkam
(R.V) & (P), East Street,  [5].Then Alapakkam (R.V) & (P), South Street,  [6].Then Alapakkam (R.V) & (P),
Colony Mariyamman Koil Street",All India Anna Dravida Munnetra Kazhagam,6.273764258555133
264,"Panchayat Union Middle School, East Wing, Thenalapakkam-604304","[1].Then Alapakkam (R.V) & (P), South Street, [2].Then Alapakkam (R.V) & (P), Colony Mettu Street,
[3].Then Alapakkam (R.V) & (P), Kulathankaraiyan Street",Tamilaga Vettri Kazhagam,2.690582959641256
266,"Government Higher Secondary School, West Wing South Side, Pathirapuliyur-604304","[1].Pathirapuliyur (R.V) & (P), Mariyamman Koil Street,  [2].Pathirapuliyur (R.V) & (P), South Mada Veethi,  [3].Pathirapuliyur (R.V) & (P), Mailam Road, [4].Pathirapuliyur (R.V) & (P), Thenalapakkam Road, [5].Pathirapuliyur (R.V) & (P), Trowpathiyamman Koil Street,  [6].Pathirapuliyur (R.V) & (P), Thoppu Street,
[7].Pathirapuliyur (R.V) & (P), Irular Street",All India Anna Dravida Munnetra Kazhagam,0.24213075060532688
267,"Panchayat Union Primary School, East Side North Building, Pathirapuliyur-604304","[1].Pathirapuliyur (R.V) & (P), New Colony, [2].Pathirapuliyur (R.V) & (P), Mettu Street, [3].Pathirapuliyur (R.V) & (P), Kattaiyan Street, [4].Pathirapuliyur (R.V) & (P), Eswaran Koil Street,
[5].Pathirapuliyur (R.V) & (P), Bethan Street",Desiya Murpokku Dravida Kazhagam,0.8281573498964804
272,"Government Higher Secondary School, West Side Middle Building, Veedur-605652","[1].Veedur (R.V) & (P), Thalayari Street,  [2].Veedur (R.V) & (P), Kiduvan Street,  [3].Veedur (R.V) & (P), Seera Street,  [4].Veedur (R.V) & (P), Perumal Koil
Street,  [5].Veedur (R.V) & (P), Komali Street",Desiya Murpokku Dravida Kazhagam,6.079404466501241
273,"Government Higher Secondary
School, West Side South Wing, Veedur-605652","[1].Veedur (R.V) & (P), Koonanpettai street, [2].Veedur (R.V) & (P), New Colony",Tamilaga Vettri Kazhagam,11.631799163179917
277,"Panchayat Union Elementary School, S.Kadur-604305","[1].Olakkur (R.V) & (P), S. kadur Village Street",All India Anna Dravida Munnetra Kazhagam,3.1609195402298855
