Polling_Station_No,location_clean,total of valid votes,Total_Independent_Votes,Winner_Party,Margin_Of_Victory,Independent_Vote_Share_%,Is_Spoiler_Risk
242,East Side Ayanpappakudi -625012,922,15,tamilaga vettri kazhagam,149,1.626898047722343,No
164,Soorakulam-625008,525,7,tamilaga vettri kazhagam,11,1.333333333333333,No
340,"Panchayat Union Elementary School Near H M Room
Tottiyapatti",383,5,dravida munnetra kazhagam,38,1.305483028720626,No
349,Nallur-625022,550,7,dravida munnetra kazhagam,24,1.272727272727273,No
323,Chinna Udaippu-625022,746,9,tamilaga vettri kazhagam,106,1.206434316353887,No
351,Virathanoor-625009,765,9,dravida munnetra kazhagam,71,1.176470588235294,No
343,"Nedumadurai-
625022",901,10,tamilaga vettri kazhagam,279,1.109877913429523,No
339,"central
building Periyaalangulam-625022",729,8,tamilaga vettri kazhagam,44,1.097393689986282,No
202,"Avaniyapuram -
625012",660,7,tamilaga vettri kazhagam,195,1.060606060606061,No
341,Othai Alangulam-625022,1002,10,tamilaga vettri kazhagam,9,0.998003992015968,Yes
344,"Nedumadurai-
625022",733,7,tamilaga vettri kazhagam,132,0.9549795361527967,No
326,Solankuruni- 625022,879,8,tamilaga vettri kazhagam,240,0.9101251422070534,No
346,Parapathi-625022,1107,10,tamilaga vettri kazhagam,423,0.9033423667570009,No
163,Soorakulam-625008,570,5,tamilaga vettri kazhagam,75,0.8771929824561403,No
216,Avaniapuram-625012,472,4,tamilaga vettri kazhagam,160,0.847457627118644,No
305,Puliyankulam-625201,728,6,tamilaga vettri kazhagam,162,0.8241758241758242,No
219,Avaniyapuram - 625012,373,3,tamilaga vettri kazhagam,81,0.8042895442359249,No
243,"Govt High School Main Building North Side Ayanppakudi -
625012",520,4,tamilaga vettri kazhagam,118,0.7692307692307693,No
258,Periyasamy Nagar Avaniyapuram,393,3,tamilaga vettri kazhagam,67,0.7633587786259541,No
37,"South building East
portion Keelakuilkudi-625019",661,5,tamilaga vettri kazhagam,167,0.7564296520423601,No
158,Koothiyarkundu-625008,540,4,tamilaga vettri kazhagam,60,0.7407407407407408,No
309,Silaiman-625201,681,5,tamilaga vettri kazhagam,21,0.7342143906020557,No
160,Koothiyarkundu-625008,546,4,dravida munnetra kazhagam,4,0.7326007326007326,No
50,Vedarpuliyankulam-625006,959,7,dravida munnetra kazhagam,31,0.7299270072992701,No
249,Center Portion Ayanpappakudi -625012,824,6,tamilaga vettri kazhagam,162,0.7281553398058253,No
88,"Thirunagar-
625006",553,4,tamilaga vettri kazhagam,176,0.7233273056057866,No
151,Nilaiyur-625005,701,5,tamilaga vettri kazhagam,271,0.7132667617689016,No
337,"Valayapatti -
625022",567,4,dravida munnetra kazhagam,54,0.7054673721340388,No
261,Chinna Anuppanadi-625009,851,6,tamilaga vettri kazhagam,38,0.7050528789659225,No
23,"Northern Portion
Nagamalai Pudukottai -625019",725,5,tamilaga vettri kazhagam,98,0.6896551724137931,No
10,Alampatti - 625019,601,4,tamilaga vettri kazhagam,112,0.6655574043261231,No
230,Avaniapuram-625012,766,5,tamilaga vettri kazhagam,4,0.6527415143603132,Yes
207,Avaniapuram-625012,619,4,tamilaga vettri kazhagam,165,0.6462035541195477,No
199,Avaniyapuram-625012,775,5,tamilaga vettri kazhagam,61,0.6451612903225806,No
8,Akshara Matriculaction School (East Portion) Rajambadi,315,2,tamilaga vettri kazhagam,21,0.6349206349206349,No
269,625009,790,5,tamilaga vettri kazhagam,246,0.6329113924050633,No
2,"Vellaiparaipatti-
625019",804,5,tamilaga vettri kazhagam,2,0.6218905472636816,Yes
94,Thirunagar-625006,485,3,tamilaga vettri kazhagam,78,0.6185567010309279,No
239,Centre Building Avaniapuram-625012,487,3,tamilaga vettri kazhagam,48,0.6160164271047228,No
288,Chinthamani-625009,813,5,tamilaga vettri kazhagam,192,0.6150061500615006,No
250,Room No 3 Thiruparankundram Road Avaniyapuram-625012,817,5,tamilaga vettri kazhagam,247,0.6119951040391677,No
35,Ben Matriculation School (Western Portion) Vadivelkarai,492,3,tamilaga vettri kazhagam,36,0.6097560975609756,No
271,Mela Anuppanadi -625009,494,3,tamilaga vettri kazhagam,149,0.6072874493927125,No
268,Chinthamani Road -625009,829,5,tamilaga vettri kazhagam,263,0.6031363088057901,No
235,Avaniapuram-625012,679,4,tamilaga vettri kazhagam,48,0.5891016200294551,No
66,Thanakkankulam-625006,857,5,tamilaga vettri kazhagam,178,0.5834305717619603,No
301,Viraganoor-625009,866,5,tamilaga vettri kazhagam,138,0.5773672055427251,No
233,Avaniapuram-625012,697,4,tamilaga vettri kazhagam,62,0.5738880918220948,No
287,Anganwadi Centre west side new building Chinthamani 625009,878,5,tamilaga vettri kazhagam,188,0.5694760820045558,No
240,Avaniapuram-625012,709,4,tamilaga vettri kazhagam,78,0.5641748942172073,No
270,Mela Anuppanadi -625009,714,4,tamilaga vettri kazhagam,155,0.5602240896358543,No
172,"North Side
Ayanpappakudi -625012",894,5,tamilaga vettri kazhagam,233,0.5592841163310962,No
332,Valayankulam-625022,895,5,tamilaga vettri kazhagam,199,0.5586592178770949,No
292,Iravthanallur-625009,897,5,tamilaga vettri kazhagam,70,0.5574136008918618,No
6,East Facing North Portion Nagamalaipudur Vadapalanji - 625019,724,4,tamilaga vettri kazhagam,59,0.5524861878453038,No
189,Villapuram,728,4,tamilaga vettri kazhagam,118,0.5494505494505495,No
42,(South side)Sakkilipatti-625021,546,3,all india anna dravida munnetra kazhagam,39,0.5494505494505495,No
327,Solankuruni - 625022,756,4,tamilaga vettri kazhagam,183,0.5291005291005291,No
294,Iravathanallur - 625009,952,5,tamilaga vettri kazhagam,295,0.5252100840336135,No
238,Avaniapuram,765,4,tamilaga vettri kazhagam,164,0.522875816993464,No
196,Avaniyapuram-625012,590,3,tamilaga vettri kazhagam,91,0.5084745762711864,No
167,Perungudi-625022,592,3,tamilaga vettri kazhagam,105,0.5067567567567568,No
286,Chinthamani Road -625009,798,4,tamilaga vettri kazhagam,218,0.5012531328320802,No
303,Viraganoor - 625009,599,3,tamilaga vettri kazhagam,35,0.5008347245409015,No
316,Panaiyur-625009,802,4,tamilaga vettri kazhagam,43,0.4987531172069825,No
73,Vilacheri-625006,807,4,dravida munnetra kazhagam,70,0.4956629491945477,No
293,Anganvadi Center Southern Side Iravthanallur-625009,810,4,tamilaga vettri kazhagam,48,0.4938271604938271,No
161,Karuvelampatti -625008,810,4,dravida munnetra kazhagam,17,0.4938271604938271,No
80,West Building South Portion Thirunagar-625006,622,3,tamilaga vettri kazhagam,49,0.482315112540193,No
224,Avaniyapuram -625012,625,3,tamilaga vettri kazhagam,107,0.48,No
64,"Thiruvalluvar nagar
Thanakkankulam-625006",839,4,tamilaga vettri kazhagam,205,0.4767580452920143,No
152,Nilaiyur-625005,843,4,tamilaga vettri kazhagam,295,0.4744958481613286,No
317,Samanatham-625009,846,4,tamilaga vettri kazhagam,147,0.4728132387706856,No
57,West Building West Portion Thanakankulam 625006,852,4,tamilaga vettri kazhagam,58,0.4694835680751174,No
248,Avaniapuram - 625012,854,4,tamilaga vettri kazhagam,199,0.468384074941452,No
126,Tiruparankundram -625005,855,4,tamilaga vettri kazhagam,144,0.4678362573099416,No
347,Eliyarpathi-625022,1078,5,tamilaga vettri kazhagam,110,0.463821892393321,No
320,Perumanendal-625012,865,4,tamilaga vettri kazhagam,20,0.4624277456647399,No
345,Parapathi-625022,870,4,tamilaga vettri kazhagam,408,0.4597701149425287,No
171,"East Building South Portion.
Perungudi -6250222",662,3,tamilaga vettri kazhagam,98,0.4531722054380665,No
335,Valayankulam-625022,884,4,tamilaga vettri kazhagam,222,0.4524886877828055,No
31,Nagamalai Pudukottai -625019,663,3,tamilaga vettri kazhagam,53,0.4524886877828055,No
91,Thirunagar-625006,665,3,tamilaga vettri kazhagam,98,0.4511278195488722,No
333,Valayankulam-625022,677,3,tamilaga vettri kazhagam,163,0.4431314623338257,No
154,Nilaiyur-625005,905,4,tamilaga vettri kazhagam,386,0.4419889502762431,No
203,Avanipuram -625012,679,3,tamilaga vettri kazhagam,231,0.4418262150220913,No
149,Nilaiyur-625005,682,3,tamilaga vettri kazhagam,340,0.4398826979472141,No
181,"4 std Class Room
Avaniyapuram-625012",683,3,tamilaga vettri kazhagam,138,0.4392386530014641,No
179,625012,687,3,tamilaga vettri kazhagam,146,0.4366812227074235,No
284,Chinthamani-625009,688,3,tamilaga vettri kazhagam,184,0.436046511627907,No
41,South building Melakuilkudi-625019,918,4,tamilaga vettri kazhagam,184,0.4357298474945534,No
140,South Building North side Room No-1,697,3,tamilaga vettri kazhagam,127,0.430416068866571,No
273,Mela Anuppanadi -625009,702,3,tamilaga vettri kazhagam,154,0.4273504273504274,No
328,South Building Solankuruni - 625022,706,3,tamilaga vettri kazhagam,142,0.424929178470255,No
142,North Side,706,3,tamilaga vettri kazhagam,154,0.424929178470255,No
43,Chinnasakkilipatti-625021,473,2,tamilaga vettri kazhagam,5,0.4228329809725159,No
352,Nedunkulam-625009,710,3,dravida munnetra kazhagam,10,0.4225352112676056,No
255,Madurai-625012,711,3,tamilaga vettri kazhagam,17,0.4219409282700421,No
36,"south building west
portion Keelakuilkudi-625019",714,3,dravida munnetra kazhagam,33,0.4201680672268908,No
247,West Side Ayanpappakudi -625012,724,3,tamilaga vettri kazhagam,159,0.4143646408839779,No
33,Vadivelkarai-625019,997,4,tamilaga vettri kazhagam,126,0.4012036108324975,No
193,-625012,748,3,tamilaga vettri kazhagam,113,0.4010695187165776,No
338,"Near
Gate Periyaalangulam-625022",998,4,tamilaga vettri kazhagam,6,0.4008016032064128,No
1,Vadapalanji -625019,754,3,all india anna dravida munnetra kazhagam,12,0.3978779840848806,No
217,South side South Portion Avaniyapuram,760,3,tamilaga vettri kazhagam,246,0.3947368421052632,No
313,East Side Panaiyur-625009,763,3,tamilaga vettri kazhagam,27,0.3931847968545216,No
280,"Mela Anuppanadi-
625012-625009",767,3,tamilaga vettri kazhagam,252,0.3911342894393742,No
253,Avaniyapuram-625012,779,3,tamilaga vettri kazhagam,36,0.3851091142490373,No
315,West Facing Room No 1 Kallambal- 625009,782,3,all india anna dravida munnetra kazhagam,130,0.3836317135549872,No
26,Kilaneri-625019,523,2,dravida munnetra kazhagam,50,0.3824091778202677,No
194,"North Portion M M C
Colony Avaniyapuram-625012",529,2,tamilaga vettri kazhagam,87,0.3780718336483932,No
124,Tiruparankundram -625005,796,3,tamilaga vettri kazhagam,106,0.3768844221105527,No
289,Chinthamani-625009,797,3,tamilaga vettri kazhagam,310,0.3764115432873275,No
132,Tiruparankundram -625005,801,3,tamilaga vettri kazhagam,104,0.3745318352059925,No
209,Center Room Avaniapuram-625012,810,3,tamilaga vettri kazhagam,252,0.3703703703703704,No
279,Mela Anuppanadi-625012-625009,823,3,tamilaga vettri kazhagam,281,0.3645200486026731,No
308,Silaiman-625201,824,3,tamilaga vettri kazhagam,114,0.3640776699029126,No
272,Mela Anuppanadi -625009,551,2,tamilaga vettri kazhagam,221,0.3629764065335753,No
51,Vedarpuliyankulam-625006,828,3,tamilaga vettri kazhagam,19,0.3623188405797101,No
74,Vilacheri-625006,828,3,tamilaga vettri kazhagam,8,0.3623188405797101,No
101,"East Portion Thiyagarajar
colony-625004",834,3,tamilaga vettri kazhagam,104,0.3597122302158274,No
291,Iravthanallur-625009,869,3,tamilaga vettri kazhagam,76,0.3452243958573072,No
157,Koothiyarkundu-625008,877,3,dravida munnetra kazhagam,87,0.3420752565564424,No
274,Mela Anuppanadi -625009,881,3,tamilaga vettri kazhagam,284,0.340522133938706,No
319,Perumanendal-625012,883,3,tamilaga vettri kazhagam,14,0.3397508493771235,No
120,Tiruparankundram-625005,591,2,tamilaga vettri kazhagam,50,0.338409475465313,No
229,Avaniyapuram -625012,592,2,tamilaga vettri kazhagam,74,0.3378378378378378,No
314,Panaiyur -625009,888,3,tamilaga vettri kazhagam,103,0.3378378378378378,No
281,Mela Anuppanadi-625009,904,3,tamilaga vettri kazhagam,230,0.331858407079646,No
220,Avaniapuram-625012,610,2,tamilaga vettri kazhagam,147,0.3278688524590164,No
155,"Nilaiyur-
625005",917,3,tamilaga vettri kazhagam,281,0.3271537622682661,No
107,Room No 6 Pasumalai-625004,613,2,tamilaga vettri kazhagam,56,0.3262642740619902,No
254,Avaniapuram -625012,617,2,tamilaga vettri kazhagam,115,0.3241491085899514,No
173,Ayanpappakudi -625012,927,3,tamilaga vettri kazhagam,289,0.3236245954692557,No
225,Avaniyapuram -625012,635,2,tamilaga vettri kazhagam,116,0.3149606299212598,No
44,Thenpalanji-625021,636,2,dravida munnetra kazhagam,10,0.3144654088050315,No
175,Avaniapuram-625012,644,2,tamilaga vettri kazhagam,175,0.3105590062111801,No
70,625006,648,2,dravida munnetra kazhagam,2,0.308641975308642,No
128,Tiruparankundram -625005,649,2,tamilaga vettri kazhagam,31,0.3081664098613252,No
28,Nagamalai Pudukottai-625019,652,2,tamilaga vettri kazhagam,22,0.3067484662576687,No
58,Thanakkankulam-625006,656,2,tamilaga vettri kazhagam,79,0.3048780487804878,No
214,Avaniapuram- 625012,659,2,tamilaga vettri kazhagam,204,0.3034901365705615,No
17,Nagamalaipudukkottai -625019,671,2,all india anna dravida munnetra kazhagam,18,0.2980625931445604,No
329,Parambupattii-625022,675,2,tamilaga vettri kazhagam,108,0.2962962962962963,No
241,Avaniapuram-625012,681,2,tamilaga vettri kazhagam,48,0.2936857562408223,No
208,Avanipuram- 625012,683,2,tamilaga vettri kazhagam,255,0.2928257686676428,No
148,Nilaiyur-625005,686,2,tamilaga vettri kazhagam,237,0.2915451895043732,No
103,Near Correspondent Room Pasumalai-625004,686,2,dravida munnetra kazhagam,8,0.2915451895043732,No
141,North Building South side Room No-2,691,2,tamilaga vettri kazhagam,150,0.2894356005788712,No
40,East building Melakuilkudi-625019,1037,3,dravida munnetra kazhagam,25,0.2892960462873674,No
259,Avaniapuram -625012,717,2,tamilaga vettri kazhagam,141,0.2789400278940028,No
348,Nallur-625022,719,2,tamilaga vettri kazhagam,38,0.2781641168289291,No
92,Thirunagar-625006,720,2,tamilaga vettri kazhagam,121,0.2777777777777778,No
84,West Building North Portion Thirunagar-625006,725,2,tamilaga vettri kazhagam,219,0.2758620689655172,No
85,Thirunagar-625006,726,2,tamilaga vettri kazhagam,117,0.2754820936639119,No
166,Perungudi-625022,728,2,tamilaga vettri kazhagam,195,0.2747252747252747,No
298,Viraganoor -625009,731,2,tamilaga vettri kazhagam,100,0.2735978112175103,No
204,Avaniapuram-625012,738,2,tamilaga vettri kazhagam,202,0.2710027100271002,No
183,"South Portion Room No 1
Karpagam Nagar Avaniyapuram-625012",741,2,tamilaga vettri kazhagam,160,0.2699055330634278,No
104,Near A H M Room Pasumalai-625004,742,2,tamilaga vettri kazhagam,78,0.2695417789757413,No
65,"Thanakkankulam-
625006",748,2,tamilaga vettri kazhagam,201,0.267379679144385,No
283,Chinthamani-625009,759,2,tamilaga vettri kazhagam,190,0.2635046113306983,No
188,(Near Avaniyapuram Out Post Police Station) -625012,759,2,tamilaga vettri kazhagam,184,0.2635046113306983,No
180,-625012,764,2,tamilaga vettri kazhagam,102,0.2617801047120419,No
306,Puliyankulam-625201,765,2,tamilaga vettri kazhagam,194,0.261437908496732,No
5,Muthupatti-625019,387,1,tamilaga vettri kazhagam,18,0.2583979328165375,No
302,Viraganoor - 625009,784,2,tamilaga vettri kazhagam,164,0.2551020408163265,No
123,MRCAS Manikam Ramaswami College of Arts & Science West Portion LH5 Room Tiruparankundram-625005,785,2,tamilaga vettri kazhagam,245,0.2547770700636943,No
96,Thirunagar-625006,785,2,tamilaga vettri kazhagam,103,0.2547770700636943,No
86,Thirunagar-625006,793,2,tamilaga vettri kazhagam,250,0.2522068095838588,No
15,Vijayalakshmi Sanjeevi malaiyan mazhalaiyar magizhvagam Primary School (Office Building) Theni Main Road,397,1,tamilaga vettri kazhagam,26,0.2518891687657431,No
62,Thanakkankulam-625006,794,2,tamilaga vettri kazhagam,145,0.2518891687657431,No
38,Keelakuilkudi-625019,794,2,tamilaga vettri kazhagam,13,0.2518891687657431,No
201,Karpagam Nagar Avaniyapuram,801,2,tamilaga vettri kazhagam,233,0.2496878901373283,No
125,Western portion Tiruparankundram - 625005,807,2,tamilaga vettri kazhagam,72,0.2478314745972739,No
282,(Near Anuppanadi Bus Stand)-625009,813,2,tamilaga vettri kazhagam,218,0.2460024600246002,No
185,Avaniyapuram - 625012,814,2,tamilaga vettri kazhagam,187,0.2457002457002457,No
24,"Southern Portion
Nagamalai Pudukottai -625019",816,2,tamilaga vettri kazhagam,98,0.2450980392156863,No
114,Thiruparankundram-625005,816,2,tamilaga vettri kazhagam,224,0.2450980392156863,No
117,Thiruparankundram-625005,832,2,tamilaga vettri kazhagam,184,0.2403846153846154,No
122,MRCAS Manikam Ramaswami College of Arts & Science Center Portion LH4 Room Tiruparankundram-625005,833,2,tamilaga vettri kazhagam,187,0.2400960384153661,No
222,Avaniapuram-625012,839,2,tamilaga vettri kazhagam,297,0.2383790226460071,No
52,Vedarpuliyankulam-625006,840,2,tamilaga vettri kazhagam,95,0.2380952380952381,No
334,"Centre
Portion Valayankulam-625022",847,2,tamilaga vettri kazhagam,216,0.2361275088547816,No
56,"West Building East
Portion Thanakankulam 625006",849,2,tamilaga vettri kazhagam,102,0.2355712603062426,No
252,Madurai-625012,854,2,tamilaga vettri kazhagam,194,0.234192037470726,No
263,625009,856,2,tamilaga vettri kazhagam,54,0.2336448598130841,No
156,Nilaiyur-625005,857,2,tamilaga vettri kazhagam,416,0.2333722287047841,No
312,Govt. Hr.Sec.School Southern Side Silaiman 625201,429,1,dravida munnetra kazhagam,7,0.2331002331002331,No
7,"East Facing West
Portion Nagamalaipudur Vadapalanji - 625019",440,1,dravida munnetra kazhagam,3,0.2272727272727273,No
262,Chinna Anuppanadi-625009,883,2,tamilaga vettri kazhagam,208,0.2265005662514157,No
134,X-Tiruparankundram -625005,884,2,tamilaga vettri kazhagam,119,0.2262443438914027,No
174,Ayanpappakudi- 625012,884,2,tamilaga vettri kazhagam,249,0.2262443438914027,No
297,"Eastern Building South portion 2nd
Room Iravthanallur-625009",884,2,tamilaga vettri kazhagam,192,0.2262443438914027,No
75,Thirunagar-625006,446,1,dravida munnetra kazhagam,6,0.2242152466367713,No
48,Thoppur-625008,899,2,tamilaga vettri kazhagam,120,0.2224694104560623,No
278,Mela Anuppanadi-625009,901,2,tamilaga vettri kazhagam,292,0.2219755826859046,No
153,Nilaiyur-625005,904,2,tamilaga vettri kazhagam,185,0.2212389380530974,No
129,Tiruparankundram -625005,904,2,tamilaga vettri kazhagam,180,0.2212389380530974,No
21,Nagamalai Pudukottai -625019,452,1,tamilaga vettri kazhagam,6,0.2212389380530974,No
118,HM Room Thiruparankundram-625005,911,2,tamilaga vettri kazhagam,241,0.2195389681668496,No
4,"East Building ( Southern Portion)
Vadapalanji Muthupatti-625019",924,2,tamilaga vettri kazhagam,89,0.2164502164502164,No
145,South Side,928,2,tamilaga vettri kazhagam,179,0.2155172413793103,No
244,Ayanpappakdui - 625012,470,1,dravida munnetra kazhagam,1,0.2127659574468085,No
331,Valayankulam-625022,941,2,tamilaga vettri kazhagam,251,0.2125398512221041,No
218,Avaniyapuram - 625012,481,1,tamilaga vettri kazhagam,97,0.2079002079002079,No
342,Kombadi -625022,983,2,dravida munnetra kazhagam,127,0.2034587995930824,No
321,Kusavankundu-625022,492,1,dravida munnetra kazhagam,23,0.2032520325203252,No
246,Avaniyapuram,495,1,tamilaga vettri kazhagam,81,0.202020202020202,No
177,Avaniyapuram -625012,498,1,tamilaga vettri kazhagam,131,0.2008032128514056,No
131,"East Building West
Portion Thiruparankundarm (East) -625005",516,1,tamilaga vettri kazhagam,51,0.1937984496124031,No
119,Tiruparankundram-625005,518,1,tamilaga vettri kazhagam,1,0.1930501930501931,No
322,Kusavankundu-625022,523,1,dravida munnetra kazhagam,22,0.1912045889101338,No
215,Avaniapuram-625012,526,1,tamilaga vettri kazhagam,141,0.1901140684410646,No
257,West Portion Periyasamy Nagar Avaniyapuram-625012,531,1,tamilaga vettri kazhagam,90,0.1883239171374765,No
34,Ben Matriculation School (East Portion) Vadivelkarai,534,1,tamilaga vettri kazhagam,31,0.1872659176029963,No
49,Munandipatti-625008,536,1,tamilaga vettri kazhagam,60,0.1865671641791045,No
245,Avaniyapuram -625012,540,1,tamilaga vettri kazhagam,159,0.1851851851851852,No
182,Avaniyapuram - 625012,545,1,tamilaga vettri kazhagam,116,0.1834862385321101,No
32,Nagamalai Pudukottai -625019,546,1,dravida munnetra kazhagam,34,0.1831501831501831,No
200,Avaniyapuram - 625012,548,1,tamilaga vettri kazhagam,52,0.1824817518248175,No
162,Karuvelampatti -625008,549,1,tamilaga vettri kazhagam,38,0.1821493624772313,No
330,Parambupattii-625022,557,1,tamilaga vettri kazhagam,72,0.1795332136445242,No
19,Nagamalai Pudhukkottai -625019,566,1,tamilaga vettri kazhagam,105,0.176678445229682,No
3,Vadapalanji -625019,577,1,dravida munnetra kazhagam,216,0.1733102253032929,No
11,(Western Portion) Alampatti - 625019,582,1,tamilaga vettri kazhagam,42,0.1718213058419244,No
71,625006,584,1,dravida munnetra kazhagam,47,0.1712328767123288,No
9,Akshara Matriculaction School (West Portion ) Rajambadi,584,1,tamilaga vettri kazhagam,115,0.1712328767123288,No
310,Road side new building Western portion 10th A Class Room Silaiman-625201,589,1,dravida munnetra kazhagam,336,0.1697792869269949,No
227,Avaniyapuram- 625012,602,1,tamilaga vettri kazhagam,188,0.1661129568106312,No
304,Puliyankulam -625201,603,1,dravida munnetra kazhagam,27,0.1658374792703151,No
205,Avaniapuram-625012,604,1,tamilaga vettri kazhagam,153,0.1655629139072848,No
226,Avaniyapuram -625012,621,1,tamilaga vettri kazhagam,179,0.1610305958132045,No
45,Thenpalanji-625021,631,1,dravida munnetra kazhagam,73,0.1584786053882726,No
78,(West Side) Thirunagar-625006,639,1,tamilaga vettri kazhagam,138,0.1564945226917058,No
221,Middle Building North Side Avaniyapuram-625012,640,1,tamilaga vettri kazhagam,178,0.15625,No
89,Thirunagar 625006,640,1,tamilaga vettri kazhagam,124,0.15625,No
121,MRCAS Manikam Ramaswami College of Arts & Science East Portion LH3 Room Tiruparankundram-625005,640,1,tamilaga vettri kazhagam,181,0.15625,No
251,625012,643,1,tamilaga vettri kazhagam,161,0.1555209953343701,No
111,East Building Northern Portion Thiruparankundram-625005,644,1,tamilaga vettri kazhagam,116,0.15527950310559,No
176,625012,648,1,tamilaga vettri kazhagam,114,0.154320987654321,No
138,Harveypatti-625005,654,1,tamilaga vettri kazhagam,82,0.1529051987767584,No
59,Thanakkankulam-625006,654,1,tamilaga vettri kazhagam,59,0.1529051987767584,No
12,Karadipatti -625019,663,1,tamilaga vettri kazhagam,31,0.1508295625942685,No
276,Mela Anuppanadi -625009,675,1,tamilaga vettri kazhagam,192,0.1481481481481481,No
311,"10 B Class
Room Silaiman-625201",678,1,tamilaga vettri kazhagam,84,0.1474926253687316,No
206,Avaniapuram -625012,680,1,tamilaga vettri kazhagam,94,0.1470588235294118,No
210,Avaniapuram-625012,681,1,tamilaga vettri kazhagam,246,0.1468428781204112,No
110,Thiruparankundram-625005,681,1,tamilaga vettri kazhagam,105,0.1468428781204112,No
77,Thirunagar-625006,687,1,tamilaga vettri kazhagam,65,0.1455604075691412,No
184,"West Center Portion
Karpagam Nagar Avaniyapuram-625012",698,1,tamilaga vettri kazhagam,98,0.1432664756446991,No
79,Thirunagar-625006,698,1,tamilaga vettri kazhagam,130,0.1432664756446991,No
299,Viraganoor -625009,710,1,tamilaga vettri kazhagam,179,0.1408450704225352,No
83,West Building Middle Portion (North Side) Thirunagar-625006,711,1,tamilaga vettri kazhagam,181,0.1406469760900141,No
63,"Thiruvalluvar nagar
Thanakkankulam-625006",715,1,tamilaga vettri kazhagam,99,0.1398601398601399,No
170,Perungudi-625022,721,1,tamilaga vettri kazhagam,142,0.1386962552011096,No
168,"East Building North Portion
Perungudi -625022",725,1,tamilaga vettri kazhagam,239,0.1379310344827586,No
113,Thiruparankundram-625005,733,1,tamilaga vettri kazhagam,117,0.1364256480218281,No
197,"MMC Colony
Avaniyapuram-625012",736,1,tamilaga vettri kazhagam,146,0.1358695652173913,No
186,Villapuram -625012,738,1,tamilaga vettri kazhagam,88,0.1355013550135501,No
144,North Side,740,1,tamilaga vettri kazhagam,88,0.1351351351351351,No
350,Virathanoor-625009,751,1,tamilaga vettri kazhagam,97,0.1331557922769641,No
307,Silaiman 625201,754,1,tamilaga vettri kazhagam,62,0.1326259946949602,No
98,Thirunagar-625006,765,1,tamilaga vettri kazhagam,222,0.130718954248366,No
61,Thanakkankulam-625006,780,1,tamilaga vettri kazhagam,86,0.1282051282051282,No
256,Madurai-625012,781,1,tamilaga vettri kazhagam,171,0.1280409731113956,No
97,Thirunagar-625006,782,1,tamilaga vettri kazhagam,151,0.1278772378516624,No
213,"Avaniapuram-
625012",782,1,tamilaga vettri kazhagam,274,0.1278772378516624,No
264,625009,783,1,tamilaga vettri kazhagam,107,0.1277139208173691,No
212,Avaniapuram- 625012,786,1,tamilaga vettri kazhagam,290,0.1272264631043257,No
115,Near Staff Room No 1 Thiruparankundram-625005,792,1,tamilaga vettri kazhagam,24,0.1262626262626263,No
53,Thanakkankulam-625006,793,1,tamilaga vettri kazhagam,15,0.1261034047919294,No
136,Thiruparankundram-625005,794,1,dravida munnetra kazhagam,0,0.1259445843828715,Yes
266,Chinthamani Road -625009,799,1,tamilaga vettri kazhagam,108,0.1251564455569462,No
102,Near H M Room Pasumalai-625004,801,1,tamilaga vettri kazhagam,11,0.1248439450686642,No
137,Harveypatti-625005,802,1,tamilaga vettri kazhagam,182,0.1246882793017456,No
100,Western Portion Thiyagarajar colony-625004,802,1,tamilaga vettri kazhagam,160,0.1246882793017456,No
237,Avaniapuram-625012,812,1,tamilaga vettri kazhagam,25,0.1231527093596059,No
109,Thiruparankundram-625005,816,1,tamilaga vettri kazhagam,143,0.1225490196078431,No
133,Tiruparankundram -625005,831,1,tamilaga vettri kazhagam,129,0.1203369434416366,No
150,"Nilaiyur-
625005",840,1,tamilaga vettri kazhagam,329,0.1190476190476191,No
295,Iravathanallur - 625009,857,1,tamilaga vettri kazhagam,90,0.1166861143523921,No
223,Avaniapuram-625012,866,1,tamilaga vettri kazhagam,191,0.115473441108545,No
127,Tiruparankundram 625005,876,1,tamilaga vettri kazhagam,218,0.1141552511415525,No
72,625006,887,1,tamilaga vettri kazhagam,137,0.112739571589628,No
22,Nagamalai Pudukottai -625019,893,1,dravida munnetra kazhagam,33,0.1119820828667413,No
159,"Southern
Portion Koothiyarkundu-625008",905,1,tamilaga vettri kazhagam,60,0.1104972375690608,No
60,Thanakkankulam-625006,906,1,tamilaga vettri kazhagam,31,0.1103752759381898,No
290,Chinthamani-625009,913,1,tamilaga vettri kazhagam,19,0.1095290251916758,No
211,"(North) Avaniapuram-
625012",945,1,tamilaga vettri kazhagam,353,0.1058201058201058,No
46,Thoppur-625008,949,1,tamilaga vettri kazhagam,47,0.1053740779768177,No
265,Chinna Anuppanadi-625009,1007,1,tamilaga vettri kazhagam,272,0.09930486593843098,No
68,625006,924,0,tamilaga vettri kazhagam,106,0.0,No
325,Transport Nagar Papanodai - 625022,535,0,dravida munnetra kazhagam,31,0.0,No
130,East Building East Portion Thiruparankundarm (East) -625005,587,0,tamilaga vettri kazhagam,156,0.0,No
191,M M C Colony Avaniyapuram-625012,754,0,tamilaga vettri kazhagam,50,0.0,No
192,"My Madurai Play School Center UKG Room Avaniyapuram -
625012",575,0,tamilaga vettri kazhagam,109,0.0,No
82,West Building Middle Portion Thirunagar-625006,677,0,tamilaga vettri kazhagam,134,0.0,No
195,west Portion Avaniyapuram-625012,780,0,tamilaga vettri kazhagam,111,0.0,No
81,West Building Middle Portion (South Side) Thirunagar-625006,646,0,tamilaga vettri kazhagam,116,0.0,No
20,Nagamalai Pudukottai -625019,549,0,tamilaga vettri kazhagam,126,0.0,No
67,Vilacheri-625006,828,0,dravida munnetra kazhagam,431,0.0,No
116,Thiruparankundram-625005,782,0,tamilaga vettri kazhagam,47,0.0,No
18,Nagamalai Pudhukkottai -625019,569,0,tamilaga vettri kazhagam,75,0.0,No
336,Valayapatti-625022,742,0,dravida munnetra kazhagam,27,0.0,No
16,Karadipatti-625019,709,0,tamilaga vettri kazhagam,88,0.0,No
25,Southern Side Nagamalai Pudukottai 625019,627,0,tamilaga vettri kazhagam,113,0.0,No
236,Avaniyapuram- 625012,542,0,dravida munnetra kazhagam,30,0.0,No
14,"Vijayalakshmi Sanjeevi malaiyan mazhalaiyar magizhvagam Primary School (T Mathiprakash Kids Room) Theni Main
Road Karadipatti",331,0,tamilaga vettri kazhagam,53,0.0,No
13,Karadipatti -625019,691,0,tamilaga vettri kazhagam,69,0.0,No
112,Room No 3 Thiruparankundram-625005,728,0,tamilaga vettri kazhagam,252,0.0,No
69,Vilacheri-625006,444,0,tamilaga vettri kazhagam,63,0.0,No
234,Avaniyapuram- 625012,606,0,tamilaga vettri kazhagam,180,0.0,No
198,Avaniyapuram-625012,746,0,tamilaga vettri kazhagam,197,0.0,No
232,625012,630,0,tamilaga vettri kazhagam,119,0.0,No
231,Avaniapuram-625012,565,0,tamilaga vettri kazhagam,120,0.0,No
106,Room No 5 Pasumalai-625004,636,0,tamilaga vettri kazhagam,29,0.0,No
108,Thiruparankundram-625005,684,0,tamilaga vettri kazhagam,172,0.0,No
228,Avaniapuram-625012,720,0,tamilaga vettri kazhagam,194,0.0,No
76,(East side) Thirunagar-625006,622,0,tamilaga vettri kazhagam,113,0.0,No
324,"Chinna Udaippu-
625022",512,0,all india anna dravida munnetra kazhagam,0,0.0,No
190,"My Madurai Play School North Side Project Room
Avaniyapuram -625012",625,0,tamilaga vettri kazhagam,100,0.0,No
99,Thirunagar-625006,666,0,tamilaga vettri kazhagam,169,0.0,No
187,(Near Avaniyapuram Out Post Police Station) -625012,506,0,tamilaga vettri kazhagam,120,0.0,No
39,Keelakuilkudi-625019,429,0,dravida munnetra kazhagam,36,0.0,No
285,Chinthamani Road -625009,458,0,tamilaga vettri kazhagam,59,0.0,No
47,Thoppur-625008,577,0,tamilaga vettri kazhagam,24,0.0,No
296,Muniyandi Kovil Street Iravathanallur - 625009,935,0,tamilaga vettri kazhagam,255,0.0,No
95,Thirunagar-625006,452,0,tamilaga vettri kazhagam,69,0.0,No
147,"(West)
Nilaiyur I Bit-625005",847,0,tamilaga vettri kazhagam,84,0.0,No
93,Thirunagar-625006,618,0,tamilaga vettri kazhagam,60,0.0,No
300,west portion Viraganoor-625009,753,0,tamilaga vettri kazhagam,153,0.0,No
165,Western Portion Perungudi-625022,792,0,dravida munnetra kazhagam,40,0.0,No
146,Nilaiyur I Bit-625005,903,0,tamilaga vettri kazhagam,206,0.0,No
90,"Thirunagar-
625006",503,0,tamilaga vettri kazhagam,113,0.0,No
277,Mela Anuppanadi-625009,718,0,tamilaga vettri kazhagam,214,0.0,No
30,Nagamalai Pudukottai-625019,359,0,dravida munnetra kazhagam,16,0.0,No
275,Mela Anuppanadi -625009,688,0,tamilaga vettri kazhagam,178,0.0,No
169,"Northern
Portion Perungudi-625022",774,0,tamilaga vettri kazhagam,188,0.0,No
143,East Side,801,0,tamilaga vettri kazhagam,169,0.0,No
29,Nagamalai Pudukottai -625019,682,0,tamilaga vettri kazhagam,88,0.0,No
87,Thirunagar-625006,665,0,tamilaga vettri kazhagam,116,0.0,No
267,Chinthamani Road -625009,661,0,tamilaga vettri kazhagam,206,0.0,No
139,Harveypatti-625005,730,0,tamilaga vettri kazhagam,137,0.0,No
178,Avaniyapuram- 625012,531,0,tamilaga vettri kazhagam,101,0.0,No
54,Thanakkankulam-625006,855,0,tamilaga vettri kazhagam,35,0.0,No
260,East Portion Periyasamy Nagar Avaniyapuram-625012,836,0,tamilaga vettri kazhagam,157,0.0,No
27,East portion Nagamalai Pudukottai-625019,613,0,dravida munnetra kazhagam,51,0.0,No
318,Samanatham-625009,700,0,tamilaga vettri kazhagam,112,0.0,No
135,Thiruparankundram-625005,777,0,dravida munnetra kazhagam,47,0.0,No
55,Thanakkankulam-625006,851,0,tamilaga vettri kazhagam,64,0.0,No
105,Pasumalai-625004,673,0,dravida munnetra kazhagam,30,0.0,No
