Polling Station No.,Location and Name of the Building in which Polling station is located,Polling Area,Winner_Party,Margin_Percentage
1,Panchayat Union Middle School North Facing Building Nelvoy,"1.Nelvoy (P) And (R.V), Ward 2 colony main road
2.Nelvoy (P) And (R.V), Ward 2 Nelveli Road
3.Nelvoy (P) And (R.V), Ward 2 Nelveli Road Cross St
4.Nelvoy (P) And (R.V), Ward 2 Old Colony St
5.Nelvoy (P) And (R.V), Ward 2 Mariamman Koil St 1st St
6.Nelvoy (P) And (R.V), Ward 2 Colony Main Road Left
7.Nelvoy (P) And (R.V), Ward 2 Kinatrangarai St
8.Nelvoy (P) And (R.V), Ward 2 Kinatrangarai Cross St
9.Nelvoy (P) And (R.V), Ward 2 Thoguppu Veedu 1st St
10.Nelvoy (P) And (R.V), Ward 2 Thoguppu Veedu 2nd St
11.Nelvoy (P) And (R.V), Ward 2 Thoguppu Veedu 3rd St
12.Nelvoy (P) And (R.V), Ward 1 Village Main Road Right
13.Nelvoy (P) And (R.V), Ward 1 Gangaiamman Koil St
14.Nelvoy (P) And (R.V), Ward 1 Gangaiamman Koil St
15.Nelvoy (P) And (R.V), Ward 1 Main Road Cross St 999.Overseas Electors",Tamilaga Vettri Kazhagam,6.0606060606060606
10,"Panchayat Union Primary School, South Facing Building Palliyagaram","1.Karunagaracherry (P) And (R.V), Ward 1 madhakoil st
2.Karunagaracherry (P) And (R.V), Ward 1 Mettu St
3.Karunagaracherry (P) And (R.V), Ward 1 Pillaiyar Koil St
4.Karunagaracherry (P) And (R.V), Ward 1 Eswaran Koil St
5.Karunagaracherry (P) And (R.V), Ward 1 Perumal Koil St
6.Karunagaracherry (P) And (R.V), Ward 2 Thennanthoppu
7.Karunagaracherry (P) And (R.V), Ward 2 Ramar Koil St
8.Karunagaracherry (P) And (R.V), Ward 3 Nadu St
9.Karunagaracherry (P) And (R.V), Ward 3 Thulukkanathamman Koil St
10.Karunagaracherry (P) And (R.V), Ward 3 Pa Vadiva St
11.Karunagaracherry (P) And (R.V), Ward 4 Ambedhkar 4th St
12.Karunagaracherry (P) And (R.V), Ward 4 Ambedhkar 3rd St
13.Karunagaracherry (P) And (R.V), Ward 4 Ambedhkar 2nd St
14.Karunagaracherry (P) And (R.V), Ward 4 Ambedhkar 1st St
15.Karunagaracherry (P) And (R.V), Ward 4 Main Road UTR 999.Overseas Electors",Tamilaga Vettri Kazhagam,5.1307847082494975
13,"Govt. High School, Primary Section building.Bukkathurai East Facing North Side","1.Pukkathurai (p) And (R.V), Ward 1 Kodithandalam Village 1nd St
2.Pukkathurai (p) And (R.V), Ward 1 Kodithandalam Village 2nd St
3.Pukkathurai (P) And (R.V), Ward 1 kodithandalam village 3rd st
4.Pukkathurai (P) And (R.V), Ward 1 Kodithandalam Village 4th St
5.Pukkathurai (P) And (R.V), Ward 1 Kodithandalam Village 5th St
6.Pukkathurai (P) And (R.V), Ward 1 Kodithandalam Colony 1st St
7.Pukkathurai (P) And (R.V), Ward 1 Kodithandalam Colony 2nd St
8.Pukkathurai (P) And (R.V), Ward 1 Kodithandalam Colony 3rd St
9.Pukkathurai (P) And (R.V), Ward 1 Kodithandalam Colony 4th St
10.Pukkathurai (P) And (R.V), Ward 1 Kodithandalam Colony MGR St
11.Pukkathurai (P) And (R.V), Ward 1 natarajapuram 1st st
12.Pukkathurai (P) And (R.V), Ward 1 Natarajapuram Pillaiyar Koil St 999.Overseas Electors",All India Anna Dravida Munnetra Kazhagam,7.754442649434572
17,"Panchayat Union Middle School, Mamandur Vadapathi North Facing","1.Mamandoor (P) And Mamandoor (R.V), Ward 1 vadapathi anna nagar
2.Mamandoor (P) And Mamandoor (R.V), Ward 1 Pettai St
3.Mamandur (P) Mamandur (R.V), Ward 1 Mettu St
4.Mamandur (P) Mamandur (R.V), Ward 1 mudhaliyar st
5.Mamandur (P) Mamandur (R.V), Ward 1 Sannathi St 999.Overseas Electors",Tamilaga Vettri Kazhagam,1.8050541516245486
30,Panchayat Union Middle School Pazhiyanur West Facing North Side,"1.Pazhiyanur (P) And (R.V), Ward pakavan koil street
2.Pazhiyanur (P) And (R.V), Ward 2 Vampathamman Koil Street 999.Overseas Electors",Tamilaga Vettri Kazhagam,2.592087312414734
31,Panchayat Union Middle School Pazhiyanur West Facing North Side Room 4,"1.Pazhiyanur (P) And (R.V), Ward 2 Palla St
2.Pazhiyanur (P) And (R.V), Ward 3 Eswaran Koil St
3.Pazhiyanur (P) And (R.V), Ward 2 Yadhavar St
4.Pazhiyanur (P) And (R.V), Ward 3 Perumal Koil St
5.Pazhiyanur (P) And (R.V), Ward 3 Achari St
6.Pazhiyanur (P) And (R.V), Ward 3 Agraharam St
7.Pazhiyanur (P) And (R.V), Ward 3 Bajanai Koil St
8.Pazhiyanur (P) And (R.V), Ward 3 Muthumariamman Koil St 999.Overseas Electors",All India Anna Dravida Munnetra Kazhagam,5.323193916349809
32,Panchayat Union Middle School Pazhiyanur West Facing North Side Room 5,"1.Pazhiyanur (P) And (R.V), Ward 1 thulukanathamman koil st
2.Pazhiyanur (P) And (R.V), Ward 3 Agraharam St
3.Pazhiyanur (P) And (R.V), Ward 3 Cheyyur Salai
4.Pazhiyanur (P) And (R.V), Ward 2 Yadhavar St
5.Pazhiyanur (P) And (R.V), Ward 3 mudhaliyar st 999.Overseas Electors",Tamilaga Vettri Kazhagam,3.1860226104830422
33,"Panchayat Union Middle School, Vaiyavoor North facing Building (East side)","1.Vaiyavoor (P) And (R.V), Ward 1 colony 1st st
2.Vaiyavoor (P) And (R.V), Ward 1 Colony 2nd St
3.Vaiyavoor (P) And (R.V), Ward 1 Colony 3rd St
4.Vaiyavoor (P) And (R.V), Ward 1 Colony 4th St
5.Vaiyavoor (P) And (R.V), Ward 1 Colony Cross St
6.Vaiyavoor (P) And (R.V), Ward 1 Padavattamman Koil St
7.Vaiyavoor (P) And (R.V), Ward 1 vedanthangal road
8.Vaiyavoor (P) And (R.V), Ward 1 Mudhaliyar St
9.Vaiyavoor (P) And (R.V), Ward 1 New Colony Road 999.Overseas Electors",Tamilaga Vettri Kazhagam,15.0786308973173
34,"Panchayat Union Middle School, Vaiyavoor South facing East side","1.Vaiyavoor (P) And (R.V), Ward 3 vedanthangal road
2.Vaiyavoor (P) And (R.V), Ward 3 Pettai Colony 1st St
3.Vaiyavoor (P) And (R.V), Ward 3 Pettai Colony 2nd St
4.Vaiyavoor (P) And (R.V), Ward 3 Moosivakkam Village salai
5.Vaiyavoor (P) And (R.V), Ward 3 Old Colony 1st St
6.Vaiyavoor (P) And (R.V), Ward 3 Padavattamman Koil St
7.Vaiyavoor (P) And (R.V), Ward 3 Old Colony Cross St
8.Vaiyavoor (P) And (R.V), Ward 1 Pandithar St
9.Vaiyavoor (P) And (R.V), Ward 1 Braminar St
10.Vaiyavoor (P) And (R.V), Ward 1 Old Colony East St
11.Vaiyavoor (P) And (R.V), Ward 1 Old Colony North St
12.Vaiyavoor (P) And (R.V), Ward 1 New Colony East St
13.Vaiyavoor (P) And (R.V), Ward 1 New Colony North St
14.Vaiyavoor (P) And (R.V), Ward 1 Kulakkarai St 999.Overseas Electors",Tamilaga Vettri Kazhagam,9.056122448979592
35,"Panchayat Union Middle School, Vaiyavoor North facing West side","1.Vaiyavoor (P) And (R.V), Ward 2 1st St
2.Vaiyavoor (P) And (R.V), Ward 2 2nd St
3.Vaiyavoor (P) And (R.V), Ward 2 3rd St
4.Vaiyavoor (P) And (R.V), Ward 2 Peria Palayathamman St
5.Vaiyavoor (P) And (R.V), Ward 2 Mudhaliyar St
6.Vaiyavoor (P) And (R.V), Ward 2 Mambattu Patvari Nagar
7.Vaiyavoor (P) And (R.V), Ward 1 Padalam Nedunchalai 999.Overseas Electors",Tamilaga Vettri Kazhagam,10.88534107402032
36,Panchayat union primary school Soorai north facing building,"1.Soorai (P) And (R.V), Ward 1 1st st
2.Soorai (P) And (R.V), Ward 1 Ammaniamman Koil St
3.Soorai (P) And (R.V), Ward 1 Pillaiyar Koil St
4.Soorai (P) And (R.V), Ward 1 Gangaiamman Koil St
5.Soorai (P) And (R.V), Ward 1 4th St
6.Soorai (P) And (R.V), Ward 1 1st St Ambedhkar St
7.Soorai (P) And (R.V), Ward 1 2nd St Pachiamman Koil St
8.Sithamangalam (P) And (R.V), Ward 2 Bajanai Koil St
9.Sithamangalam(P) And (R.V), Ward 2 Sri Udhaya Vinayagar Koil St
10.Sithamangalam(P) And (R.V), Ward 2 Gangaiamman Koil St
11.Sithamangalam(P) And (R.V), Ward 2 1st St
12.Sithamangalam(P) And (R.V), Ward 2 2nd St 999.Overseas Electors",All India Anna Dravida Munnetra Kazhagam,8.14299900695134
43,Panchayat Union Middle School Vellaputhur North facing East side,"1.Vellaputhur (P) And (R.V), Ward 1 Palakadu
2.Vellaputhur (P) And (R.V), Ward1 Andimedu
3.Vellaputhur (P) And (R.V), Ward1 Mettu Street
4.Vellaputhur (P) And (R.V), Ward1 Chelliamman Koil Street
5.Vellaputhur (P) And (R.V), Ward 1 Kanniyamman Koil Street
6.Vellaputhur (P) And (R.V), Ward 1 Arunthathipalayam
7.Vellaputhur (P) And (R.V), Ward1 Kallankollai
8.Vellaputhur (P) And (R.V), Ward1 Ambedkar Nagar
9.Vellaputhur (P) And (R.V), Ward1 Sungakkollai
10.Vellaputhur (P) And (R.V), Ward2 Pillaiyar Koil Street
11.Vellaputhur (P) And (R.V), Ward2 Throwpathikoil Street
12.Vellaputhur (P) And (R.V), Ward2 Kaliyamman Koil Street
13.Vellaputhur (P) And (R.V), Ward2 Padacettamman Koil St
14.Vellaputhur (P) And (R.V), Ward2 Padavettamman Koil Cross St 999.Overseas Electors",Dravida Munnetra Kazhagam,1.5657620041753653
45,PANCHAYAT UNION PRIMARY SCHOOL KOZHIYALAM WEST FACING SOUTH SIDE,"1.Pappanallur (P) And (R.V), Ward2 Thiruvenkidapuram
2.Koliyalam (P) And (R.V), Ward 1 Ettiyamman Koil St
3.Koliyalam (P) And (R.V), Ward 1 Vinayagar Koil St
4.Koliyalam (P) And (R.V), Ward 2 South Kulakkarai St
5.Koliyalam (P) And (R.V), Ward 2 Mariyamman Koil St
6.Koliyalam (P) And (R.V), Ward 2 West Kulakkarai St
7.Koliyalam (P) And (R.V), Ward 2 1 st Mettu St
8.Koliyalam (P) And (R.V), Ward 2 Colony Mariyamman Koil St
9.Koliyalam (P) And (R.V), Ward2 Colony 2nd Mettu St
10.Koliyalam (P) And (R.V), Ward 2 Colony 1st Street
11.Koliyalam (P) And (R.V), Ward3 Mariyamman Koil Street
12.Koliyalam (P) And (R.V), Ward 3 Palla Street
13.Koliyalam (P) And (R.V), Ward 3 Rettiyar St
14.Koliyalam (P) And (R.V), Ward3 Bajanai Koil Street
15.Koliyalam (P) And (R.V), Ward 3 Mariyamman Kozhiyalam Street 999.Overseas Electors",All India Anna Dravida Munnetra Kazhagam,7.581227436823104
52,"PANCHAYAT UNION PRIMARY SCHOOL
VAIPANAI North facing","1.Perumbakkam (P) And (R.V), Ward 1 ellangadu
2.Perumbakkam (P) And (R.V), Ward 1 Muthumariyamman Koil St
3.Perumbakkam (P) And (R.V), Ward 1 Mettu St
4.Perumbakkam (P) And (R.V), Ward 1 Palla St
5.Perumbakkam (P) And (R.V), Ward 1 Main Road
6.Perumbakkam (P) And (R.V), Ward 1 Thulukathamman Koil St
7.Perumbakkam (P) And (R.V), Ward 1 Church St
8.Perumbakkam (P) And (R.V), Ward 1 Tank St
9.Perumbakkam (P) And (R.V), Ward 1 Kullakarai St
10.Perumbakkam (P) And (R.V), Ward 1 Buthur 999.Overseas Electors",Tamilaga Vettri Kazhagam,10.4631217838765
54,"Panchayat Union Middle School, Perumbakkam South facing","1.Perumbakkam (P) And (R.V), Ward 3 Perumbakkam 7st Street
2.Perumbakkam (P) And (R.V), Ward 3 Perumbakkam 8 st Street
3.Perumbakkam (P) And (R.V), Ward 3 Perumbakkam 9th Street
4.Perumbakkam (P) And (R.V), Ward 3 Perumbakkam 10th street
5.Perumbakkam (P) And (R.V), Ward 1 Koodapakkam 1st Street
6.Perumbakkam (P) And (R.V), Ward 1 Koodapakkam 2nd Street
7.Perumbakkam (P) And (R.V), Ward 1 Koodapakkam 3th st
8.Perumbakkam (P) And (R.V), Ward 1 Koodappakkam 4th st
9.Perumbakkam (P) And (R.V), Ward 1 Koodappakkam 5 th st
10.Perumbakkam (P) And (R.V), Ward 1 Koodappakkam 6th St
11.Perumbakkam (P) And (R.V), Ward 1 Koodappakam 7th st
12.Perumbakkam (P) And (R.V), Ward 1 Koodappakam 8th st
13.Perumbakkam (P) And (R.V), Ward1 Reddiyar Street 999.Overseas Electors",Tamilaga Vettri Kazhagam,3.5308953341740232
58,Panchayat Union Middle School Puthupattu East Facing South Side,"1.Puthupattu (P) And (R.V), Ward 3 Puthupattu Village Main Road
2.Puthupattu (P) And (R.V), Ward 3 Palli St
3.Puthupattu (P) And (R.V), Ward 3 Vanniyar St
4.Puthupattu (P) And (R.V), Ward 3 Murugan Koil St
5.Puthupattu (P) And (R.V), Ward 3 Postman St
6.Puthupattu (P) And (R.V), Ward 3 Mariyamman Koil St
7.Puthupattu (P) And (R.V), Ward 3 Pillaiyar Koil St
8.Puthupattu (P) Kunnavakkam (R.V), Ward 4 Kunnavakkam 1st St
9.Puthupattu (P) Kunnavakkam (R.V), Ward 4 Kunnavakkam 2nd St
10.Puthupattu Kunnavakkam (R.V), Ward 4 Kunnavakkam 3rd St
11.Puthupattu (P) Pasumpur (R.V), Ward 5 Pasumpur Main Road
12.Puthupattu (P) Pasumpur (R.V), Ward 5 Pasumpur 1 st St
13.Puthupattu (P) Pasumpur (R.V), Ward 5 Pasumpur 2nd St
14.Puthupattu (P) Pasumpur (R.V), Ward 5 Pasumpur 3rd St
15.Puthupattu (P) Pasumpur (R.V), Ward 5 Pasumpur Cross St
16.Pthupattu (P) Pasumpur (R.V), Ward 5 Pasumpur RajivGandhi St
17.Pthupattu (P) Pasumpur (R.V), Ward 5 Ezhil Nagar 1st St
18.Puthupattu (P) Pasumpur (R.V), Ward 5 Ezhil Nagar 2nd St 999.Overseas Electors",All India Anna Dravida Munnetra Kazhagam,5.106382978723404
63,Govt Hr Sec School Melvalam South Facing Room No 2,"1.Karukuzhi, Ward3 pazaya colony street
2.Karukuzhi, Ward2 Bairavi Street
3.Karukuzhi, Ward2 Kuttai Street
4.Karukuzhi, Ward2 1st street
5.Karukuzhi, Ward2 Mayana Street 999.Overseas Electors",Tamilaga Vettri Kazhagam,3.2906764168190126
65,Govt.High School Malaipalayam West facing South side II nd Standard (Room no.2),"1.Karukuzhi, Ward13 periya colony main road
2.Karukuzhi, Ward13 Periya Palaiyathamman Koil Street
3.Karukuzhi, Ward13 1st sandu Periya Colony
4.Karukuzhi, Ward T.V. Room Street
5.Karukuzhi, Ward13 T.V. Room Opposit Street
6.Karukuzhi, Ward13 2nd Sandu Periya Colony
7.Karukuzhi, Ward 3rd Street Cement Road
8.Karukuzhi, Ward13 Gannabigai Pettai
9.Karukuzhi, Ward11 Bangla Street
10.Karukuzhi, Ward13 theedir nagar 999.Overseas Electors",Tamilaga Vettri Kazhagam,3.286978508217446
70,"Village Samuthaya kudam, Kolampakkam East Facing","1.Kolampakkam, Ward 4 vaiyavoor salai
2.Kolampakkam, Ward 4 thoppu colony
3.Kolampakkam, Ward 4 Mudhaliyar St
4.Kolampakkam, Ward 4 Giramani St 1
5.Kolampakkam, Ward 4 Giramani St 2
6.Kolampakkam, Ward 4 Chinna Kolapakkam
7.Kolampakkam, Ward 4 Padalam Salai
8.Kolampakkam, Ward 4 Gangaiamman Koil St
9.Kolampakkam, Ward 4 Church Road 999.Overseas Electors",Tamilaga Vettri Kazhagam,16.43835616438356
74,"Panchayat Union Middle School, Padalam South Facing West Side","1.Padalam (P) And (R.V), Ward 2 kuyavar st
2.Padalam (P) And (R.V), Ward 2 Kanakkar
3.Padalam (P) And (R.V), Ward 2 Chetty medu Main Road
4.Padalam (P) And (R.V), Ward 2 New Colony St
5.Padalam (P) And (R.V), Ward 2 Middle Colony St
6.Padalam (P) And (R.V), Ward 2 Mettu Colony St 999.Overseas Electors",All India Anna Dravida Munnetra Kazhagam,1.062573789846517
76,"Panchayat Union Middle School, Padalam East Facing North Side","1.Padalam (P) And (R.V), Ward 3 padalam cheyyur main road
2.Padalam (P) And (R.V), Ward 3 Padalam Ambedhkar St
3.Padalam (P) And (R.V), Ward 3 padalam mettu st 999.Overseas Electors",Tamilaga Vettri Kazhagam,11.487303506650544
77,"Panchayat Union Middle School, Padalam, East Facing South Side","1.Padalam (P) And (R.V), Ward 3 Padalam Uthukkadu Amman Koil St
2.Padalam (P) And (R.V), Ward 3 Padalam Madhakoil St
3.Padalam (P) And (R.V), Ward 3 Padalam Gangaiamman Koil St
4.Padalam (P) And (R.V), Ward 3 Padalam New Colony Main Road 999.Overseas Electors",Tamilaga Vettri Kazhagam,4.49438202247191
91,Panchayat Union Middle School Kinar North facing South Side,"1.Kinar (P) And (R.V), Ward 3 village highway street
2.Kinar (P) And (R.V), Ward 3 Biramanar Veethi
3.Kinar (P) And (R.V), Ward 3 Eswaran Koil Street
4.Kinar (P) And (R.V), Ward 3 gramani street
5.Kinar (P) And (R.V), Ward 3 Oodai Street
6.Kinar (P) And (R.V), Ward 3 Kinar Colony Highway Street
7.Kinar (P) And (R.V), Ward 3 Kinar Colony Keezhandai Street
8.Kinar (P) And (R.V), Ward 3 Gangaiamman Koil Street
9.Kinar (P) And (R.V), Ward 3 kinar colony 1st street
10.Kinar (P) And (R.V), Ward3 Erubakkam Village Railway Street
11.Kinar (P) And (R.V), Ward3 Erupakkam Colony 1st Street
12.Kinar (P) And (R.V), Ward2 erupakkam colony 3rd street
13.Kinar (P) And (R.V), Ward3 Erupakkam Colony 3rd Street
14.Kinar (P) And (R.V), Ward3 Erubakkam Colony Ambathkar Street
15.Kinar (P) And (R.V), Ward3 Thulukanathamman Koil Street 999.Overseas Electors",Dravida Munnetra Kazhagam,0.4052684903748734
92,Panchayat union primary school Keezhavalam South Facing,"1.Keezhavalam (P) And (R.V), Ward 1 yadavar st
2.Keezhavalam, Ward 1 Mariamman Koil St
3.Keezhavalam, Ward 1 Keezhavalam Ist St
4.Keezhavalam, Ward 2 Keezhavalam 2nd St
5.Keezhavalam, Ward 2 Eswaran Koil St
6.Keezhavalam, Ward 3 Perumal Koil St
7.Keezhavalam, Ward 4 mada koil st
8.Keezhavalam, Ward 4 Keezhavalam 3rd St
9.Keezhavalam, Ward 5 New Colony 999.OVERSEAS ELECTORS",All India Anna Dravida Munnetra Kazhagam,6.739811912225706
103,"PTNVKS Middle School, Chelliamman Theradi Street South Facing East Side","1.Mathuranthagam, Ward3 Santhikarai Street
2.Mathuranthagam, Ward3,5 Solliyamman Theradi Street
3.Mathuranthagam, Ward3 Solliyamman Theradi 1st Street 999.Overseas Electors",Tamilaga Vettri Kazhagam,0.8968609865470852
110,Sri Agobila madam Samaskirutha college Maduranthagam East Facing South Side,"1.Mathuranthagam, Ward6,8 Bazar Street
2.Mathuranthagam, Ward8 new kavalar appartments
3.Mathuranthagam, Othavaadai Street
4.Mathuranthagam, Theradi Street 999.Overseas Electors",Tamilaga Vettri Kazhagam,9.174311926605505
114,"C.S.I Primary School Acharapakkam Main Roed Maduranthagam West
Facing South Side","1.Mathuranthagam, Ward19 indra nagar
2.Mathuranthagam, Ward15 Pazhaya Machine Road
3.Mathuranthagam, Ward19 Mettu Street
4.Madurantakam, Ward19 Suriya Gardan 999.Overseas Electors",Tamilaga Vettri Kazhagam,6.024096385542169
125,R.C.High School North Facing Room 7 Maduranthagam Gandhi nagar,"1.Mathuranthagam, Ward22 kalakkapur
2.Mathuranthagam, Ward20 Ghandhi Nagar North Street
3.Mathuranthagam, Ward20 Ghandhi Nagar West Street 999.Overseas Electors",Tamilaga Vettri Kazhagam,5.698529411764706
133,"Government Higher Secondary School,Morapakkam East Facing Room 2","1.Morapakkam (P) And (R.V), Ward 3 Gangaiamman koil st
2.Morapakkam (P) And (R.V), Ward 3 Govt.Higher Secondary School st
3.Morapakkam (P) And (R.V), Ward 3 JJNagar Pillaiyar koil st
4.Morapakkam (P) And (R.V), Ward 3 JJ Nagar Killakku St
5.Morapakkam (P) And (R.V), Ward 3 Abiramapuram Kodalur salai
6.Morapakkam (P) And (R.V), Ward 3 Abiramapuram Mariamman Koil st
7.Morapakkam (P) And (R.V), Ward 3 L. Endathur Salai
8.Morapakkam (P) And (R.V), Ward 3 West St 999.Overseas Electors",Tamilaga Vettri Kazhagam,6.259541984732825
161,Panchayat Union Primary School Baburayanpettai West Face East Side,"1.Baburayanpettai (P) And (R.V), Ward 1 vinayagar koil st
2.Baburayanpettai (P) And (R.V), Ward 1 Andalkuppam st
3.Baburayanpettai (P) And (R.V), Ward 2 Bharathiar Veety
4.Baburayanpettai (P) And (R.V), Ward 2 Mariamman koil st
5.Baburayanpettai (P) And (R.V), Ward 1 Doctor Ambedkar st
6.Baburayanpettai (P) And (R.V), Ward 2 Ratinakinaru st
7.Baburayanpettai (P) And (R.V), Ward 1 Cross st 999.Overseas Electors",Dravida Munnetra Kazhagam,1.263157894736842
188,PANCHAYAT UNION MIDDLE SCHOOL MINNAL CHITHAMUR NORTH FACING,"1.Minnal chithamur (P) Keizhpattu And (R.V), Ward 2 Kailasapuram
2.Minnal chithamur (P) Keizhpattu And (R.V), Ward 2 New Mariamman koil st
3.Minnal chithamur (P) Keizhpattu And (R.V), Ward 2 Karumariamman koil st
4.Minnal chithamur (P) Keizhpattu And (R.V), Ward 2 Old Mariamman koil st
5.Minnal chithamur (P) Keizhpattu And (R.V), Ward 2 4th cross st
6.Minnal chithamur (P) Keizhpattu And (R.V), Ward 2 3rd Cross st
7.Minnal chithamur (P) Keizhpattu And (R.V), Ward 2 2nd Cross st
8.Minnal chithamur (P) Keizhpattu And (R.V), Ward 2 1st cross st
9.Minnal chithamur (P) Keizhpattu And (R.V), Ward 2 Vinayagar koil st
10.Minnal keizh minnal village (P) And (R.V), Ward 3 Boor st
11.Minnal keizh minnal village (P) And (R.V), Ward 3 Samutha Kooda st 999.Overseas Electors",Dravida Munnetra Kazhagam,3.908355795148248
196,Panchayat Union Middle School Kadamalaiputhur North Facing East Side,"1.Kadamalaiputhur (P) And (R.V), Ward 2 Mariamman st (West paguthir)
2.Kadamalaiputhur (P) And (R.V), Ward 2 Vinayagar koil st (West Paguthir)
3.Kadamalaiputhur (P) And (R.V), Ward 1 Vinayagar koil st ( East Paguthi)
4.Kadamalaiputhur (P) And (R.V), Ward 1 Perumal koil st
5.Kadamalaiputhur (P) And (R.V), Ward 1 Vinayagar koil st (South paguthi)
6.Kadamalaiputhur (P) And (R.V), Ward 1 Kuttaikarai st (South paguthi)
7.Kadamalaiputhur (P) And (R.V), Ward 1 Kuttaikarai st (North paguthi)
8.Kadamalaiputhur (P) And (R.V), Ward 1 Kuttaikarai 1st cross st
9.Kadamalaiputhur (P) And (R.V), Ward 1 Gangaiamman st 999.Overseas Electors",All India Anna Dravida Munnetra Kazhagam,8.775981524249422
201,Panchayat Union Middle School Thimmapuram north Facing,"1.Thimmapuram (P) And (R.V), Mariamman koil st colony
2.Thimmapuram (P) And (R.V), Colony east st
3.Thimmapuram (P) And (R.V), East st colony
4.Thimmapuram (P) And (R.V), Erikarai st
5.Thimmapuram (P) And (R.V), Erikarai cross st
6.Thimmapuram (P) And (R.V), Murugar koil st
7.Thimmapuram (P) And (R.V), Ist Cross st
8.Thimmapuram (P) And (R.V), Cross st 2nd
9.Thimmapuram (P) And (R.V), IIi nd Cross st
10.Thimmapuram (P) And (R.V), Cross st 4th
11.Thimmapuram (P) And (R.V), Cross st 5th
12.Thimmapuram (P) And (R.V), Cross st 6th
13.Thimmapuram (P) And (R.V), Colony salai
14.Thimmapuram (P) And (R.V), Elapakkam salai
15.Thimmapuram (P) And (R.V), Thorapathi amman koil st
16.Thimmapuram (P) And (R.V), Village cross st
17.Thimmapuram (P) And (R.V), Theradi st
18.Thimmapuram (P) And (R.V), Elapakkam colony mariamman koil st
19.Thimmapuram (P) And (R.V), Perumal koil st
20.Thimmapuram (P) And (R.V), Pillaiyar koil st
21.Thimmapuram (P) And (R.V), Mariamman koil cross st 999.Overseas Electors",All India Anna Dravida Munnetra Kazhagam,1.473922902494331
204,Panchayat union primary school Kottakayapakakm North Facing,"1.Villangadu (P) And (R.V), Ward 1 Gangaiamman koil st
2.Villangadu (P) And (R.V), Ward 1 Pooniamman koil st
3.Villangadu (P) And (R.V), Ward 2 Ankalamman koil 1st street
4.Villangadu (P) And (R.V), Ward 2 Ankalamman koil street 2nd st
5.Villangadu (P) And (R.V), Ward 2 Ankalamman koil 3rd st
6.Villangadu (P) And (R.V), Ward 2 Ankalamman koil 4th st
7.Villangadu (P) And (R.V), Ward 3 Ankalamman koil 5th st
8.Villangadu (P) And (R.V), Ward 3 Cement road 1st st
9.Villangadu (P) And (R.V), Ward 3 Cement road 2nd st
10.Villangadu (P) And (R.V), Ward 3 Villangadu colony gangaiamman koil st
11.Villangadu (P) And (R.V), Ward 3 Villangadu colony gangaiamman koil st
12.Villangadu (P) And (R.V), Ward 3 Villangadu colony gangaiamman koil st
13.Villangadu (P) And (R.V), Ward 3 Villangadu colony gangaiamman koil st
14.Villangadu (P) And (R.V), Ward 3 Villangadu colony gangaiamman koil st
15.Villangadu (P) And (R.V), Ward 3 Villangadu colony gangaiamman koil st
16.Villangadu (P) And (R.V), Ward 4 Thandavarayan 1st st
17.Villangadu (P) And (R.V), Ward 4 Thandavarayan 2nd st
18.Villangadu (P) And (R.V), Ward 4 Muthumariamman 1st street
19.Villangadu (P) And (R.V), Ward 4 Muthumariamman 2nd st
20.Villangadu (P) And (R.V), Ward 4 Munusamy st
21.Villangadu (P) And (R.V), Ward 4 Annamalai st
22.Villangadu (P) And (R.V), Ward 5 Kuppusamy 1st street
23.Villangadu (P) And (R.V), Ward 5 Kuppusamy 4th st
24.Villangadu (P) And (R.V), Ward 5 Erular 1st street
25.Villangadu (P) And (R.V), Ward 6 Kottakayapakkam gangaiamman koil st
26.Villangadu (P) And (R.V), Ward 6 Kotta kayapakkanm gangaiamman koil st
27.Villangadu (P) And (R.V), Ward 6 Kottakayapakkam gangaiamman koil st
28.Villangadu (P) And (R.V), Ward 6 Kottakayapakkam gangaiamman koil st 999.Overseas Electors",Tamilaga Vettri Kazhagam,4.216216216216216
206,Panchayat Union Primary School Uthamanallur South Side,"1.Uthamanallur village (P) And (R.V), Ward 2 Uthamanallur east cross st
2.Uthamanallur village (P) And (R.V), Ward 2 Manmathan koil cross st
3.Uthamanallur village (P) And (R.V), Ward 2 Manmathan koil st
4.Uthamanallur village (P) And (R.V), Ward 2 Mariamman koil st
5.Uthamanallur village (P) And (R.V), Ward 2 Bajanai koil st
6.Uthamanallur village (P) And (R.V), Ward 2 Pillaiyar koil st
7.Uthamanallur village (P) And (R.V), Ward 2 Road st
8.Uthamanallur village (P) And (R.V), Ward 2 Erular Quarters
9.Uthamanallur village (P) And (R.V), Ward 2 New cross st
10.Uthamanallur village (P) And (R.V), Ward 2 Mariamman koil st
11.Uthamanallur village (P) And (R.V), Ward 2 kathavarayan koil st
12.Uthamanallur village (P) And (R.V), Ward 2 Mada koil st
13.Uthamanallur village (P) And (R.V), Ward 2 East cross st
14.Uthamanallur village (P) And (R.V), Ward 2 South cross st
15.Uthamanallur village (P) And (R.V), Ward 2 South st
16.Uthamanallur village (P) And (R.V), Ward 2 Keenaru st
17.Uthamanallur village (P) And (R.V), Ward 2 East Cross st
18.Uthamanallur village (P) And (R.V), Ward 2 Tar road st 999.Overseas Electors",Tamilaga Vettri Kazhagam,14.71291866028708
207,Panchayat Union Middle school Venkatesapuram (East Facing),"1.Acharapakkam, Ward 2 kazhanivilli colony
2.Acharappakam, Ward 2 Vanndikuppam colony santhu st
3.Acharappakam, Ward 2 Vannikuppam colony main st
4.Acharappakam, Ward 2 Vanndikuppam colony 1 st cross st
5.Acharapakkam, Ward 2 Vanndikuppam colony 2nd cross st
6.Acharapakkam, Ward 12 Mettu colony road
7.Acharapakkam, Ward 12 Mettu colony road 1 st street.
8.Acharapakkam, Ward 12 Mettu colony road 2nd st
9.Acharapakkam, Ward 12 Mettu colony road 3rd st
10.Acharapakkam, Ward 12 Mettu colony road 4th st
11.Acharapakkam, Ward 12 Vatjirapuram village
12.Acharapakkam, Ward 12 Edayar paguthi 999.Overseas Electors",Tamilaga Vettri Kazhagam,8.12720848056537
222,Panchayat Union Middle School Unamalai South Facing Room 1,"1.Unamalai (P) And (R.V), Ward 1 erular colony nadu st
2.Unamalai (P) And (R.V), Ward 1 Aruthiyar colony varavu kalvai st
3.Unamalai (P) And (R.V), Ward 1 Old colony morapakkam salai
4.Unamalai (P) And (R.V), Ward 1 Old colony mariamman koil st
5.Unamalai (P) And (R.V), Ward 1 Muniyanthal salai
6.Unamalai (P) And (R.V), Ward 1 Puducolony vadakku veethi
7.Unamalai (P) And (R.V), Ward 1 Puducolony nadu st
8.Unamalai (P) And (R.V), Ward 1 Pallithangal st
9.Unamalai (P) And (R.V), Ward 1 Munianthangal cross st
10.Unamalai (P) And (R.V), Ward 2 Sesharayanpettai vinayagar koil st
11.Unamalai (P) And (R.V), Ward 2 Sesharayanpettai Mariamman Koil st
12.Unamalai (P) And (R.V), Ward 2 Sesharayanpettai Muniyanthangal salai 999.Overseas Electors",Tamilaga Vettri Kazhagam,4.193971166448231
224,Panchayat union primary school Sirunagalur South Facing,"1.Sirunagalur (P) And (R.V), Ward 1 Vayalvilli st
2.Sirunagalur (P) And (R.V), Ward 1 Mariamman koil st
3.Sirunagalur (P) And (R.V), Ward 1 Colony Theradi st
4.Sirunagalur (P) And (R.V), Ward 1 Viilage north st
5.Sirunagalur (P) And (R.V), Ward 2 Angan vadi st
6.Sirunagalur (P) And (R.V), Ward 2 Bajanai koil st
7.Sirunagalur (P) And (R.V), Ward 2 Kullakarai mel st
8.Sirunagalur (P) And (R.V), Ward 2 Balamurugan koil st
9.Sirunagalur (P) And (R.V), Ward 2 Thoguppu Houses 1st st
10.Sirunagalur (P) And (R.V), Ward 2 1 st Cross st
11.Sirunagalur (P) And (R.V), Ward 2 2nd Cross st
12.Sirunagalur (P) And (R.V), Ward 2 3rd Cross st
13.Sirunagalur (P) And (R.V), Ward 2 4th Cross st
14.Sirunagalur (P) And (R.V), Ward 2 Pappathikulam road 999.Overseas Electors",Tamilaga Vettri Kazhagam,8.501118568232663
232,Panchayat union primary school Nethapakkam South Facing East Side,"1.Nethapakkam (P) And (R.V), Ward 2 Nethapakkam Colony 1st St
2.Nethapakkam (P) And (R.V), Ward 2 Nethapakkam Colony 2nd St
3.Nethapakkam (P) And (R.V), Ward 2 Nethapakkam Colony 3rd St
4.Nethapakkam (P) And (R.V), Ward 2 Nethapakkam Colony 4th St
5.Nethapakkam (P) And (R.V), Ward 2 Nethapakkam Colony 5th St
6.Nethapakkam (P) And (R.V), Ward 2 Nethapakkam Colony 6th St
7.Nethapakkam (P) And (R.V), Ward 2 Nethapakkam Colony 7th St
8.Nethapakkam (P) And (R.V), Ward 2 Nethapakkam Puthoor St
9.Nethapakkam (P) And (R.V), Ward 2 Puthina Thottam 1st St
10.Nethapakkam (P) And (R.V), Ward 2 Puthina Thottam 2nd St
11.Nethapakkam (P) And (R.V), Ward 2 Puthina Thottam 3rd St
12.Nethapakkam (P) And (R.V), Ward 2 Koozhamangalam Colony 1st St
13.Nethapakkam (P) And (R.V), Ward 2 Koozhamangalam New Colony 2nd St
14.Nethapakkam (P) And (R.V), Ward 2 Koozhamangalam New Colony 3rd St
15.Nethapakkam (P) And (R.V), Ward 2 Koozhamangalam Pillayar Koil St 999.Overseas Electors",Tamilaga Vettri Kazhagam,4.204753199268739
239,Panchayat Union Middle school Arunkunam North Facing,"1.Arunkunam (P) And (R.V), Ward 3 akathippattu bajanai koil st
2.Arunkunam (P) And (R.V), Ward 2 mariyamman koil st
3.Arunkunam (P) And (R.V), Ward 2 Ambathkar St
4.Arunkunam (P) And (R.V), Ward 2 Pillaiyar Koil St
5.Arunkunam (P) And (R.V), Ward 2 devathudar road
6.Arunkunam (P) And (R.V), Ward 2 Meanavar St 1
7.Arunkunam (P) And (R.V), Ward 2 Meanavar St 2
8.Arunkunam (P) And (R.V), Ward 2 New St
9.Arunkunam (P) And (R.V), Ward 3 Panampattu Pillaiyar Koil St 999.Overseas Electors",All India Anna Dravida Munnetra Kazhagam,3.5377358490566038
245,Panchayat Union Middle school kavathur West Facing North Side,"1.Cavathur (P) And (R.V), Ward 2 Cavathur Colany 3rd Cross St
2.Cavathur (P) And (R.V), Ward 2 thachur pradana salai
3.Cavathur (P) And (R.V), Ward 2 4th Cross St
4.Cavathur (P) And (R.V), Ward 2 Lakshmipuram First St
5.Kavathoor Vilagam (P) And (R.V), Ward 1 Pradhana Salai
6.Kavathur Villagam (P) And (R.V), Ward 1 Amman Koil St
7.Kavathoor Villagam (P) And (R.V), Ward 1 Vilagar Crosse St
8.Kavathur Village Murukanchery (P) And (R.V), Ward 1 Atraingkarai St
9.Kavathur Village Kavanchery (P) And (R.V), Ward 1 Ramani Appartment
10.Kavathur Village Murukanchery (P) And (R.V), Ward 1 Mariyamman Koil St 999.Overseas Electors",All India Anna Dravida Munnetra Kazhagam,4.9504950495049505
249,Panchayat union primary school Mariputhur West Facing South Side,"1.Kavathur (v) Mariputhur (P) And (R.V), Ward 3 Perumal Koil St
2.Kavathur (V) Mariputhur (P) And (R.V), Ward 3 Vinayagar South St
3.Kavathur (v) Mariputhur (P) And (R.V), Ward 3 South
4.Kavathur (v) Mariputhur (P) And (R.V), Ward 3 School St
5.Kavathur (v) Mariputhur (P) And (R.V), Ward 3 Mettu St
6.Kavathur (v) Mariputhur (P) And (R.V), Ward 3 Vinayagar Koil North St
7.Kavathur (v) Mariputhur (P) And (R.V), Ward 3 Kainkaiyamman Koil St
8.Kavathur (v) Mariputhur (P) And (R.V), Ward 4 Colany Amman Koil St
9.Kavathur (v) Mariputhur (P) And (R.V), Ward 4 Colany South St
10.Kavathur (v) Mariputhur (P) And (R.V), Ward 4 Colany Weast St
11.Kavathur (v) Mariputhur (P) And (R.V), Ward 4 Crosse St
12.Kavathur (v) Mariputhur (P) And (R.V), Ward 3 Cheailliyamman Koil St
13.Kavathur (v) Mariputhur (P) And (R.V), Ward 4 prathana salai
14.Kavathur (v) Mariputhur (P) And (R.V), Ward 4 Colany First Cross St
15.Kavathur (v) Mariputhur (P) And (R.V), Ward 4 Colony 2nd Cross St
16.Kavathur (v) Mariputhur (P) And (R.V), Ward 4 Colony 3rd Cross St
17.Kavathur (v) Mariputhur (P) And (R.V), Ward 4 Colony Kulakkarai St
18.Kavathur (v) Mariputhur (P) And (R.V), Kamsalapuram Salai
19.Kavathur (v) Mariputhur (P) And (R.V), Ward 4 Kamsalapuram Perumal Koil St
20.Kavathur (v) Mariputhur (P) And (R.V), Ward 4 Kamsalapuram Amman Koil St
21.Kavathur (v) Mariputhur (P) And (R.V), Ward 4 Kamsalapuram East st 999.Overseas Electors",All India Anna Dravida Munnetra Kazhagam,2.403846153846154
254,Government High School Zamin endathur West Facing,"1.Zamin endathur (P) And (R.V), Ward 1 jalli medu st
2.Zamin endathur (P) And (R.V), Ward 1 Main Road Reddi St
3.Zamin endathur (P) And (R.V), Ward 1 Post Office St
4.Zamin endathur (P) And (R.V), Ward 1 OHT St
5.Zamin endathur (P) And (R.V), Ward 1 vanniyar st
6.Zamin endathur (P) And (R.V), Ward 1 Higher Sec.School St
7.Zamin endathur (P) And (R.V), Ward 1 Irular St
8.Zamin endathur (P) And (R.V), Ward 2 Cheriamman Koil St 999.Overseas Electors",All India Anna Dravida Munnetra Kazhagam,9.7708082026538
256,Panchayat union primary school Arivumedu main building South Facing,"1.Avurimedu (P) And (R.V), Ward 2 mariamman koil st
2.Avurimedu (P) And (R.V), Ward 2 Bajanai Koil St
3.Avurimedu (P) And (R.V), Ward 2 Pillayar Koil St
4.Avurimedu (P) And (R.V), Ward 2 mariamman koil st
5.Avurimedu (P) And (R.V), Ward 2 Kullakkarai St
6.Avurimedu (P) And (R.V), Ward 1, 1st St
7.Avurimedu (P) And (R.V), Ward 1, 2nd St
8.Avurimedu (P) And (R.V), Ward 1, 3rd St
9.Avurimedu (P) And (R.V), Ward 1, 4th St
10.Avurimedu (P) And (R.V), Ward 1, 5th St
11.Avurimedu (P) And (R.V), Ward 1, 6th St
12.Avurimedu (P) And (R.V), Ward 1, 7th St
13.Avurimedu (P) And (R.V), Ward 1, 8th St
14.Avurimedu (P) And (R.V), Ward 1, 9th St
15.Avurimedu (P) And (R.V), Ward 1, 10 th St
16.Avurimedu (P) And (R.V), Ward 1, 11th St
17.Avurimedu (P) And (R.V), Ward 1, 12 th St
18.Avurimedu (P) And (R.V), Ward 1, 13 th St 999.Overseas Electors",All India Anna Dravida Munnetra Kazhagam,9.665071770334928
258,Panchayat union Middle school Peruveli South Facing East Side,"1.Peruveli (P) And (R.V), Ward 3 Ponniamman Koil St
2.Peruveli (P) And (R.V), Ward 2 Selliamman Koil St
3.Peruveli (P) And (R.V), Ward 3 Selliamman Cross St
4.Peruveli (P) And (R.V), Ward 3 Mariamman Koil Cross St
5.Peruveli (P) And (R.V), Ward 3 Mariamman Koil St
6.Peruveli (P) And (R.V), Ward 3 Ambedkar St
7.Peruveli (P) And (R.V), Ward 3 Muneeswaran Koil St
8.Peruveli (P) And (R.V), Ward 3 Madurai Veeran Koil St
9.Peruveli (P) And (R.V), Ward 3 Madurai Veeran Koil Cross St 999.Overseas Electors",Tamilaga Vettri Kazhagam,0.9009009009009009
259,Panchayat Union Primary School South facingOzhavetti main building,"1.Zamin Endathur (P) And (R.V), Ward 3 Ozhavetti Kiraman 1st St
2.Zamin Endathur (P) And (R.V), Ward 3 Ozhavetti 2nd St
3.Zamin Endathur (P) And (R.V), Ward 3 Ozhavetti 3rd St
4.Zamin Endathur (P) And (R.V), Ward 3 Ozhavetti Kiramam 4th St
5.Zamin Endathur (P) And (R.V), Ward 3 Ozhavetti Kiramam 5th St
6.Zamin Endathur (P) And (R.V), Ward 3 Lakshmi Narayana Perumal St
7.Zamin Endathur (P) And (R.V), Ward 3 Kirama Cross St
8.Zamin Endathur (P) And (R.V), Ward 3 Reddiyar St
9.Zamin Endathur (P) And (R.V), Ward 3 Gongaiyamman Koil St
10.Zamin Endathur (P) And (R.V), Ward 3 Colony 1st St
11.Zamin Endathur (P) And (R.V), Ward 3 Colony Cross St
12.Zamin Endathur (P) And (R.V), Ward 3 Cross St
13.Zamin Endathur (P) And (R.V), Ward 3 Kullakkarai St
14.Zamin Endathur (P) And (R.V), Ward 3 Newcolony 1st St
15.Zamin Endathur (P) And (R.V), Ward 3 Newcolony 2nd St 999.Overseas Electors",Tamilaga Vettri Kazhagam,0.1277139208173691
260,Panchayat Union Primary School South facing Dharmapuram,"1.Kizhakkandai, Ward 4, ist st
2.Kizhakkandai, Ward 4, IInd St
3.Kizhakkandai, Ward 4, IIIrd St
4.Kizhakkandai, Ward 4, IVth St
5.Kizhakkandai, Ward 4, 5th St
6.Kizhakkandai, Ward 4, 6th St
7.Kizhakkandai, Ward 4, 7th St
8.Kizhakkandai, Ward 4, 8th St
9.Kizhakkandai, Ward 4, 9th St
10.Kizhakkandai, Ward 4, 10th St 999.Overseas Electors",All India Anna Dravida Munnetra Kazhagam,10.256410256410255
272,Government high school Onambakkam West facing,"1.Onampakkam, Ward 4 venmani road
2.Onampakkam, Ward 4 Main Road
3.Onampakkam, Ward 4 ln puram road
4.Onampakkam, Ward 4 main road
5.Onampakkam, Ward 4 Pudu Main Road
6.Onampakkam, Ward 4 Santhu St
7.Pavunthakaranai, Ward 1 Selliamman St
8.Pavunthakaranai, Ward 1 Colony
9.Pavunthakaranai, Ward 1 Selliamman Koil Main St 999.Overseas Electors",All India Anna Dravida Munnetra Kazhagam,6.989247311827956
273,PANCHAYAT UNION MIDDLE SCHOOL KATTUDEVADHUR EAST FACING NORTH SIDE,"1.Kattudevadhur (P) And (R.V), Ward 1 kattudevadhur main road
2.Kattudevadhur (P) And (R.V), Orankavali
3.Kattudevadhur (P) And (R.V), Ward 1 Mariyamman Koil St
4.Kattudevadhur (P) And (R.V), Ward 1 School St
5.Kattudevadhur (P) And (R.V), Ward 2 Colony First St
6.Kattudevadhur (P) And (R.V), Ward 2 Colony Main Road
7.Kattudevadhur (P) And (R.V), Ward 2 Colony Secound St
8.Kattudevadhur (P) And (R.V), Ward 1 Kulakkarai St
9.Kattudevadhur (P) And (R.V), Ward 3 Third St
10.Kattudevadhur (P) And (R.V), Ward 3 Secound St
11.Kattudevadhur (P) And (R.V), Ward 3 First St
12.Kattudevadhur (P) And (R.V), Ward 1 Chatti St
13.Kattudevadhur (P) And (R.V), Ward 1 Vilanganur Main Road 999.Overseas Electors",All India Anna Dravida Munnetra Kazhagam,1.520912547528517
277,"Panchayat Union Primary School, Kollambakkam south facing west side","1.Netrampakkam (P) And (R.V), Ward 1 Kulakkarai St
2.Netrampakkam (P) And (R.V), Ward 1 Main Road
3.Netrampakkam (P) And (R.V), Ward 1 Kollambakkam Cross St
4.Netrampakkam (P) And (R.V), Ward 1 Kollampakkam 4th St
5.Netrampakkam (P) And (R.V), Ward 1 Kollampakkam 5th St
6.Netrampakkam (P) And (R.V), Ward 1 Kollampakkam 6th St
7.Netrampakkam (P) And (R.V), Ward 1 Kollampakkam 7th St
8.Netrampakkam (P) And (R.V), Ward 1 Kollampakkam 8th St
9.Netrampakkam (P) And (R.V), Ward 1 Kollampakkam 9th St
10.Netrampakkam (P) And (R.V), Ward 1 Kollampakkam 10th St
11.Netrampakkam (P) And (R.V), Ward 1 Kollampakkam 11th St
12.Netrampakkam (P) And (R.V), Ward 1 Kollampakkam 12th St
13.Netrampakkam (P) And (R.V), Ward 1 Kollampakkam 13th St 999.Overseas Electors",Tamilaga Vettri Kazhagam,9.76
281,"Panchayat Union Middle School, Periyavenmani south facing west side","1.Periya venmani (P) And (R.V), Ward 1 ariyanur road
2.Periya venmani (P) And (R.V), Ward 1 Village Main Road
3.Periya venmani (P) And (R.V), Ward 1, Kuzhavar St
4.Periya venmani (P) And (R.V), Ward 1, primary school
5.Periya venmani (P) And (R.V), Ward 1 cheyyur road
6.Periya venmani (P) And (R.V), Ward 2, Group House St
7.Periya venmani (P) And (R.V), Ward 2, Poondi Road
8.Periya venmani (P) And (R.V), Ward 2, Colony Main Road
9.Periya venmani (P) And (R.V), Ward 2 Chinna Colony St
10.Periya venmani (P) And (R.V), Ward 3 Anumanthapuram Village St 999.Overseas Electors",Tamilaga Vettri Kazhagam,13.696969696969695
282,"Panchayat Union Middle School, Periyavenmani north facing east side","1.Viraloor (P) And (R.V), Ward 1 malai st
2.Viraloor (P) And (R.V), Ward 1 Nagamalai
3.Viraloor (P) And (R.V), Ward 2 Pillayar Koil St
4.Viraloor (P) And (R.V), Ward 2 Colony
5.Viraloor (P) And (R.V), Ward 2 Vetkadu
6.Viraloor (P) And (R.V), Ward 3 Devanur Vanniyar St
7.Viraloor (P) And (R.V), Ward 3 Mariamman Koil St
8.Viraloor (P) And (R.V), Ward 3 Vellarai Bharathi Nagar 999.Overseas Electors",Tamilaga Vettri Kazhagam,0.5291005291005291
