Location and Name of Building in which Polling Station Located,Total_Valid_Votes_In_Locality,Total_Independent_Votes_In_Locality,Independent_Vote_Share_%
Panchayat Union Elementary School Karunkaradu-638116 South Facing Terraced Building West Side,416,16,3.846153846153846
Panchayat Union Elementary School Chellappampalayam-638055 South Facing Terraced Building West Portion,563,19,3.374777975133215
Panchayat Union Middle School Goundampalayam-638116 South Facing New Terraced Building West Portion,443,14,3.160270880361174
Panchayat Union Middle School Goundampalayam-638116 South Facing New Terraced Building East Portion,824,25,3.033980582524272
"Panchayat Union Elementary School
Elayampalayam-638116 East Facing Tiled Building",406,12,2.955665024630542
Panchayat Union Elementary School Kanakkampalayam-638057 West Facing Terraced Building,526,15,2.85171102661597
Panchayat Union Middle School Chellappagoundanvalasu-638116 East Facing Terraced Building North Side,842,24,2.850356294536817
Panchayat Union Elementary School Ayigoundenpalayam-638103 North Facing Terraced Building,459,13,2.832244008714597
Panchayat Union Middle School Chellappagoundanvalasu-638116 East Facing Terraced Building South Side,853,23,2.696365767878077
Panchayat Union Elementary School Kanjikovil 638116 West Facing Terraced Building,683,17,2.489019033674964
Panchayat Union Elementary School Pethampalayam-638116 South Facing Tiled Building West Side,577,14,2.4263431542461
Panchayat Union Elementary School Poosarinaickenur-638057 South Facing Terraced Building East Side,971,23,2.368692070030896
Panchayat Union Elementary School Ganapathypalayam-638103 South Facing Terraced Building,697,16,2.295552367288379
Panchayat Union Middle School Thanneerpandalpalayam-638116 North Facing Terraced Building East Side,610,14,2.295081967213115
Panchayat Union Elementary School Chettykuttai-638103 North Facing Tiled Building,541,12,2.2181146025878
Panchayat Union Elementary School Thandagoundampalayam-638055 North Facing Tiled Building,554,12,2.166064981949458
"Panchayat Union Elementary School
Chinnavettuvapalayam-638052 North Facing Tiled Building",421,9,2.137767220902613
Panchayat Union Elementary School Saravanapuram-638056 North Facing Terraced Building West Side,567,12,2.116402116402116
Government Higher Secondary School Kanjikovil-638116 North Facing Terraced Building East Portion Room No 5,854,18,2.107728337236534
Panchayat Union Elementary School Nathakattuvalasu-638455 North Facing New Terreced Building East Side,477,10,2.09643605870021
Government High School Pandiyampalayam-638455 North Facing New Terraced Building East Side Room No 1,622,13,2.090032154340836
Government Higher Secondary School Kanjikovil-638116 North Facing Terraced Building West Side,531,11,2.071563088512241
Panchayat Union Middle School Karumandisellipalayam-638052 West Facing South Portion Terraced Building,872,18,2.064220183486239
Panchayat Union Elementary School Nallampatty-638057 East Facing Tiled Building South Side,730,15,2.054794520547945
Panchayat Union Elementary School Pethampalayam-638116 South Facing Tiled Building East Portion,696,14,2.011494252873563
Government Higher Secondary School Thingalur-638055 West Facing Groundfloor Terraced Building East Side Room No 9,703,14,1.991465149359886
Panchayat Union Elementary School Pallapalayam-638116 West Facing Colour Roof Building,816,16,1.96078431372549
Panchayat Union Elementary School Thiruvengadampalayam-638052 North Facing Tiled Building West Side,774,15,1.937984496124031
Panchayat Union Middle School Aaigoundampalayam-638057 North Facing West Side Terraced Building,888,17,1.914414414414414
"Panchayat Union Elementary School Thottypalayam-638103  North Facing
Terraced Building",475,9,1.894736842105263
Panchayat Union Middle School Lakshmipuram-638116 North Facing Terraced Building East Side,853,16,1.875732708089097
"Panchayat Union Middle School Thimmanaickenpalayam-638752 North Facing
Terraced Building East Side",801,15,1.872659176029963
Panchayat Union Elementary School Vattalapathy-638103 North Facing Terraced Building Eastern Side Room,615,11,1.788617886178862
Panchayat Union Middle School Thanneerpandalpalayam-638116 North Facing Terraced Building West Side,572,10,1.748251748251748
"Panchayat Union Elementary School Karunkaradu-638116 East Facing Tiled
Building North Side",744,13,1.747311827956989
Panchayat Union Elementary School Karumanchirai-638103 West Facing Terraced Building North Portion,631,11,1.743264659270998
Panchayat Union Middle School Perundurai West-638052 South Facing Terraced Building West Block Middle Room,694,12,1.729106628242075
Panchayat Union Elementary School Kovilpalayam-638116 North Facing Terraced Building East Portion,637,11,1.726844583987441
Panchayat Union Elementary School Sengulam Ingur-638058 South Facing Terraced Building East Side,467,8,1.713062098501071
Panchayat Union Elementary School Kovilpalayam-638116 North Facing New Terraced Building West Side,763,13,1.703800786369594
Panchayat Union Elementary School Singanallur-638455 East Facing Tiled Building,587,10,1.703577512776831
Panchayat Union Elementary School Karandipalayam-638056 East Facing New Terraced Building,881,15,1.70261066969353
Panchayat Union Middle School Perundurai North-638052 East Facing 2Nd Terracedbulding,473,8,1.691331923890063
Panchayat Union Elementary School Kandampalayam-638052 East Facing Tiled Building South Portion,853,14,1.64126611957796
"Panchayat Union Elementary School Puduvalasu-638103 East Facing Tiled Building
North Portion",671,11,1.639344262295082
Panchayat Union Elementary School Nallampatty-638057 West Facing Terraced Building North Portion,733,12,1.637107776261937
Panchayat Union Elementary School Suriyappampalayam-638110  South Facing New Terraced Building,859,14,1.629802095459837
Panchayat Union Middle School Nalligoundampalayam-638110 East Facing Tiled Building,931,15,1.611170784103115
"Government Higher Secondary School
Thuduppathi-638057 South Facing 2nd Terraced Building East Side",562,9,1.601423487544484
Panchayat Union Elementary School Anaipalayam-638752 South Facing Tiled Building West Portion,687,11,1.601164483260553
Government Higher Secondary School Ingur-638058 South Facing New Terraced Building Western Side East Portion,509,8,1.571709233791748
Panchayat Union Elementary School Nichampalayam-638055 North Facing Terraced Building East Side,1027,16,1.557935735150925
Panchayat Union Middle School Chinnamallampalayam-638057 East Facing Terraced Building North Portion,578,9,1.557093425605536
Panchayat Union Elementary School Nettichipalayam-638103 South Facing Tiled Building West Portion,580,9,1.551724137931034
Panchayat Union Elementary School Pachagoundampalayam-638056 North Facing Tiled Building East Side,518,8,1.544401544401544
Panchayat Union Elementary School Panikkampalayam-638052 North Facing Terraced Building East Side,525,8,1.523809523809524
"Panchayat Union Elementary School Karumanchirai-638103 West Facing Terraced
Building South Portion",988,15,1.518218623481781
Government Girls Higher Secondary School Perundurai-638052 North Facing Terraced Building East Portion Room No 11,668,10,1.497005988023952
Panchayat Union Elementary School Thiruvengadampalayam-638052 North Facing Terraced Building East Side,670,10,1.492537313432836
Panchayat Union Elementary School Sellipalayam-638751 East Facing Tiled Building,738,11,1.490514905149051
"Panchayat Union Elementary School
Vellireveli-638103 North Facing Terraced Building East Portion",539,8,1.484230055658627
CSI School Selatterpuram-638052 East Facing Terraced Building South Side,472,7,1.483050847457627
Panchayat Union Middle School Kasthuripalayam-638751 East Facing New Terraced Building North Portion,608,9,1.480263157894737
Panchayat Union Elementary School Kelaripalayam-638055 North Facing Tiled Building West Portion,946,14,1.479915433403805
Panchayat Union Elementary School Punjaithalavaipalayam-638751 North Facing Tiled Building,613,9,1.468189233278956
Panchayat Union Elementary School Polanaickenpalayam-638056 North Facing Tiled Building West Side,892,13,1.457399103139013
Panchayat Union Elementary School Ellapalayam-638052 South Facing Terraced Building,826,12,1.452784503631961
Panchayat Union Elementary School Thiruvengadampalayam-638052 North Facing Tiled Building East Side,623,9,1.4446227929374
Panchayat Union Elementary School Thottypalayam-638103 South Facing Tiled Building,556,8,1.43884892086331
Government Higher Secondary School Thingalur-638055 East Facing New Terraced Building Room No-1 South Portion,767,11,1.434159061277705
"Panchayat Union Elementary School
Moongilpalayam-638056 West Facing Terraced Building North Portion",772,11,1.424870466321243
Panchayat Union Middle School Neelakgoundampalayam-638055 North Facing Terraced Building,915,13,1.420765027322404
Panchayat Union Elementary School Velampalayam-638055 East Facing Tiled Building,424,6,1.415094339622642
Panchayat Union Elementary School Malakoil Thottipalayam-638056 East Facing Terraced Building North Portion,498,7,1.405622489959839
Panchayat Union Elementary School Thiruvachi-638052 South Facing New Terraced Building,570,8,1.403508771929824
Panchayat Union Middle School Parappalayam-641607 West Facing Terraced Building Middle Class Room,785,11,1.401273885350319
Panchayat Union Elementary School Kanjikovil 638116 North Facing Terraced Building,577,8,1.386481802426343
Government Boys Higher Secondary School Uthukuli-638751 East Facing New Terraced Building North Portion,875,12,1.371428571428571
Panchayat Union Elementary School Navakadu-638103 South Facing Tiled Building,1021,14,1.371204701273262
Government Higher Secondary School Kanjikovil-638116 South Facing Terraced Building East Portion,589,8,1.358234295415959
Government High School Nichampalayam-638055 North Facing New Terraced Building West Side,452,6,1.327433628318584
Panchayat Union Middle School Aaigoundampalayam-638057 East Facing Tiled Building,679,9,1.325478645066274
"Panchayat Union Elementary School Kandampalayam-638052 South Facing Colour
Roof Sheet Building",621,8,1.288244766505636
Panchayat Union Middle School Kunnathur-638103 North Facing Terraced Building,700,9,1.285714285714286
Panchayat Union Elementary School Sullipalayam-638057 East Facing New Terraced Building North Portion,935,12,1.283422459893048
"Government Higher Secondary School Vijayapuri-638056 North Facing Terraced
Building Middle Room",624,8,1.282051282051282
"Panchayat Union Elementary School Sarkarperiyapalayam-641607 North Facing
Terraced Building",781,10,1.280409731113956
Government High School Singanallur-638455 East Facing Terraced Building Middle Room,554,7,1.263537906137184
Panchayat Union Elementary School Nallampatty-638057 North Facing East Side Terraced Building,792,10,1.262626262626263
Panchayat Union Elementary School Paniyampalli-638058 South Facing Tiled Building East Side,637,8,1.255886970172684
Panchayat Union Middle School Thiruvaimuthaliyur-638103 North Facing Terraced Building,717,9,1.255230125523012
Government Higher Secondary School Kanjikovil-638116 East Facing Terraced Building Room No 9,720,9,1.25
Panchayat Union Middle School Perundurai North-638052 West Facing New Terraced Building North Portion,650,8,1.230769230769231
Panchayat Union Elementary School Kanjikovil 638116 East Facing Terraced Building,651,8,1.228878648233487
Panchayat Union Middle School Perundurai North-638052 West Facing Terraced Building South Portion,571,7,1.225919439579685
Government Boys Higher Secondary School Uthukuli-638751 South Wing East Facing Terraced Building South Side Room No 37,495,6,1.212121212121212
Government High School Thiruvachi-638052 East Facing Terraced Building North Portion,666,8,1.201201201201201
Panchayat Union Middle School Perundurai West-638052 South Facing Terraced Building West Block West Room,753,9,1.195219123505976
Panchayat Union Elementary School Pallakarai-638057 North Facing Terraced Building West Portion,922,11,1.193058568329718
"Panchayat Union Middle School
Govinthampalayam-641607 South Facing New Terraced Building",928,11,1.185344827586207
Panchayat Union Elementary School Punjaithalavaipalayam-638751 East Facing Terraced Building,849,10,1.177856301531213
Panchayat Union Middle School Pappampalayam-638751 North Facing New Terraced Building Main Portion,934,11,1.177730192719486
"Panchayat Union Elementary School Tharttanchirai-638103 East Facing Terraced
Building North Portion",516,6,1.162790697674419
"Government Higher Secondary School Thuduppathi-638057 South Facing 3rd
Terraced Building East Portion",605,7,1.15702479338843
Panchayat Union Middle School Nadupatti-638056 East Facing New Terraced Building,609,7,1.149425287356322
Panchayat Union Middle School Kunnathur-638103 East Facing Terraced Building South Portion,623,7,1.123595505617978
Government High School Voipadi-638056 North Facing Terraced Building East Portion,801,9,1.123595505617978
Panchayat Union Elementary School Saravanapuram-638056 North Facing Old Tiled Building,625,7,1.12
Government High School Pandiyampalayam-638455 North Facing New Terraced Building East Side,894,10,1.118568232662192
CSI School Broughnagar-638055 North Facing Terraced Building,896,10,1.116071428571429
Panchayat Union Middle School Thiruvaimuthaliyur-638103 North Facing Tiled Building,813,9,1.107011070110701
"Panchayat Union Elementary School
Nallakattipalayam-638752 East Facing Terraced Building North Portion",457,5,1.094091903719912
"Panchayat Union Middle School
Parappalayam-641607 East Facing New Terraced Building South Side",737,8,1.085481682496608
Panchayat Union Elementary School Reddypalayam-638751 East Facing Tiled Building,738,8,1.084010840108401
Panchayat Union Elementary School Koothambi-638055 East Facing New Terraced Building,555,6,1.081081081081081
Panchayat Union Middle School Periyavettuvapalayam-638052 East Facing New Terraced Building South Portion,744,8,1.075268817204301
Government High School Thoppupalayam-638052 North Facing Terraced Building East Portion,749,8,1.068090787716956
"Panchayat Union Middle School Kunnathur-
638103 West Facing terraced Building South Portion",284,3,1.056338028169014
Panchayat Union Middle School Perundurai North-638052 South Facing New Terraced Building West Side,758,8,1.055408970976253
Panchayat Union Middle School Kasthuripalayam-638751 East Facing Tiled Building,856,9,1.051401869158878
Government Higher Secondary School Kanjikovil-638116 East Facing Terraced Building North Portion Room No 8,669,7,1.046337817638266
Panchayat Union Elementary School Servakaranpalayam-638056 West Facing Tiled Building,670,7,1.044776119402985
Panchayat Union Elementary School Seelampatty-638052 North Facing Tiled Building,962,10,1.03950103950104
"Govt.Aided Elementary School Kinipalayam-
638056 East Facing Terraced Building North Side",866,9,1.039260969976905
Panchayat Union Elementary School Polayampalayam-638103 South Facing Terraced Building East Portion,678,7,1.032448377581121
Panchayat Union Middle School Veeranampalayam Pudhur-638057 South Facing Terraced Building East Portion,877,9,1.026225769669327
Panchayat Union Elementary School Kelaripalayam-638055 North Facing Tiled Building East Portion,589,6,1.01867572156197
Panchayat Union Elementary School Ammapalayam-638812 South Facing Terraced Building West Portion,982,10,1.018329938900204
Panchayat Union Elementary School Semmandampalayam-638103 North Facing Terraced Building,492,5,1.016260162601626
"Panchayat Union Middle School Kunnathur-
638103 West Facing Terraced Building North Portion",793,8,1.008827238335435
Panchayat Union Elementary School Koothambi-638055 North Facing Terraced Building,611,6,0.9819967266775778
"Panchayat Union Elementary School Ingur-
638058 South Facing Terraced Building West Side",818,8,0.9779951100244498
Panchayat Union Middle School Thoppupalayam-638058 East Facing Tiled Building,722,7,0.9695290858725761
Panchayat Union Elementary School Puduvalasu-638103 North Facing New Terraced Building West,725,7,0.9655172413793104
"Panchayat Union Elementary School
Muthampalayam-638812 North Facing Terraced Building West Portion",835,8,0.9580838323353293
Panchayat Union Elementary School Nathakattuvalasu-638455 North Facing Old Tiled Building West Side,523,5,0.9560229445506693
Panchayat Union Elementary School Seenapuram-638055 West Facing Terraced Building South Side,838,8,0.9546539379474941
Panchayat Union Elementary School Kaikolampalayam-638056 East Facing Terraced Building Middle Room,633,6,0.9478672985781991
K.N.R.Aided Elemantary School Kambliyampatti-638056 East Facing Terraced Building North Portion,955,9,0.9424083769633508
"Panchayat Union Elementary School Panikkampalayam-638052 North Facing
Terraced Building West Side",534,5,0.9363295880149813
Panchayat Union Elementary School Sullipalayam-638057 East Facing New Terraced Building South Portion,855,8,0.9356725146198831
Panchayat Union Middle School Aaigoundampalayam-638057 North Facing Terraced Building West Portion,962,9,0.9355509355509356
Panchayat Union Elementary School Ammapalayam-638812 East Facing Tiled Building,860,8,0.9302325581395349
Panchayat Union Elementary School Pallapalayam-638116 South Facing New Tiled Building,754,7,0.9283819628647214
Panchayat Union Middle School Kadapalayam-638812 North Facing New Terraced Building West Portion,649,6,0.9244992295839755
Panchayat Union Elementary School Vellireveli-638103 East Facing Terraced Building North End Building 2,541,5,0.9242144177449169
Panchayat Union Elementary School Kunnampalayam-638752 North Facing Terraced Building West Side,541,5,0.9242144177449169
"Panchayat Union Middle School
Thimmanaickenpalayam-638752 North Facing Terraced Building West Side",651,6,0.9216589861751152
Panchayat Union Middle School Periyaveerasangili-638056 South Facing Terraced Building East Side,871,8,0.9184845005740528
Government Higher Secondary School Thuduppathi-638057 South Facing 2nd Terraced Building West Portion,764,7,0.9162303664921465
Panchayat Union Elementary School Mandiripalayam-638055 South Facing Tiled Building,547,5,0.9140767824497258
CSI School Ellispetai-638116 East Facing Terraced Building South Portion,558,5,0.8960573476702508
Panchayat Union Middle School Pappampalayam-638055 East Facing Terraced Building West Side North Portion,559,5,0.8944543828264758
Panchayat Union Elementary School Thalaiyampalayam-638057 North Facing Terraced Building East Room,672,6,0.8928571428571428
"Government Higher Secondary School
Vijayapuri-638056 North Facing Terraced Building East Side",449,4,0.8908685968819599
Government Boys Higher Secondary School Uthukuli-638751 East Facing Terraced Building South Portion,787,7,0.8894536213468869
Panchayat Union Elementary School M.Pudhupalayam-638107 North Facing Tiled Building,689,6,0.8708272859216255
Government High School Thiruvachi-638052 East Facing New Terraced Building Middle Portion,575,5,0.8695652173913043
Panchayat Union Elementary School Kullampalayam-638057 North Facing Tiled Building,579,5,0.8635578583765112
"Panchayat Union Elementary School
Velliyampathi-638103 East Facing Terraced Building",811,7,0.8631319358816275
R.C.Aided.Middle School Kalliyampudur-638056 South Facing Terraced Building West Side,584,5,0.8561643835616438
Government Girls Higher Secondary School Perundurai-638052 North Facing Terraced Building Room No 13,468,4,0.8547008547008548
Panchayat Union Middle School Perundurai East-638052 West Facing Tiled Building,706,6,0.84985835694051
Panchayat Union Middle School Kasthuripalayam-638751 West Facing New Terraced Building,593,5,0.8431703204047217
Panchayat Union Elementary School Rettaikinnar-638751 South Facing Tiled Building,952,8,0.8403361344537815
Government Higher Secondary School Kanjikovil-638116 South Facing Terraced Building West Portion,719,6,0.8344923504867872
Panchayat Union Elementary School Nalligoundanpalayam-638058 North Facing Terraced Building,841,7,0.8323424494649228
Panchayat Union Elementary School Koonampatti-638056 Eastfacing New Terraced Building South Portion,843,7,0.8303677342823249
Panchayat Union Middle School Perundurai North-638052 East Facing 3rd Terraced Building South Side,844,7,0.8293838862559242
Panchayat Union Elementary School Vamalaigoundanpalayam-638103 East Facing Tiled Building South Portion,965,8,0.8290155440414507
Panchayat Union Middle School Perundurai West-638052 South Facing Terraced Building East Block,727,6,0.8253094910591471
Panchayat Union Elementary School Kuruchi-638110 North Facing Tiled Building,607,5,0.8237232289950577
Panchayat Union Middle School Uthukuli R S-638751 North Facing Tiled Building,981,8,0.8154943934760449
"Panchayat Union Middle School Theneeswaranpalayam-638751 North Facing
Terraced Building West Portion",861,7,0.8130081300813009
Panchayat Union Elementary School Karaipalayam Pudhu colony-638751 South Facing Terraced Building West Side,493,4,0.8113590263691683
Panchayat Union Middle School Perundurai West-638052 West Facing Terraced Building South Side,865,7,0.8092485549132947
Panchayat Union Elementary School Shanmugapuram (Saralai)-638056 North Facing Tiled Building West Side,993,8,0.8056394763343404
Panchayat Union Elementary School Keleripathy-638812 South Facing Terraced Building,629,5,0.7949125596184419
Panchayat Union Middle School Chinnamallampalayam-638057 North Facing Terraced Building Center Portion,881,7,0.7945516458569807
Panchayat Union Middle School Adhiyur-638103 North Facing Tiled Building,882,7,0.7936507936507936
Panchayat Union Middle School Govinthampalayam-641607 South Facing Tiled Building West Portion,632,5,0.7911392405063291
Panchayat Union Elementary School Pudhupalayam-638751 North Facing Terraced Building,888,7,0.7882882882882882
Government Higher Secondary School Thingalur-638055 East Facing New Terraced Building Ground Floor,636,5,0.7861635220125787
Panchayat Union Elementary School Vellireveli-638103 East Facing Terraced Building North End Building 1,641,5,0.7800312012480499
Panchayat Union Middle School Aaigoundampalayam-638057 South Facing Terraced Building,388,3,0.7731958762886598
Panchayat Union Elementary School Sengapalli-638812 West Facing New Terraced Building South Portion,912,7,0.7675438596491228
Panchayat Union Middle School Karumandisellipalayam-638052 South Facing Terraced Building,782,6,0.7672634271099744
Panchayat Union Elementary School Sengapalli-638812 East Facing Terraced Building Middle Side,652,5,0.7668711656441718
Panchayat Union Middle School Sirukalanji - 638751 East Facing Terraced Building North Portion,807,6,0.7434944237918215
"Panchayat Union Middle School Perundurai
South-638052 North facing Terraced Building East Side",546,4,0.7326007326007326
R.C.Aided.Middle School Kalliyampudur-638056 South Facing New Terraced Building West Portion Room No-4,822,6,0.7299270072992701
Panchayat Union Elementary School Ingur-638058 East Facing Additional Terraced Building,824,6,0.7281553398058253
Panchayat Union Elementary School Thoppupalayam-638052 East Facing New Terraced Building North Portion Room No 1,412,3,0.7281553398058253
"Panchayat Union Middle School Uthukuli R S-
638751 East Facing Tiled Building North Portion",692,5,0.7225433526011561
Panchayat Union Elementary School Sengulam Ingur-638058 South Facing Terraced Building West Side,554,4,0.7220216606498195
R.C.Aided.Middle School Kalliyampudur-638056 South Facing Terraced Building East Portion Room No-8,555,4,0.7207207207207207
Panchayat Union Elementary School Virumandampalayam-638812 East Facing Tiled Building North Portion,570,4,0.7017543859649122
Panchayat Union Middle School Vettainkinaru-638055 West Facing Terraced Building South Side,714,5,0.700280112044818
Panchayat Union Elementary School Morattupalayam-638752 West Facing Terraced Building North Portion,1000,7,0.7000000000000001
"Panchayat Union Elementary School
Kaikolampalayam-638056 East Facing Terraced Building West Side",573,4,0.6980802792321117
Panchayat Union Middle School Perundurai North-638052 East Facing 2Nd Terracedbulding South Side,717,5,0.697350069735007
"Panchayat Union Middle School Sundakkampalayam-638103 West Facing
Terraced Building South Portion",581,4,0.6884681583476765
N.R.Karupananadar Kalvinilaiyam High School Kunnathur-638103 North Facing Tiled Building East Side,589,4,0.6791171477079796
Panchayat Union Elementary School Chakkarai Goundenpalayam Ponmudi - 638056 South Facing Tiled Building,896,6,0.6696428571428571
R.C.Aided.Middle School Kalliyampudur-638056 South Facing New Terraced Building Center Room-7,599,4,0.667779632721202
Panchayat Union Elementary School K Thottiyapalayam-638103 North Facing Tiled Building,604,4,0.6622516556291391
Govt.Aided Elementary School Kinipalayam-638056 North Facing Aspectos Sheet East Portion,906,6,0.6622516556291391
Panchayat Union Elementary School Sengalipalayam-638056 North Facing Tiled Building,759,5,0.6587615283267457
Panchayat Union Elementary School Pachangkatoor-Varapalayam-638056 East Facing Terraced Building South Side,608,4,0.6578947368421052
Panchayat Union Middle School Perundurai West-638052 North Facing Terraced Building West Portion (Anganwadi),613,4,0.6525285481239804
Panchayat Union Elementary School Thoranavavi-638110 North Facing Terraced Building,614,4,0.6514657980456027
"Panchayat Union Middle School Periyavettuvapalayam-638052 East Facing
Terraced Building North Portion",769,5,0.6501950585175552
"Roots Matriculation School Vijayamangalam-638056 East Facing Terraced Building South
Side",620,4,0.6451612903225806
Panchayat Union Elementary School Valayapalayam-638103 East Facing Tiled Building,620,4,0.6451612903225806
Panchayat Union Elementary School Kullampalayam-638057 West Facing Terraced Building,626,4,0.6389776357827476
Government High School Thiruvachi-638052 East Facing New Terraced Building South Portion,636,4,0.628930817610063
"Panchayat Union Elementary School
Polayampalayam-638103 South Facing Terraced Building West Portion",479,3,0.6263048016701461
"Panchayat Union Elementary School Ponnandavalasu-638116 West Facing
Terraced Building",486,3,0.6172839506172839
"Panchayat Union Elementary School
Thoppupalayam-638052 South Facing Terraced Building East Wing",493,3,0.6085192697768762
"Roots Matriculation School Vijayamangalam-638056 East Facing Terraced Building North
Side",331,2,0.6042296072507553
"Government Higher Secondary School Thuduppathi-638057 South Facing 3rd
Terraced Building West Portion",498,3,0.6024096385542169
Panchayat Union Elementary School Madathupalayam-638052 South Facing Tiled Building East Portion,682,4,0.5865102639296188
Government High School Pandiyampalayam-638455 North Facing Terraced Building East Side Room No 2,345,2,0.5797101449275363
Panchayat Union Middle School Uthukuli R S-638751 North Facing Terraced Building East Side,518,3,0.5791505791505791
Panchayat Union Elementary School Kannavilampalayam Periyavilamalai-638107 North Facing Terraced Building East Side,701,4,0.5706134094151213
Panchayat Union Middle School Kunnathur-638103 East Facing Terraced Building North Portion,717,4,0.5578800557880056
Government Higher Secondary School Thingalur-638055 West Facing Terraced Building East Side North Portion,540,3,0.5555555555555556
Panchayat Union Elementary School Sarkarperiyapalayam-641607 East Facing Terraced Building South Portion,729,4,0.5486968449931412
"Government High School Thoppupalayam-
638052 North Facing Terraced Building West Portion",549,3,0.546448087431694
Panchayat Union Elementary School Sullipalayam-638057 West Facing Terraced Building Library,918,5,0.5446623093681917
"Panchayat Union Elementary School
Vellireveli-638103 East Facing Terraced Building South Portion",920,5,0.5434782608695652
Panchayat Union Elementary School Madathupalayam-638052 South Facing Terraced Building West Portion,929,5,0.5382131324004306
Panchayat Union Elementary School Sembavallam-638752 West Facing Terraced Building,559,3,0.5366726296958855
Panchayat Union Middle School Theneeswaranpalayam-638751 North Facing Tiled Building,379,2,0.5277044854881267
Government High School Voipadi-638056 North Facing Terraced Building West Portion,570,3,0.5263157894736842
Panchayat Union Elementary School Servakaranpalayam-638056 East Facing Terraced Building North Side,571,3,0.5253940455341506
Panchayat Union Middle School Kadapalayam-638812 North Facing Tiled Building West Portion,955,5,0.5235602094240838
Panchayat Union Elementary School Kolathupalayam-638455 East Facing Terraced Building,965,5,0.5181347150259068
Panchayat Union Elementary School Morattupalayam-638752 West Facing Terraced Building South Side,779,4,0.5134788189987163
N.R.Karupananadar Kalvinilaiyam High School Kunnathur-638103 South Facing Terraced Building West Portion,604,3,0.4966887417218543
Panchayat Union Elementary School Goundampalayam-638752 South Facing Tiled Building,610,3,0.4918032786885246
Panchayat Union Middle School 16 Velampalayam-638103 East Facing New Terraced Building,817,4,0.4895960832313341
Panchayat Union Middle School Sirukalanji - 638751 North Facing New Terraced Building,1035,5,0.4830917874396135
Panchayat Union Elementary School Sarkarperiyapalayam-641607 South Facing Terraced Building East Side,845,4,0.4733727810650888
Government Girls Higher Secondary School Perundurai-638052 North Facing New Terraced Building Room No 12,431,2,0.4640371229698376
"Government Girls Higher Secondary School
Perundurai-638052 North Facing Terraced Building Room No 15",670,3,0.4477611940298508
"Panchayat Union Elementary School Kaikolampalayam-638056 South Facing
Terraced Building West Side",740,3,0.4054054054054054
Panchayat Union Elementary School Nallampatty-638057 East Facing Tiled Building North Side,497,2,0.4024144869215292
N.R.Karupananadar Kalvinilaiyam High School Kunnathur-638103 South Facing Terraced Building East Side,758,3,0.395778364116095
"Panchayat Union Elementary School
Kandampalayam-638052 South Facing Colour Roof Sheet Building East Side",255,1,0.392156862745098
N.R.Karupananadar Kalvinilaiyam High School Kunnathur-638103 West Facing Tiled Building East Portion,527,2,0.3795066413662239
"Panchayat Union Elementary School Vellireveli-638103 East Facing Terraced
Building North Portion",805,3,0.3726708074534161
CSI School Selatterpuram-638052 East Facing Tiled Building North Side,816,3,0.3676470588235294
Panchayat Union Elementary School Koonampatti-638056 South Facing Tiled Building,822,3,0.364963503649635
Panchayat Union Elementary School Pachagoundampalayam-638056 South Facing Terraced Building East Side,567,2,0.3527336860670194
Panchayat Union Middle School Sanarpalayam(East)-638056 West Facing Terraced Building,570,2,0.3508771929824561
"Panchayat Union Elementary School Kandampalayam-638107 South Facing
Terraced Building West Portion",576,2,0.3472222222222222
Panchayat Union Middle School Uthukuli R S-638751 North Facing Tiled Building West Side,882,3,0.3401360544217687
"Panchayat Union Elementary School Tharttanchirai-638103 East Facing Terraced
Building South Portion",589,2,0.3395585738539898
Panchayat Union Middle School Perundurai East-638052 West Facing New Terraced Building,612,2,0.326797385620915
"Panchayat Union Middle School
Senapathichettipalayam-638812 North Facing Terraced Building East Portion",613,2,0.3262642740619902
Panchayat Union Elementary School Saravanapuram-638056 North Facing Terraced Building East Side,615,2,0.3252032520325203
Panchayat Union Elementary School Vamalaigoundanpalayam-638103 West Facing East New Rcc Terraced Building,624,2,0.3205128205128205
Panchayat Union Elementary School Paniyampalli-638058 North Facing Tiled Building West Side,634,2,0.3154574132492113
Government Higher Secondary School Thingalur-638055 East Facing Groundfloor Terraced Building North Side,636,2,0.3144654088050315
Panchayat Union Elementary School Saravanapuram-638056 North Facing New Terraced Building West Portion,638,2,0.3134796238244514
Panchayat Union Middle School Perundurai East-638052 North Facing New Terraced Building West Portion,641,2,0.31201248049922
Panchayat Union Elementary School Arugampalayam-638752 East Facing East New Terraced Building,643,2,0.3110419906687403
"Panchayat Union Elementary School
Kaikolampalayam-638056 South Facing Terraced Building East Side",343,1,0.2915451895043732
Panchayat Union Middle School Uthukuli R S-638751 North Facing Tiled building East Side,356,1,0.2808988764044944
Panchayat Union Middle School Neelagoundenpalayam-638812 West Facing Terraced Building,740,2,0.2702702702702703
Government Boys Higher Secondary School Uthukuli-638751 North Facing Terraced Building East Portion,757,2,0.2642007926023778
CSI School Ellispetai-638116 North Facing Terraced Building,819,2,0.2442002442002442
Panchayat Union Elementary School Karukupalayam-638103 North Facing Terraced Building,415,1,0.2409638554216868
"Panchayat Union Middle School Neelagoundenpalayam-638812 East Facing
Tiled Building",429,1,0.2331002331002331
"Panchayat Union Elementary School
Muthampalayam-638812 North Facing Terraced Building East Portion",431,1,0.2320185614849188
"Panchayat Union Middle School Perundurai South-638052 North Facing Terraced Building
West Side",459,1,0.2178649237472767
Government Boys Higher Secondary School Uthukuli-638751 East Facing New Terraced Building Middle Portion,930,2,0.2150537634408602
Panchayat Union Elementary School Kolathupalayam-638751 North Facing Tiled Building East Side,486,1,0.205761316872428
Panchayat Union Elementary School Kolathupalayam-638751 North Facing Tiled Building West Portion,540,1,0.1851851851851852
Panchayat Union Elementary School Karunampathy-638103 East Facing Terraced Building North Side,543,1,0.1841620626151013
Government Higher Secondary School Vijayapuri-638056 East Facing Terraced Building South Side Room,550,1,0.1818181818181818
"Panchayat Union Middle School Vettainkinaru-
638055 West Facing Terraced Building North Side",573,1,0.1745200698080279
Panchayat Union Middle School Pappampalayam-638055 East Facing New Terraced Building East Side,580,1,0.1724137931034483
"Panchayat Union Elementary School
Sedarpalayam-638752 East Facing Tiled Building",604,1,0.1655629139072848
Government Higher Secondary School Vijayapuri-638056 East Facing Terraced Building North Side Room,675,1,0.1481481481481481
C.S.I Aided Elementary School Pattakarampalayam-638057 East Facing Terraced Building,675,1,0.1481481481481481
Panchayat Union Middle School Perundurai East-638052 East Facing South Side New Terraced Building,738,1,0.1355013550135501
Panchayat Union Elementary School Mullampatty-638107 East Facing New Tiled Building,720,0,0.0
Panchayat Union Elementary School Semmandampalayam-638103 West Facing Tiled Building,556,0,0.0
Panchayat Union Elementary School Thoppupalayam-638052 East Facing New Terraced Building North Portion Room No 2,412,0,0.0
"Panchayat Union Elementary School
M.Olappalayam-638107 East facing Terraced Building",266,0,0.0
