Serial No. Of Polling Station,Locality,Polling  Area,Winner_Party,Runner_Up_Party,Margin_Of_Victory,Margin_Percentage
13,Thathankulam,"1.Karungulam  (R.V),  Thathenkulam  (P)  Pallivasal  Street  Block  1  , 2.Karungulam  (R.V),  Thathenkulam  (P)  Pallivasal  South  Street  Block  2  , 3.Karungulam  (R.V),  Thathenkulam  (P)  Annamalai  Street  Block  3  , 4.Karungulam  (R.V),  Thathenkulam  (P)  Vinayagar  Kovil  Street  Block  4  , 5.Karungulam  (R.V),  And  Thathenkulam  (P)  Pallivasal  South  Street  Block 1  ,  6.Karungulam  (R.V),  And  Thathenkulam  (P)  Annamalai  North  Street Block  2  ,  7.Karungulam  (R.V),  Thathenkulam  (P)  Kadasakudi  Street  Block 2  ,  8.Karungulam  (R.V),  Thathenkulam  (P)  Kallavandan  Kovil  Street  Block 2  ,  9.Karungulam  (R.V),  Thathenkulam  (P)  C.M.S  Kovil  Street  Block  2  , 10.Karungalam  (R.V),  Thathenkulam  (P)  Sekkadi  Street  Block  2  , 11.Karungalum  (R.V),  Thathenkulam  (P)  Vinayagar  Kovil  Street  Block  2  , 12.Karungulam  (R.V),  Thathenkulam  (P)  Bharathiyar  Street  Block  2  , 13.Karungulam  (R.V),  Thathenkulam  (P)  Vadamalai  Vinayagar  Kovil
Street  Block  4  ,  14.Karungulam  (R.V),  Thathenkulam  (P)  R.C.Kovil  Street
Block  2  ,  999.OVERSEAS  ELECTORS",All India Anna Dravida Munnetra Kazhagam,Tamilaga Vettri Kazhagam,10,1.658374792703151
16,Melaseriyanthur,"1.Serakulam  (R.V)  And  (p)  Melasriyanthur  vedakovil  street  block  7  , 2.Serakulam  (R.V)  And  (P)  Melasriyanthur  South  Street  Block  7  , 3.Serakulam  (R.V)  And  (P)  Melasriyanthur  North  Street  Block  7  , 4.Serakulam  (R.V)  And  (P)  Magilchipuram  Vedakovil  Street  Block  8  , 5.Serakulam  (R.V)  And  (P)  Magilchipuram  North  Street  Block  8  , 6.Serakulam  (R.V)  And  (P)  Magilchipuram  South  Street  Block  8  , 7.Serakulam  (R.V)  And  (P)  Lakshmi  Narayanapuram  Block  9  , 999.OVERSEAS  ELECTORS",All India Anna Dravida Munnetra Kazhagam,Tamilaga Vettri Kazhagam,7,1.176470588235294
17,Serakulam,"1.Serakulam  (R.V)  And  (p)  Serakulam  pillaiyar  kovil  street  block  1  , 2.Serakulam  (R.V)  And  (P)  Pillaiyar  Kovil  Street  Block  2  ,  3.Serakulam (R.V)  And  (P)  Subramaniapuram  Block  3  ,  4.Sharakulam  (R.V)  And  (P)
Sharakulam  South  Street  Block  1  ,  5.Sharakulam  (R.V)  And  (P)  Amman Kovil  West  Street  Block  1  ,  6.Sharakulam  (R.V)  And  (P)  Amman  Kovil  East Street  Block  2  ,  7.Sharakulam  (R.V)  And  (P)  Vembadi  Street  Block  2  ,
999.OVERSEAS  ELECTORS",Tamilaga Vettri Kazhagam,All India Anna Dravida Munnetra Kazhagam,8,1.27591706539075
18,Serakulam,"1.Serakulam  (R.V)  And  (p)  Eluppaikulam  block  4  ,  2.Serakulam  (R.V)  And
(P)  Chinarkulam  Block  5  ,  3.Serakulam  (R.V)  And  (P)  Vettikkulam  Block  6
,  4.Serakulam  (R.V)  And  (P)  Theeratthikulam  Block  6  ,  999.OVERSEAS ELECTORS",Tamilaga Vettri Kazhagam,All India Anna Dravida Munnetra Kazhagam,1,0.1265822784810127
25,Thiruvarangapatti,"1.Kalvai  (R.V)  And  (P)  Thiruvarankampatti  Block  6  ,  999.OVERSEAS ELECTORS",All India Anna Dravida Munnetra Kazhagam,Indian National Congress,17,4.829545454545454
46,Sri  moolakarai,"1.Srimoolakarai  (R.V)  And  (P)  Srimoolakarai  East  Block  5  ,
2.Srimoolakarai  (R.V)  And  (P)  Srimoolakarai  Middle  Block  5  , 3.Srimoolakarai  (R.V)  And  (P)  Srimoolakarai  West  Block  5  , 999.OVERSEAS  ELECTORS",All India Anna Dravida Munnetra Kazhagam,Tamilaga Vettri Kazhagam,35,3.972758229284903
48,Selvamaninagar,"1.Nattathi  (R.V)  And  (P)  complite  Mullanvilai,Ammanpuram,  pattandivilai, Neelamaniap  ,  999.OVERSEAS  ELECTORS",Tamilaga Vettri Kazhagam,All India Anna Dravida Munnetra Kazhagam,5,0.7246376811594203
51,Subramaniapuram,"1.Sawyerpuram  (SGTP)  Pudunainarpuram  1  ward  9  ,  2.Sawyerpuram (SGTP)  Chettiar  Street  2  Ward  9  ,  3.Sawyerpuram  (SGTP)  ManiStreet  3 Ward  9  ,  4.Sawyerpuram  (SGTP)  UoorkavalanStreet  4  Ward  9  ,
5.Sawyerpuram  (SGTP)  PrasathStreet  5  Ward  9  ,  6.Sawyerpuram  (SGTP) SavierStreet  6  Ward  9  ,  7.Sawyerpuram  (SGTP)  Pathinathar  Street7  Ward 9  ,  8.Sawyerpuram  (SGTP)  Kovil  Street  8  Ward  9  ,  9.Sawyerpuram  (SGTP) SelvanStreet  9  Ward  9  ,  10.Sawyerpuram  (SGTP)  Nehru  Street10  Ward  9  , 11.Sawyerpuram  (SGTP)  Main  Road  Street  11  Ward  9  ,  999.OVERSEAS
ELECTORS",Indian National Congress,Tamilaga Vettri Kazhagam,12,1.951219512195122
56,Naduvakkurichi,"1.Sawyerpuram  (SGTP)  Vinayagarkovil  Street  1  Ward  7  ,  2.Sawyerpuram (SGTP)  ParkStreet  Ward  6  ,  3.Sawyerpuram  (SGTP)  MihavalStreet  2  Ward 7  ,  4.Sawyerpuram  (SGTP)  Vinayagarkovil  Street  2  Ward  6  , 5.Sawyerpuram  (SGTP)  Bharathi  Street  Ward  6  ,  6.Sawyerpuram  (SGTP) Kamaraj  Street  Ward  6  ,  7.Sawyerpuram  (SGTP)  ChidamparamStreet Ward  6  ,  999.OVERSEAS  ELECTORS",All India Anna Dravida Munnetra Kazhagam,Tamilaga Vettri Kazhagam,6,1.268498942917548
59,Sebatthaiyapuram,"1.Sawyerpuram  (SGTP)  Vinayagar  Kovil  East  Street  Block  3  , 2.Sawyerpuram  (SGTP)  VinayagarKovil  Street  Ward  13  ,  999.OVERSEAS ELECTORS",All India Anna Dravida Munnetra Kazhagam,Tamilaga Vettri Kazhagam,9,1.796407185628742
60,Sebatthaiyapuram,"1.Sawyerpuram  (SGTP)  GopalakrishnanStreet  Ward  13  ,  999.OVERSEAS ELECTORS",All India Anna Dravida Munnetra Kazhagam,Tamilaga Vettri Kazhagam,15,2.857142857142857
65,Kovankadu,"1.Iruvappa  puram  2  (R.V)  And  (P)  Kovankadu  (P)  North  street  block  1  , 999.OVERSEAS  ELECTORS",Tamilaga Vettri Kazhagam,All India Anna Dravida Munnetra Kazhagam,29,5.0
73,Manjalneerkayal,"1.Manjalneerkayal  (R.V)  And  (P)  Colony  street  block  1  ,  2.ManjalNeerkayal (R.V)  And  (P)  North  Street  Block  1  ,  3.Manjalneerkayal  (R.V)  And  (P)  South Street  Block  2  ,  4.Manjalneerkayal  (R.V)  And  (P)  Rise  Mill  Street  Block  2  , 5.Manjalneerkayal  (R.V)  And  (P)  Chidambaranagar  Block  2  ,
6.Manjalneerkayal  (R.V)  And  (P)  Twad  Board  Block  2  ,  999.OVERSEAS
ELECTORS",Tamilaga Vettri Kazhagam,All India Anna Dravida Munnetra Kazhagam,16,2.240896358543417
74,Agaram,"1.Agaram  (R.V)  And  (P)  Colony  Street  Block  1  ,  2.Agaram  (R.V)  And  (P) North  Street  Block  1  ,  3.Agaram  (R.V)  And  (P)  West  Street  Block  1  , 999.OVERSEAS  ELECTORS",Tamilaga Vettri Kazhagam,All India Anna Dravida Munnetra Kazhagam,1,0.1623376623376623
84,Umarikadu,"1.Korkai  (R.V),  Umarikadu  (P)  Ambedkar  street  block  4  ,  2.Korkai  (R.V),
Umarikadu  (P)  Aatangkarai  Street  Block  4  ,  3.Korkai  (R.V),  Umarikadu  (P) Barathiyar  Street  Block  4  ,  4.Korkai  (R.V),  Umarikadu  (P)  Main  Road Block  4  ,  5.Korkai  (R.V),  Umarikadu  (P)  Main  Road  Block  5  ,  6.Korkai (R.V),  Umarikadu  (P)  Nadar  South  Street  Block  5  ,  7.Korkai  (R.V),
Umarikadu  (P)  Gulalar  North  Street  Block  5  ,  999.OVERSEAS  ELECTORS",All India Anna Dravida Munnetra Kazhagam,Tamilaga Vettri Kazhagam,20,2.518891687657431
88,Teepachi,"1.Maramangalam  (R.V)  And  (P)  Teepachi  Block  1  ,  999.OVERSEAS ELECTORS",All India Anna Dravida Munnetra Kazhagam,Tamilaga Vettri Kazhagam,5,1.432664756446991
98,Eral,"1.Eral  (SGTP)  Kammalar  Street  1  Ward  5  ,  2.Eral  (SGTP)  Found Achiarymar  Street  2  Ward  11  ,  3.Eral  (SGTP)  Found  mudalimar  Street  3 Ward  11  ,  4.Eral  (SGTP)  VandimalaichiammanKovil  Street  4  Ward  9  ,
5.Eral  (SGTP)  SolaiStreet  5  Ward  10  ,  6.Eral  (SGTP)  Market  Street  6  Ward 9  ,  7.Eral  (SGTP)  Padither  Street  7  Ward  9  ,  8.Eral  (SGTP)  palayangkottai Road  Street  8  Ward  7  ,  9.Eral(SGTP)  V.O.C.  Street  Block  7  ,
999.OVERSEAS  ELECTORS",All India Anna Dravida Munnetra Kazhagam,Tamilaga Vettri Kazhagam,23,4.121863799283155
102,Eral,"1.Eral  (SGTP)  Nadar  2  Street  ,  Street  Ward  12  ,  2.Eral  (SGTP)
Vadapathirakaliammankovil  Street  Ward  12  ,  3.Eral  (SGTP)  Nattar
Ammankovil  Street  Ward  14  ,  4.Eral  (SGTP)  Odakarai  Street,  Street  5 Ward  14  ,  5.Eral  (SGTP)  Thoothukudi  Road  Ward  14  ,  6.Eral  (SGTP) Nadar  Street  1  Ward  12  ,  7.Eral  (SGTP)  North  PalliMelaStreet  2  Ward  15  , 999.OVERSEAS  ELECTORS",Tamilaga Vettri Kazhagam,All India Anna Dravida Munnetra Kazhagam,6,1.121495327102804
104,Eral,"1.Eral  (SGTP)  Mohamedar  Street  Ward  6  ,  2.Eral  (SGTP)  KeelKattuStreet,
Street  4  Ward  2  ,  3.Eral  (SGTP)  MadaStreet,  1st  lane  ward  3  ,  4.Eral
(SGTP)  Mada  Street  2nd  Lane  Ward  3  ,  5.Eral  (SGTP)  Mada  Street  3rd Lane  Ward  3  ,  6.Eral  (SGTP)  Malaiyaruthan  Street  ward  3  ,  7.Eral  (SGTP) Nadar  Mudukkutheru  Ward  3  ,  999.OVERSEAS  ELECTORS",Tamilaga Vettri Kazhagam,Indian National Congress,21,4.805491990846682
111,Siruthondanallur,"1.Siruthondanallur  (R.V)  And  (P)  Siruthondanallur  block  7  , 2.Siruthondanallur  (R.V)  And  (P)  Siruthondanallur  Block  9  and  10  , 999.OVERSEAS  ELECTORS",Tamilaga Vettri Kazhagam,Indian National Congress,25,3.45303867403315
112,Siruthondanallur,"1.Siruthondanallur  (R.V)  And  (P)  Acharymar  Street,  Poochivilai  Street Block  8,  2.Siruthondanallur  (R.V)  And  (P)  Siruthondanallur  Block  9  and 10  ,  3.Siruthondanallur  (R.V)  And  (P)  Kottaikaud  Block  11  , 999.OVERSEAS  ELECTORS",Tamilaga Vettri Kazhagam,Indian National Congress,27,3.082191780821918
121,Sivagalai,"1.Sivagalai  (R.V)  And  (P)  Sivagalai  parupu  block  10  ,  999.OVERSEAS ELECTORS",All India Anna Dravida Munnetra Kazhagam,Tamilaga Vettri Kazhagam,22,4.166666666666666
129,Thirupuliangudi,"1.Thirupuliangudi  (R.V)  And  (P)  Thoppadiyour  Block  1  , 2.Thirupuliangudi  (R.V)  And  (P)  Payrinpapuram  Block  1  ,
3.Thirupuliangudi  (R.V)  And  (P)  Sundarapandiyapuram  Block  1  ,
4.Thirupuliangudi  (R.V)  And  (P)  Thiruppuliangudi  Block  2  , 999.OVERSEAS  ELECTORS",All India Anna Dravida Munnetra Kazhagam,Tamilaga Vettri Kazhagam,6,0.7416563658838072
130,Srivaikuntam,"1.Srivaikundam  (SGTP)  Tepakulasteet  ward  13  ,  2.Srivaikundam  (SGTP) SakattukaraStreet  Ward  15  ,  3.Srivaikundam  (SGTP)  North  MadaStreet Ward  13  ,  4.Srivaikundam  (SGTP)  South  mada  Veethi  Ward  13  , 5.Srivaikundam  (SGTP)  Sanathi  West  Street  Ward  15  ,  999.OVERSEAS ELECTORS",Tamilaga Vettri Kazhagam,All India Anna Dravida Munnetra Kazhagam,24,3.827751196172249
132,Srivaikuntam,"1.Srivaikundam  (SGTP)  Sakaratheradi  street  ward  15  ,  2.Srivaikundam
(SGTP)  OasakudiStreet  Ward  15  ,  3.Srivaikundam  (SGTP)  MahaDevarkovil Street  Ward  17,  4.Srivaikundam  (SGTP)  Sanathi  Center  Street  3
Ambalakarastreet  Ward  16  ,  999.OVERSEAS  ELECTORS",All India Anna Dravida Munnetra Kazhagam,Tamilaga Vettri Kazhagam,22,4.051565377532229
134,Srivaikuntam,"1.Srivaikundam  (SGTP)  Kammalastreet  ward  5  ,  2.Srivaikundam  (SGTP) North  Pandither  Street  Ward  5  ,  3.Srivaikundam  (SGTP)  Kuyavarcolony Ward  5  ,  4.Srivaikundam  (SGTP)  Perumpathu  Ward  5  ,  5.Srivaikundam
(SGTP)  Muneercolony  Ward  5  ,  6.Srivaikundam  (SGTP)  Melamathieswaran colony  Ward  5  ,  7.Srivaikundam  (SGTP)  Nagamcolony  West  Ward  5  , 8.Srivaikundam  (SGTP)  Nagam  Puducolony  Ward  5  ,  9.Srivaikundam
(SGTP)  Nagamcolony  Center  Ward  5  ,  10.Srivaikundam  (SGTP)  Nagam colony  East  Ward  5  ,  11.Srivaikundam  (SGTP)  Kadarian  colony  Ward  5  , 12.Srivaikundam  (SGTP)  Indhira  colony  Ward  5  ,  999.OVERSEAS
ELECTORS",All India Anna Dravida Munnetra Kazhagam,Tamilaga Vettri Kazhagam,6,0.8130081300813009
136,Srivaikuntam,"1.Srivaikundam  (SGTP)  Ananthi  ammankovil  Street  Ward  4  , 2.Srivaikundam  (SGTP)  Thirumalanaidu  Street  Ward  14  ,  3.Srivaikundam (SGTP)  North  yadavar  Street  Ward  14  ,  4.Srivaikundam  (SGTP)
Mutharammankovil  Street  Ward  14  ,  5.Srivaikundam  (SGTP)
KeelasanathiStreet  Ward  14  ,  999.OVERSEAS  ELECTORS",Tamilaga Vettri Kazhagam,All India Anna Dravida Munnetra Kazhagam,26,4.710144927536232
141,Srivaikuntam,"1.Srivaikundam  (SGTP)  Mutharammankovil  south  street  1  ward  7  , 2.Srivaikundam  (SGTP)  MachiSouth  Street  2  Ward  7  ,  3.Srivaikundam (SGTP)  Center  Street  3  Ward  7  ,  4.Srivaikundam  (SGTP)  SalaiStreet
(ThiruvalluvarStreet)  Street  4  Ward  9  ,  5.Srivaikundam  (SGTP)
SathavarStreet  5  Ward  9  ,  999.OVERSEAS  ELECTORS",Tamilaga Vettri Kazhagam,All India Anna Dravida Munnetra Kazhagam,2,0.4474272930648769
142,Petdurai samypuram,"1.Srivaikundam  (SGTP)  Nalarajapuram  Ward  6  ,  2.Srivaikundam  (SGTP) Ramanathapuram  Ward  6  ,  3.Srivaikundam  (SGTP)  Lakshmipuram  Ward 6  ,  4.Srivaikundam  (SGTP)  Petduraisamypuram  Ward  6  ,
5.Srivaikundam(SGTP)  Maruthuva  colony  Block  6  ,  999.OVERSEAS
ELECTORS",Tamilaga Vettri Kazhagam,All India Anna Dravida Munnetra Kazhagam,3,0.4098360655737705
144,Velur  Cusba,"1.Velur  Kasba  (R.V)  And  (P)  West  street  Block  4  ,  2.Velur  Kasba  (R.V)  And
(P)  PandarakudiStreet  Block  4  ,  3.Velur  Kasba  (R.V)  And  (P) KaniyanColony  Block  5  ,  4.Velur  Kasba  (R.V)  And  (P)  Mariammalpuram Block  5  ,  5.Velur  Kasba  (R.V)  And  (P)  Marukaldurai  Block  5  ,  6.Velur Kasba  (R.V)  And  (P)  Navaladiyoor  Block  6  ,  7.Velur  Kasba  (R.V)  And  (P) Thopadiyoor  Block  6  ,  999.OVERSEAS  ELECTORS",All India Anna Dravida Munnetra Kazhagam,Tamilaga Vettri Kazhagam,16,4.651162790697675
151,Thulaivilimangalam,"1.Keelpedakai  Kasbha  (R.V)  And  (P)  Sunganathapuram  Block  1,  , 2.Keelpedakai  Kasbha  (R.V)  And  (P)  Motachikudirupu  Block  2  , 999.OVERSEAS  ELECTORS",Tamilaga Vettri Kazhagam,All India Anna Dravida Munnetra Kazhagam,3,1.265822784810127
161,Kadayanodai,"1.Kadaiyanodai  (R.V)  And  (P)  Kadaiyanodai  Kasbha  Block  1  ,
2.Kadaiyanodai  (R.V)  And  (P)  Thadiyancolony  Block  2  ,  3.Kadaiyanodai (R.V)  And  (P)  Murugan  colony  Block  3  ,  999.OVERSEAS  ELECTORS",Tamilaga Vettri Kazhagam,Indian National Congress,2,0.5698005698005698
162,Kadayanodai,"1.Cambalapath  (R.V)  And  (P)  Kadaiyanodai  Block  4  ,  2.Kadaiyanodai  (R.V) And  (P)  Kulathukudiruppu  Block  4  ,  3.Kadaiyanodai  (R.V)  And  (P)
Kadaiyanodai  Block  5  ,  4.Kadaiyanodai  (R.V)  And  (P)  Kadaiyanodai
kasbha  Block  6  ,  999.OVERSEAS  ELECTORS",Tamilaga Vettri Kazhagam,Indian National Congress,17,3.063063063063063
166,Sembur,"1.Alahiyamanavalapuram  (R.V)  And  (P)  Manattoor  block  no  3  , 2.Alahiyamanavalapuram  (R.V)  And  (P)  Subramaniyapuram, thattankulam  block  4  ,  3.Alagiamanavalapuram  (R.V)  And  (P) Gomanthanagar  Block  5  ,  999.OVERSEAS  ELECTORS",Tamilaga Vettri Kazhagam,All India Anna Dravida Munnetra Kazhagam,12,4.013377926421405
177,Athinathapuram,"1.Aathinathapuram  (R.V)  And  (P)  Aathinathapuram  Block  2  , 2.Aathinathapuram  (R.V)  And  (P)  Puducolony,  karadiuoor,  vannakkudi, Block  3  ,  999.OVERSEAS  ELECTORS",All India Anna Dravida Munnetra Kazhagam,Indian National Congress,15,2.463054187192118
179,Malavarayanatham,"1.Malavarayanatham  (R.V)  And  (P)  Malavarayanatham  North  Street  Block 1  ,  2.Malarayanatham  (R.V)  And  (P)  MalarayanathamMelakcolony  Block  2
,  3.Malarayanatham  (R.V)  And  (P)  MalarayanathamKeelakcolony  Block  2  ,
999.OVERSEAS  ELECTORS",Tamilaga Vettri Kazhagam,All India Anna Dravida Munnetra Kazhagam,2,0.2906976744186047
181,Keelavellamadam,"1.Vellamadam  (R.V)  And  (P)  VellamadamKasbha  Block  1  ,  2.Vellamadam (R.V)  And  (P)  Velamadam  kasbha  Block  2  ,  3.Vellamadam  (R.V)  And  (P) East  Vellamadam  Kasbha  Block  3  ,  999.OVERSEAS  ELECTORS",All India Anna Dravida Munnetra Kazhagam,Tamilaga Vettri Kazhagam,9,1.100244498777506
183,Pillaiyanmanai,"1.Velamadam  (R.V)  And  (P)  Pillaiyanmanai  Block  6  ,  2.Velamadam  (R.V) And  (P)  Thiruvenkadam  Block  7  ,  3.Velamadam  (R.V)  And  (P)  Vedapuram Block  7  ,  4.Vellamadam  (R.V)  And  (P)  Kovil  Kudiyeruppu  Block  7  , 5.Vellamadam  (R.V)  And  (P)  Walasubramaniapuram  Block  8  ,
6.Vellamadam(R.V)  And  (P)  Vaithilingapuram  Block  8  ,  999.OVERSEAS
ELECTORS",Indian National Congress,Tamilaga Vettri Kazhagam,1,0.1449275362318841
184,Pillaiyanmanai,"1.Velamadam(R.V)  And  (P)  Pillaianmanai  Block  5  ,  2.Vellamadam  (R.V), Themankulam  (P)  Mudalaimoli  Block  7  ,  999.OVERSEAS  ELECTORS",Tamilaga Vettri Kazhagam,Indian National Congress,20,4.640371229698376
191,Asirvathapuram,"1.Srivenkateshwarapuram  (R.V)  And  (p)  Asirwathapuram  block  1  , 2.Srivenkateshwarapuram  (R.V)  And  (P)  Kurukkal  Block  1  , 3.Srivenkateswarapuram  (R.V)  And  (P)  Salaipudur  Block  2  , 999.OVERSEAS  ELECTORS",Tamilaga Vettri Kazhagam,Indian National Congress,10,2.012072434607646
195,Palaniappapuram,"1.Karungkadal  (R.V)  And  (p)  Palaniappapuram  block  1  ,  2.Karunkadal (R.V)  And  (P)  Palaniappapuram  Block  2  ,  999.OVERSEAS  ELECTORS",All India Anna Dravida Munnetra Kazhagam,Tamilaga Vettri Kazhagam,42,4.929577464788732
196,Virakkulam,"1.Karungkadal  (R.V)  And  (p)  Virakkulam  block  10  ,  2.Karungadal  (R.V) And  (P)  Prandakulam  Block  10  ,  999.OVERSEAS  ELECTORS",All India Anna Dravida Munnetra Kazhagam,Tamilaga Vettri Kazhagam,1,0.3389830508474576
198,Puliankulam,"1.Karungkadal  (R.V)  And  (P)  MelaPuleyangkulam  Block  4  ,  2.Karungkadal (R.V)  And  (p)  KeelaPuleyangkulam  Block  5  ,  3.Karungkadal  (R.V)  And  (p) Ilamalkulam  Nadar  Street  Block  6  ,  999.OVERSEAS  ELECTORS",Tamilaga Vettri Kazhagam,All India Anna Dravida Munnetra Kazhagam,15,2.636203866432338
204,Kattarimangalam,"1.Kattarimangalam  (R.V)  And  (p)  Kattarimangalam  block  5  , 2.Kattarimangalam  (R.V)  And  (P)  Kattarimangalam  Block  6  , 999.OVERSEAS  ELECTORS",Tamilaga Vettri Kazhagam,Indian National Congress,14,2.118003025718608
208,Pillaivilai,"1.Eluvaraimokki  (R.V)  And  (P)  Vadakarai,  Meluor.  Pillaivilai  Block  5  ,
2.Eluvaraimokki  (R.V)  And  (P)  Vollyvillai  Block  6  ,  3.Eluvaraimokki  (R.V) And  (P)  Thaivilai  Block  6  ,  999.OVERSEAS  ELECTORS",Indian National Congress,Tamilaga Vettri Kazhagam,2,0.3311258278145696
212,Karuvelampadu,"1.Palangulam  (R.V),  Karuvelampadu  (P)  Karuvelampadu  Block  1  , 2.Palangulam  (R.V),  Karuvelampadu  (P)  Karuvelampadu  Block  2  , 999.OVERSEAS  ELECTORS",Tamilaga Vettri Kazhagam,All India Anna Dravida Munnetra Kazhagam,15,4.373177842565598
215,Palankulam,"1.Palangkulam  (R.V)  And  (p)  Palangkulam  north  street  block  1  , 2.Palangkulam  (R.V)  And  (P)  Ananathapuram  South  Street  Block  3  , 3.Palangkulam  (R.V)  And  (P)  Sadaiyankenaru  Block  5  ,  999.OVERSEAS ELECTORS",Tamilaga Vettri Kazhagam,Indian National Congress,2,0.4149377593360996
219,Kalunguvilai,"1.Komaneri  (R.V)  And  (p)  Madathuvilai  block  1  ,  2.Gomaneri  (R.V)  And  (P)
Gomaneri  Road  Street  ,  Pillaimar  Street  Block  2  ,  3.Gomaneri  (R.V)  And
(P)  Kalunguvilai  Block  3  ,  4.Gomaneri  (R.V)  And  (P)  Coovaikenaru  Block  4
,  999.OVERSEAS  ELECTORS",Tamilaga Vettri Kazhagam,Indian National Congress,31,4.378531073446328
220,Kombankulam,"1.Kombankulam  (R.V)  And  (P)  Kombankulam  Block  4  ,  2.Kombankulam (R.V)  And  (P)  Elaiyaneri  Block  6  ,  3.Kombankulam  (R.V)  And  (P)
Irataikkenaru  Block  7  ,  4.Kombankulam  (R.V)  And  (P)  Vettarasankulam Block  5  ,  5.Kombankulam  (R.V)  And  (P)  Edaivettankudieruppu  Block  5  , 6.Kombankulam  (R.V)  And  (P)  Kotthankulam  Block  5  ,  999.OVERSEAS
ELECTORS",All India Anna Dravida Munnetra Kazhagam,Tamilaga Vettri Kazhagam,21,2.974504249291785
221,Thuvarkulam,"1.Kombankulam  (R.V)  And  (p)  Duvarkkulam  block  1  ,  2.Kombankulam (R.V)  And  (P)  Varibelonkulam  Block  2  ,  3.Kombankulam  (R.V)  And  (P) Mettukkudiruppu  Block  3  ,  999.OVERSEAS  ELECTORS",Indian National Congress,Tamilaga Vettri Kazhagam,13,4.529616724738676
222,Pudukulam,"1.Pudukkulam  (R.V)  And  (p)  Pudkkulam  kasbha  block  1  ,  999.OVERSEAS ELECTORS",Tamilaga Vettri Kazhagam,All India Anna Dravida Munnetra Kazhagam,28,4.810996563573884
223,Pudukulam,"1.Pudukkulam  (R.V)  And  (P)  Chokkalingapuram  Block  2  ,  2.Pudukkulam (R.V)  And  (P)  Valliammalpuram  Block  3  ,  3.Pudukulam  (R.V)  And  (P) Chidathambarapuram  Block  3  ,  999.OVERSEAS  ELECTORS",Indian National Congress,Tamilaga Vettri Kazhagam,20,3.929273084479371
228,Sathyanagaram,"1.Pudhukulam  (R.V),  pandarapuram  (P)  Pandarapuram  Block  4  , 2.Pudhukulam  (R.V)  Pandarapuram  (P)  Krubapuram  Block  4  , 3.Pudhukulam  (R.V),  (Pandarapuram  (P)  Pandarapuram  Block  5  , 4.Pudhukulam  (R.V),  Pandarapuram  (P)  Kirubapuram  Block  5  , 999.OVERSEAS  ELECTORS",All India Anna Dravida Munnetra Kazhagam,Tamilaga Vettri Kazhagam,1,0.1930501930501931
231,Sattankulam,"1.Sathankulam  (SGTP)  Krishanankovil  Street  ,  2.Sathankulam  (SGTP) MelaSathankulam  ,  3.Sathankulam  (SGTP)  Bunglastreet  ,  4.Sathankulam (SGTP)  Melarathaveethai  ,  999.OVERSEAS  ELECTORS",Tamilaga Vettri Kazhagam,All India Anna Dravida Munnetra Kazhagam,22,3.654485049833887
232,Sattankulam,"1.Sathankulam  (SGTP)  Mohamedar  MelaStreet  ,  2.Sathankulam  (SGTP) Pandarapuram  Rastha  Ward11  ,  3.Sathankulam  (SGTP)  Selvavinayagar Kovil  Street  ,  4.Sathankulam  (SGTP)  Veerakumar  Pillai  Street  , 5.Sathankulam  (SGTP)  Keelarathaveethi  ,  6.Sathankulam  (SGTP)
Mathakovil  Street  Ward  11  ,  999.OVERSEAS  ELECTORS",All India Anna Dravida Munnetra Kazhagam,Tamilaga Vettri Kazhagam,12,2.123893805309734
233,Sattankulam,"1.Sathankulam  (SGTP)  Arasaradi  vinayagar  Kovil  Street  ,  2.Sathankulam (SGTP)  NaduStreet  ,  3.Sathankulam  (SGTP)  Swamy  Sanathi  Street  , 4.Sathankulam  (SGTP)  North  Mada  Veethi  ,  5.Sathankulam  (SGTP)
Kuthukkal  Street  ,  6.Sathankulam  (SGTP)  Edakkudi  Street  , 7.Sathankulam  (SGTP)  Thachiar  Street  ,  8.Sathankulam  (SGTP)  North ratha  Veethi  ,  9.Sathankulam  (SGTP)  Udhayamarthandan  vinayagar  Kovil Street  ,  10.Sathankulam  (SGTP)  Nazareth  Road  ,  999.OVERSEAS
ELECTORS",Tamilaga Vettri Kazhagam,All India Anna Dravida Munnetra Kazhagam,17,2.681388012618297
236,Sattankulam,"1.Sathankulam  (SGTP)  Sathankulam  colony  Street  1  ,  2.Sathankulam (SGTP)  Sathankulam  colony  2  Street  ,  3.Sathankulam  (SGTP) Sathankulam  Colony  Street  3  Ward  1  ,  999.OVERSEAS  ELECTORS",Indian National Congress,Tamilaga Vettri Kazhagam,23,4.006968641114982
240,Sattankulam,"1.Sathankulam  (SGTP)  Chekkadi  Pudustreet  ward  3  ,  2.Sathankulam (SGTP)  Main  Road  ward  3  ,  3.Sathankulam  (SGTP)  Savarimuthunadar Street  ward  3  ,  4.Sathankulam  (SGTP)  Veriporttor  Streer  ward  3  , 5.Sathankulam  (SGTP)  Pillaiyar  Kovil  Street  ward  3  ,  6.Sathankulam
(SGTP)  Arunachalamchettiar  Street  ward  3  ,  7.Sathankulam  (SGTP) Kariyalan  Kudiruppu  Street  ward  3  ,  8.Sathankulam(SGTP)
Pillaiyarsannathi  Street  Ward  -  3  ,  999.OVERSEAS  ELECTORS",Tamilaga Vettri Kazhagam,All India Anna Dravida Munnetra Kazhagam,21,4.595185995623632
241,Sattankulam,"1.Sathankulam  (SGTP)  Chettier  Nadu  street  ward  9  ,  2.Sathankulam (SGTP)  Chettier  KeelaStreet  ward  9  ,  3.Sathankulam  (SGTP)
Pandarnchettivillai  ward  9  ,  4.Sathankulam  (SGTP)  Perumalkovil  Street ward  9  ,  5.Sathankulam  (SGTP)  Thachaimoli  Mutharammankovil  Street ward  9  ,  6.Sathankulam  (SGTP)  Chettiar  Sourh  Street  ward  9  ,
999.OVERSEAS  ELECTORS",All India Anna Dravida Munnetra Kazhagam,Tamilaga Vettri Kazhagam,26,3.651685393258427
242,Sattankulam,"1.Sattankulam  (R.V)  and  (P)  Thaccmozhi  Nadar  South  Street  1  Sandu  1 Ward  6  ,  2.Sathankulam  (SGTP)  Thachaimoli  Nadar  South  Street  1  sandu 2  ,  3.Sathankulam  (SGTP)  Thachaimoli  Nadar  Street  1  Sandu  3  , 4.Sathankulam  (SGTP)  Thachaimoli  Nadar  South  Street  1,  Sandu  4  , 5.Sathankulam  (SGTP)  Thachaimoli  Nadar  SouthStreet  1,  Sandu  5  , 6.Sathankulam  (SGTP)  Thachaimoli  Nadar  South  Street  2  , 7.Sathankulam  (SGTP)  Thachaimoli  Nadar  Street  3  ,  8.Sathankulam
(SGTP)  Thachaimoli  Nadar  South  Street  4  ,  9.Sathankulam  (SGTP)
Thachaimoli  Nadar  Street  ,  999.OVERSEAS  ELECTORS",All India Anna Dravida Munnetra Kazhagam,Tamilaga Vettri Kazhagam,8,1.801801801801802
248,Muthu krishnapuram,"1.Sattankulam  (R.V),  Subburayapuram  (P)  Thalavaipuram  Block  4  , 2.Sattankulam  (R.V),  Subburayapuram  (P)  Arumuganeri  Block  5  , 3.Sattankulam  (R.V),  Subburayapuram  (P)  Kalankudierruppu  Block  5  , 4.Sattankulam  (R.V),  Subburayapuram  (P)  Muthukrishnapuram  Block  3  , 5.Sattankulam  (R.V),  Subburayapuram  (P)  Srirenganathapuram  Block  3  , 6.Sattankulam  (R.V),  Subburayapuram  (P)  Thoppuvalam  Block  1  , 7.Sattankulam  (R.V),  Subburayapuram  (P)  Kanthasamypuram  Block  1  , 999.OVERSEAS  ELECTORS",Tamilaga Vettri Kazhagam,All India Anna Dravida Munnetra Kazhagam,31,4.936305732484077
252,Katachapuram,"1.Muthaluor  (P)  Valliammalpuram  Block  10  ,  2.Muthaluor  (P) Muthukrishanapuram  Block  11  ,  3.Muthaluor  (P)  Aladithattu  Block  12  , 4.Muthaluor  (P)  Shunmugapuram  Block  13  ,  5.Muthaluor  (P) Kadachipuram  North  Street  KeelaStreet  KoilStreet  Block  16  ,  6.Muthaluor
(P)  Kadakachipuram,2nd  South  Street  ,  Pudustreet  Block  17  ,
999.OVERSEAS  ELECTORS",All India Anna Dravida Munnetra Kazhagam,Indian National Congress,43,4.730473047304731
253,Katachapuram,"1.Mudalur  (R.V)  And  (P)  Aathikkadu  Block  14  ,  2.Mudalur  (R.V)  And  (P) Chokkalingapuram  Block  15  ,  3.Mudalur  (R.V)  And  (P)  Katthapuram, Jeyapalpuram  Block  18  ,  4.Mudalur  (R.V)  And  (P)  Anbinnagaram  Block 19  ,  999.OVERSEAS  ELECTORS",Indian National Congress,All India Anna Dravida Munnetra Kazhagam,26,4.384485666104553
254,Kankaniarpuram,"1.Shasthavinallur  (R.V)  And  (P)  Chandrayerpuram  Block  1  , 2.Shasthavinallur  (R.V)  And  (P)  Subbramaniapuram  Block  2  , 3.Shasthavinallur  (R.V)  And  (P)  Subramaniapuram  Block  3  , 999.OVERSEAS  ELECTORS",All India Anna Dravida Munnetra Kazhagam,Tamilaga Vettri Kazhagam,14,3.063457330415755
256,Kolunthattu,"1.Sasthavenallur  (R.V)  And  (p)  Kolunthattu  Block  11  ,  2.Sasthavenallur
(R.V)  And  (P)  Valathour  Vairvam  Block  12  ,  3.Sasthavenallur  (R.V)  And  (P) Showkeyapuram  Block  13  ,  4.Sasthavenallur  (R.V)  And  (P)  Kammanvillai Block  14  ,  5.Sasthavenallur  (R.V)  And  (P)  Vairavam  Block  15  , 999.OVERSEAS  ELECTORS",Tamilaga Vettri Kazhagam,Indian National Congress,8,0.9987515605493134
257,Pothakalanvillai,"1.Shasthavinalluor  (R.V)  And  (P)  Potthakanvillai  Block  4  , 2.Shasthavinalluor  (R.V)  And  (P)  Potthanvillai  Block  5  ,  999.OVERSEAS ELECTORS",Tamilaga Vettri Kazhagam,Indian National Congress,21,2.755905511811024
258,Pothakalanvillai,"1.Mudalur  (R.V)  And  (P)  Potthakkalanvillai  Block  8  ,  2.Shasthavinalluor (R.V)  And  (P)  Narayankudiruppu  Block  7  ,  3.Shasthavinalluor  (R.V)  And
(P)  Narayankudiruppu  Block  8  ,  4.Shasthavinalluor  (R.V)  And  (P)
Pudukudi  Block  9  ,  999.OVERSEAS  ELECTORS",Tamilaga Vettri Kazhagam,All India Anna Dravida Munnetra Kazhagam,12,2.474226804123711
261,Naduvakkurichi,"1.Naduvaikurichi  (R.V)  And  (P)  Mukkandanvillai,  Nallur  Block  4  , 2.Naduvaikurichi  (R.V)  And  (P)  South  ramasamypuram  Block  5  , 3.Naduvaikurichi  (R.V)  And  (P)  MelaNaduvaikurichi  Block  6  ,
4.Naduvaikurichi  (R.V)  And  (P)  Prakasapuram  Block  7  ,  999.OVERSEAS
ELECTORS",Indian National Congress,All India Anna Dravida Munnetra Kazhagam,21,3.5
263,Thattarmadam,"1.Naduvaikurichi  (R.V)  And  (P)  Valathuoor  Block  2  ,  2.Naduvaikurichi
(R.V)  And  (P)  Palavesamuthan  Thattu  Block  16  ,  3.Naduvaikurichi  (R.V) And  (P)  Nayenaarpuram  Block  18  ,  999.OVERSEAS  ELECTORS",All India Anna Dravida Munnetra Kazhagam,Tamilaga Vettri Kazhagam,8,1.512287334593573
265,Kumaranvilai,"1.Arasoor  2  (R.V),  Arasoor  (p)  Keliyanvillai  block  12  ,  2.Arasoor  2  (R.V),
Arasoor  (P)  Pottal  villai  Konithattu  Block  12  ,  3.Arasoor  2  (R.V),  Arasoor
(P)  Kottaithattu  Block  13  ,  4.Arasoor  2  (R.V),  Arasoor  (P)  Panaivillai  Block 12  ,  5.Arasoor  2  (R.V),  Arasoor  (P)  Ananthavillai  Block  12  ,  6.Arasoor  2 (R.V),  Arasoor  (P)  Kumaranvillai  Block  13  ,  7.Arasoor  2  (R.V),  Arasoor  (P) Alantherivillai  Block  13  ,  8.Arasoor  2  (R.V),  Arasoor  (P)  Azhakiyavillai Block  13  ,  999.OVERSEAS  ELECTORS",Tamilaga Vettri Kazhagam,All India Anna Dravida Munnetra Kazhagam,7,0.805523590333717
267,Vagaineri,"1.Arasoor  2  (R.V),  Arasoor  (P)  Vaganeri,  Udaianeristreet  Block  1  ,
2.Arasoor  2  (R.V),  Arasoor  (P)  Thottikaranvillai  Block  1  ,  3.Arasoor  2  (R.V), Arasoor  (P)  Vagainariyathaverkudiruppu  Block  1  ,  999.OVERSEAS ELECTORS",Tamilaga Vettri Kazhagam,All India Anna Dravida Munnetra Kazhagam,14,4.3343653250774
268,Poochikadu,"1.Arasoor  1  (R.V),  Arasoor  (P)  Puchikadu  Block  6  ,  2.Arasoor  1  (R.V), Arasoor  (P)  Mettu  villai  Block  9  ,  3.Arasoor  (R.V),  Arasoor  (P) Sivasubramaniapuram  Block  9  ,  4.Arasoor  1  (R.V),  Arasoor  (P)  Kamaraj Nagar  Block  9  ,  999.OVERSEAS  ELECTORS",All India Anna Dravida Munnetra Kazhagam,All India Anna Dravida Munnetra Kazhagam,0,0.0
269,Poochikadu,"1.Arasoor  (R.V),  Arasoor  (P)  Suyambulingapuram  Block  7  ,  2.Arasoor  1 (R.V),  Arasoor  (P)  Perumalpuram  Block  6  ,  3.Arasoor  1  (R.V),  Arasoor  (P) Pudukkottai  Block  6  ,  4.Arasoor  1  (R.V),  Arasoor  (P)  Valathanvilai  Block  7
,  999.OVERSEAS  ELECTORS",All India Anna Dravida Munnetra Kazhagam,Tamilaga Vettri Kazhagam,3,0.7263922518159807
270,Poochikadu,"1.Arasoor  1  (R.V),  Arasoor  (P)  Theethanvillai  Block  8  ,  999.OVERSEAS ELECTORS",Tamilaga Vettri Kazhagam,All India Anna Dravida Munnetra Kazhagam,4,0.7619047619047619
273,Kadakulam,"1.Arasoor  1  (R.V),  Arasoor  (p)  Kadakulam  block  18  ,  999.OVERSEAS ELECTORS",Indian National Congress,Indian National Congress,0,0.0
274,Athisayapuram,"1.Arasoor  1  (R.V),  Arasoor  (p)  Athisayapuram  Block  19  ,  2.Arasoor  1  (R.V), Arasoor  (P)  Karishal  vadapuram,  tenpuram  Block  20  ,  999.OVERSEAS ELECTORS",Indian National Congress,All India Anna Dravida Munnetra Kazhagam,20,3.395585738539898
279,Chockankudiruppu,"1.Kommadikottai  (R.V)  And  (p)  Chokkankudiruppu  block  3  , 2.Kommadikottai  (R.V)  And  (P)  Chokkankudiruppu  Block  4  ,
3.Kommadikottai  (R.V)  And  (P)  Chokkankudiruppu  Gandhinagar  Block  5  ,
999.OVERSEAS  ELECTORS",Tamilaga Vettri Kazhagam,Indian National Congress,22,2.770780856423174
280,Kommadikottai,"1.Kommadikottai  (R.V)  And  (P)  Kommadikottai  Block  1  ,  2.Kommadikottai (R.V)  And  (P)  Vshuvasapuram  Block  2  ,  3.Kommadikottai  (R.V)  And  (P) Chinnaranipuram  Block  3  ,  999.OVERSEAS  ELECTORS",All India Anna Dravida Munnetra Kazhagam,Tamilaga Vettri Kazhagam,15,2.683363148479427
