Serial No. Of Polling Station,Building in which it will be located,Polling Area,Winner_Party,Runner_Up_Party,Margin_Of_Victory,Margin_Percentage
3,"Muthusamy Viswanathan High School, North Side New Building, Mathiravelur","1. Mathiravelur (R.V) And (P), Poonkudi South Street Ward:3, 2. Mathiravelur (R.V) And (P), Poonkudi Colony Street Ward:3, 3. Mathiravelur (R.V) And (P), Thoppu Street Ward:3, 4. Mathiravelur (R.V) And (P), Kalungudi Street Ward:3, 5. Mathiravelur (R.V) And (P), Otha Street Ward:3, 6. Mathiravelur (R.V) And (P), Poonkudi Nayakkar Street Ward:3, 7. Mathiravelur (R.V) And (P), Senniyanallur Ward:3, 8. Mathiravelur (R.V) And (P), Subarayanpettai Ward:3, 9. Mathiravelur (R.V) And (P), Keelavadi Adidravidar Street Ward:3,
10. Mathiravelur (R.V) And (P), Keelavadi Valluvar Street Ward:3, 11. Mathiravelur (R.V) And (P), Adidravidar Colony Ward:3, 999. OVERSEAS ELECTORS",All India Anna Dravida Munnetra Kazhagam,Dravida Munnetra Kazhagam,30,3.239740820734342
6,"Panchayat Union Elementary School,North facing South building west portion, Sothiyagudi","1. Sothiyakudi (R.V) And (P), Sothiyakudi School Street ward:1, 2. Sothiyakudi (R.V) And (P), Pillaiyar Kovil Street ward:1, 3. Sothiyakudi (R.V) And (P), Maniyam Madapurm ward:3, 4. Sothiyakudi (R.V) And (P), Madapuram South Street ward:1, 5. Sothiyakudi (R.V) And (P), Main Road Sothiyagudi ward:1, 6. Sothiyakudi (R.V) And (P), Kannikovil Street ward:1, 7. Sothiyakudi (R.V) And (P), Madapurm Pillayar Kovil Street ward:1, 8. Sothiyakudi (R.V) And (P), Madapuram West Street ward:1, 999. OVERSEAS ELECTORS",Dravida Munnetra Kazhagam,All India Anna Dravida Munnetra Kazhagam,7,0.78125
8,"Kollidam Panchayat Union Middle School, Western building South Portion, Aananthakuthan","1. Gopalasamuthiram (R.V) And (P), Anandakootthan Kudiyana Street ward:1, 2. Gopalasamuthiram (R.V) And (P), Rajangam Nagar ward:1, 3. Gopalasamuthiram (R.V) And (P), Ananthakoothan Mainroad ward:1, 4. Gopalasamuthiram (R.V) And (P), Chinnaputhur Mainroad ward:1, 5. Gopalasamuthiram (R.V) And (P), Kuravar Street ward:1, 999.
OVERSEAS ELECTORS",Tamilaga Vettri Kazhagam,Dravida Munnetra Kazhagam,2,0.2958579881656805
11,"Srinivasa Subburaya Polytechnic College, Main Building Room No.104, Puthur","1. Gopalasamuthiram (R.V) And (P), Samiyam ward:3, 2. Gopalasamuthiram (R.V) And (P), Muthaiya Nagar ward:3, 3. Gopalasamuthiram (R.V) And (P), Thendral Nagar ward:3, 4. Gopalasamuthiram (R.V) And (P), Jinna Nagar ward:3, 5. Gopalasamuthiram (R.V) And (P), Samiyam Colony Street ward:3, 6. Gopalasamuthiram (R.V) And (P), Amma Nagar Kallar Street ward:3, 999. OVERSEAS ELECTORS",Tamilaga Vettri Kazhagam,Dravida Munnetra Kazhagam,32,4.086845466155811
13,"Government Higher Secondary School, Eastern Building South Portion, Thulasenthirapuram","1. Gopalasamuthiram (R.V) And (P), Fisherman Street ward:3, 2. Gopalasamuthiram (R.V) And (P), Atrangarai Street ward:3, 3. Gopalasamuthiram (R.V) And (P), School Street ward:3,
4. Gopalasamuthiram (R.V) And (P), Perumalkovil Street ward:3, 5. Gopalasamuthiram (R.V) And (P), Railway Road Street ward:3, 6. Gopalasamuthiram (R.V) And (P), Police Line Main Road ward:3, 7. Gopalasamuthiram (R.V) And (P), V.N.P Nagar ward:3, 8. Gopalasamuthiram (R.V) And (P), Bharath Street ward:3, 999. OVERSEAS ELECTORS",All India Anna Dravida Munnetra Kazhagam,Tamilaga Vettri Kazhagam,24,3.953871499176277
16,"Kollidam Panchayat Union Elementary School, South building East Portion, Anumanthapuram","1. Thirumayiladi (R.V), Anaikkaranchathiram (P), Anumadapuram Ambedkar Street Ward:1,
2. Thirumayiladi (R.V), Anaikkaranchathiram (P), Nadalpadukai Southi Street Ward:1, 3. Thirumayiladi (R.V), Anaikkaranchathiram (P), Nadalpadukai North Street Ward:1, 4. Thirumayiladi (R.V), Anaikkaranchathiram (P), Nadalpadukai Adidravidar Street Ward:1, 999. OVERSEAS ELECTORS",All India Anna Dravida Munnetra Kazhagam,Dravida Munnetra Kazhagam,6,0.7957559681697612
17,"Kollidam Panchayat Union Elementary School, North facing Western portion, Muslim Street Manganampattu","1. Thirumayiladi (R.V), Anaikkaranchathiram (P), Santhapadugai Keelagundalapadi ward:1,
2. Thirumayiladi (R.V), Anaikkaranchathiram (P), Manganampattu Muslim Street ward:2, 999. OVERSEAS ELECTORS",Dravida Munnetra Kazhagam,All India Anna Dravida Munnetra Kazhagam,1,0.2016129032258064
20,"Saraswathi Matric Hr. Sec. School, Room No-3, Manganampattu","1. Thirumayiladi (R.V), Anaikkaranchathiram (P), Railway Road Keelpuram Paravankadu Ward:2, 2. Thirumayiladi (R.V), Anaikkaranchathiram (P), Pillaiyar Koil Street Ward:2, 3. Thirumayiladi (R.V), Anaikkaranchathiram (P), West Street Ward:2, 4. Thirumayiladi (R.V), Anaikkaranchathiram (P), Kamankovil Street ward:2, 5. Thirumayiladi (R.V), Anaikkaranchathiram (P), Manganampattu Arunthathiyar Street Ward:2, 6. Thirumayiladi (R.V), Anaikkaranchathiram (P), Manganampattu Kaliamman Kovil Street Ward:2, 999.
OVERSEAS ELECTORS",Dravida Munnetra Kazhagam,Tamilaga Vettri Kazhagam,36,4.931506849315069
22,"Saraswathi Matric Hr. Sec. School, Room No-5, Manganampattu","1. Thirumayiladi (R.V), Anaikkaranchathiram (P), Thoppu Street ward:3, 2. Thirumayiladi (R.V), Anaikkaranchathiram (P), Thirubuvanam Veeramangalam B.C street ward:3, 3. Thirumayiladi (R.V), Anaikkaranchathiram (P), Keezhavallam ward:3, 999. OVERSEAS
ELECTORS",All India Anna Dravida Munnetra Kazhagam,Dravida Munnetra Kazhagam,28,3.753351206434316
27,"Venkatesa Aided Elementary School, Eastern building North Portion,
Ayankudipallam","1. Thirumayiladi (R.V), Anaikkaranchathiram (P), Thirumayiladi Main Road Street ward:5, 999. OVERSEAS ELECTORS",Tamilaga Vettri Kazhagam,Dravida Munnetra Kazhagam,13,2.988505747126437
29,"Kollidam Panchayat Union Middle School, North Side East Terraced South facing Building, Muthalaimedu","1. Mudalaimedu (R.V) And (P), Mudalaimedu Vanniya Street ward:1, 999. OVERSEAS ELECTORS",Dravida Munnetra Kazhagam,All India Anna Dravida Munnetra Kazhagam,3,0.5847953216374269
30,"Kollidam Panchayat Union Middle School, South facing North Building West Portion, Muthalaimedu","1. Mudalaimedu (R.V) And (P), Manaveli Street, Adidravidar Street ward:2, 2. Mudalaimedu (R.V) And (P), Billpadukai Vanniyar street ward:2, 3. Mudalaimedu (R.V) And (P), Billpadukai Adidravidar street ward:2, 4. Mudalaimedu (R.V) And (P), Mettu Billpadukai Vanniyar Street
ward:2, 999. OVERSEAS ELECTORS",Dravida Munnetra Kazhagam,All India Anna Dravida Munnetra Kazhagam,29,4.489164086687306
39,"Kollidam Panchayat Union Middle School, South facing West portion, Kodiyampalayam","1. Pudupattinam (R.V), Kodiyampalayam (P), Pillaiyar Kovil Street ward:1, 2. Pudupattinam (R.V), Kodiyampalayam (P),Chinnur ward:2, 3. Pudupattinam (R.V), Kodiyampalayam (P), Tsunami Nagar (Temporay Shelter) ward:3, 999. OVERSEAS ELECTORS",All India Anna Dravida Munnetra Kazhagam,Tamilaga Vettri Kazhagam,20,2.475247524752475
41,"Government Hr. Sec. School, South Side Building East Facing,
Puthupattinam","1. Pudupattinam (R.V) And (P), Madavamedu Road Ward:2, 2. Pudupattinam (R.V) And (P), South Street Ward:2, 3. Pudupattinam (R.V) And (P), Manthaiya Koil Street Ward:2, 999.
OVERSEAS ELECTORS",Tamilaga Vettri Kazhagam,All India Anna Dravida Munnetra Kazhagam,9,1.116625310173697
42,"Kollidam Panchayat Union Elementary School, West side, Dharkasu Puthupattinam","1. Pudupattinam (R.V) And (P), Ambedkar Nagar ward:1, 2. Pudupattinam (R.V) And (P), Kalaignar Nagar ward:2, 3. Pudupattinam (R.V) And (P), Sallikula Street ward:2, 4. Pudupattinam (R.V) And (P), Yadavar street ward:2, 5. Pudupattinam (R.V) And (P),
Mariyamman Koil street ward:2, 999. OVERSEAS ELECTORS",All India Anna Dravida Munnetra Kazhagam,Dravida Munnetra Kazhagam,12,1.244813278008299
45,"Citizen Information Centre, Eastern Portion, Tsunami Nagar Pazhaiyar","1. Pudupattinam (R.V) And (P), Kodeeswarar Koil street ward:4, 999. OVERSEAS ELECTORS",Tamilaga Vettri Kazhagam,All India Anna Dravida Munnetra Kazhagam,20,3.663003663003663
50,"Kollidam Panchayat Union Elementary School, Puliyanthurai ,West facing North building Ground Floor.","1. Puliyanthurai (R.V) And (P), Chinna street ward:2, 2. Puliyanthurai (R.V) And (P), Manalveli Street ward:2, 3. Puliyanthurai (R.V) And (P), Kundu mettu street ward:2, 4. Puliyanthurai (R.V) And (P), South Veli ward:2, 999. OVERSEAS ELECTORS",Dravida Munnetra Kazhagam,Tamilaga Vettri Kazhagam,30,3.579952267303103
52,"Kollidam Panchayat Union Middle School, East Side New Building North Portion, Nallur","1. Arapallam (R.V) And (P), Arapallam Pillai Street ward:1, 2. Arapallam (R.V) And (P), Pavattamedu Simittikottagam North Street ward:3, 3. Arapallam (R.V) And (P), Pavattamedu Simittikotagam South Street New Street ward:3, 4. Arapallam (R.V) And (P), Narimudukku
Valluvar Street ward:3, 999. OVERSEAS ELECTORS",Dravida Munnetra Kazhagam,All India Anna Dravida Munnetra Kazhagam,4,0.5427408412483039
54,"Government Higher Secondary School, West facing east building Southern
portion, Achalpuram","1. Achalpurm (R.V) And (P), Sannathi Street ward:1, 2. Achalpurm (R.V) And (P), South Thottam ward:1, 3. Achalpurm (R.V) And (P), North Street ward:1, 4. Achalpurm (R.V) And
(P), South Street ward:1, 999. OVERSEAS ELECTORS",All India Anna Dravida Munnetra Kazhagam,Dravida Munnetra Kazhagam,13,1.838755304101839
58,"Government Higher Secondary School, East facing New building west wing,
Achalpuram","1. Achalpuram (R.V) And (P), Melaagaram ward:2, 2. Achalpuram (R.V) And (P), Keelaagaram ward:2, 3. Achalpuram (R.V) And (P), North Street North colony ward:2, 999. OVERSEAS
ELECTORS",All India Anna Dravida Munnetra Kazhagam,Dravida Munnetra Kazhagam,15,1.94300518134715
63,"Kollidam Panchayat Union Middle School, Eastern Side, Puthur","1. Puthur (R.V) And (P), Main Road ward:1, 2. Puthur (R.V) And (P), West Street ward:1, 3. Puthur (R.V) And (P), North Street ward:1, 4. Puthur (R.V) And (P), Eda Street ward:1, 5. Puthur (R.V) And (P), Vaniya Street ward:1, 6. Puthur (R.V) And (P), Sivan Kovil Street ward:1,
7. Puthur (R.V) And (P), Kamankovil Street ward:1, 999. OVERSEAS ELECTORS",All India Anna Dravida Munnetra Kazhagam,Tamilaga Vettri Kazhagam,17,2.715654952076677
66,"Kollidam Panchayat Union Elementary School, West Side, Kunnam","1. Kunnam (R.V) And (P), Kunnam East Street ward:1, 2. Kunnam (R.V) And (P), Kunnam East South Street ward:1, 3. Kunnam (R.V) And (P), Uppangadu ward:1, 4. Kunnam (R.V) And (P), Uppangadu Valluva Street ward:1, 5. Kunnam (R.V) And (P), Kunnam Main Road Street ward:1, 6. Kunnam (R.V) And (P), North Street ward:1, 999. OVERSEAS ELECTORS",All India Anna Dravida Munnetra Kazhagam,Dravida Munnetra Kazhagam,10,1.582278481012658
78,"Kollidam Panchayat Union Middle School Olayamputhur New Building
South Facing","1. Olayamputhur (R.V) And (P), West Street ward:1, 2. Olayamputhur (R.V) And (P), East Street ward:1, 3. Olayamputhur (R.V) And (P), Uppangadu ward:1, 999. OVERSEAS
ELECTORS",All India Anna Dravida Munnetra Kazhagam,Dravida Munnetra Kazhagam,22,3.754266211604096
79,"Kollidam Panchayat Union Elementary School ,North building South facing west portion Room No.2,Sembiyanvelankudi","1. Olayamputhur (R.V) And (P), Vazhaikollai Street ward:2, 2. Olayamputhur (R.V) And (P), Pattavalaga Street ward:2, 3. Olayamputhur (R.V) And (P), Sempiyavelankudi Puravaikal South ward:2, 4. Olayamputhur (R.V) And (P), Sempiyavelankudi Puravaikal North ward:2, 5. Olayamputhur (R.V) And (P), Sempiyanvelankudi Puravaikal West ward:2, 6. Olayamputhur (R.V) And (P), Kargudi S.C Street ward:2, 7. Olayamputhur (R.V) And (P), Kargudi B.C Street ward:2, 8. Olayamputhur (R.V) And (P), Kargudi Madhakoil Street ward:2, 999. OVERSEAS ELECTORS",Tamilaga Vettri Kazhagam,Dravida Munnetra Kazhagam,13,3.542234332425068
80,"Kollidam Panchayat Union Middle School, West Side New Building, Erukkur","1. Erukkur (R.V) And (P), Jinna Street ward:1, 2. Erukkur (R.V) And (P), Madhakovil Main Road ward:1, 3. Erukkur (R.V) And (P), Vaikalkarai Chrishuva Street ward:1, 4. Erukkur (R.V) And (P), Anthionyar West Street ward:1, 5. Erukkur (R.V) And (P), Sebastiar East Street ward:1, 6. Erukkur (R.V) And (P), Komutti Street ward:2, 7. Erukkur (R.V) And (P), Utkattalai
Street ward:2, 999. OVERSEAS ELECTORS",Dravida Munnetra Kazhagam,Tamilaga Vettri Kazhagam,31,4.675716440422323
84,"Saraswathi Aided Elementary School, North Side, Koothiyampettai","1. Koothiyampettai (R.V) and (P), East Street ward:1, 2. Koothiyampettai (R.V) and (P), Vairavnirappu ward:3, 3. Koothiyampettai (R.V) and (P), Vairavnirappu Yeri Street ward:3,
999. OVERSEAS ELECTORS",Dravida Munnetra Kazhagam,Tamilaga Vettri Kazhagam,7,1.01010101010101
89,"Kollidam Panchayat Union Elementary School, North Side Building South Portion, Madhanam","1. Mathanam (R.V) And (P), Shothiruam ward:2, 2. Mathanam (R.V) And (P), Vadapathi ward:1, 3. Mathanam (R.V) And (P), Thenpathi ward:1, 4. Serugudi (R.V), Mathanam (P), Serugudi ward:3, 5. Mathanam(R.V) And (P), Thillaividangan ward:2, 999. OVERSEAS
ELECTORS",Dravida Munnetra Kazhagam,Tamilaga Vettri Kazhagam,34,4.228855721393035
92,"Kollidam Panchayat Union Elementary School, East Side North Building, Kodakkaramoolai","1. Palayapalayam (R.V) And (P), Kodaikkaramalai Rangasamuthiram ward:2, 2. Palayapalayam (R.V) And (P), Mariyamman Kovil Street ward:2, 3. Palayapalayam (R.V) And (P), Kodaikkaramulai Main Road ward:2, 4. Palayapalayam (R.V) And (P), Kodaikkaramalai (North-South) ward:2, 5. Palayapalayam (R.V) And (P), Palakadu Street ward:2, 999.
OVERSEAS ELECTORS",All India Anna Dravida Munnetra Kazhagam,Dravida Munnetra Kazhagam,32,3.508771929824561
93,"Kollidam Panchayat Union Elementary School, East side south Building west facing, Kodakkaramoolai","1. Palayapalayam (R.V) And (P), Periya Street ward:3, 2. Palayapalayam (R.V) And (P), Kaduvetti Street( Ambalakara Street Kalappu) ward:3, 3. Palayapalayam (R.V) And (P), Kaduvetti Colony Street ward:3, 4. Palayapalayam (R.V) And (P), Kallimedu Street ward:3,
999. OVERSEAS ELECTORS",Tamilaga Vettri Kazhagam,Dravida Munnetra Kazhagam,21,4.329896907216495
94,"Kollidam Panchayat Union Elementary School,East building west facing North portion,Kodakkaramoolai","1. Palayapalayam (R.V) And (P), Ambalakara Street North-South ward:3, 2. Palayapalayam (R.V) And (P), Padaiyachi Street (North street) ward:3, 999. OVERSEAS ELECTORS",Tamilaga Vettri Kazhagam,All India Anna Dravida Munnetra Kazhagam,13,2.398523985239852
98,"Kollidam Panchayat Union Elementary School, New Building, Tsunami Nagar
Kottayamedu","1. Thandavankulam (R.V) And (P), Tsunami Temporary Shelter 1 ward:3, 999. OVERSEAS ELECTORS",All India Anna Dravida Munnetra Kazhagam,Tamilaga Vettri Kazhagam,9,2.158273381294964
99,"Kollidam Panchayat Union middle School, Eastern side south facing building, Chinnavahupu Thandavankulam","1. Thandavankulam (R.V) And (P), Chinavaguppu Main Road ward:3, 2. Thandavankulam (R.V) And (P), Indira Nagar ward:3, 3. Thandavankulam (R.V) And (P), Palakadu ward:3, 4. Thandavankulam (R.V) And (P), Balasuburamaiyapuram ward:3, 5. Thandavankulam (R.V) And (P), Sithivinayagapuram East ward:3, 6. Thandavankulam (R.V) And (P), Sithivinayagapuram West ward:3, 999. OVERSEAS ELECTORS",All India Anna Dravida Munnetra Kazhagam,Dravida Munnetra Kazhagam,39,4.899497487437186
101,"Kollidam Panchayat Union Elementary School, East Side, Nallanayagapuram","1. Agaravattaram (R.V) And (P), Puliyanthoppu ward:1, 2. Agaravattaram (R.V) And (P), Nallanayakkapuram ward:2, 3. Agaravattaram (R.V) And (P), Kuthanur ward:2, 999.
OVERSEAS ELECTORS",All India Anna Dravida Munnetra Kazhagam,Dravida Munnetra Kazhagam,4,0.6861063464837049
111,"Kollidam Panchayat Union Middle School, South facing eastern building
west Portion, Vettangudi","1. Vettangudi (R.V) And (P), Main Road ward:1, 2. Vettangudi (R.V) And (P), North Street ward:1, 3. Vettangudi (R.V) And (P), Anna Nagar ward:1, 4. Vettangudi (R.V) And (P), Sabesa
Colony ward:1, 999. OVERSEAS ELECTORS",Tamilaga Vettri Kazhagam,All India Anna Dravida Munnetra Kazhagam,16,2.061855670103093
112,"Kollidam Panchayat Union Middle School, South Facing North Building,
Vembadi Vettangudi","1. Vettangudi (R.V) And (P), South Street Vadi ward:2, 2. Vettangudi (R.V) And (P), Middle Street Vadi ward:2, 3. Vettangudi (R.V) And (P), North Street Vadi ward:2, 4. Vettangudi (R.V)
And (P), Vembadi ward:2, 999. OVERSEAS ELECTORS",Tamilaga Vettri Kazhagam,Dravida Munnetra Kazhagam,5,0.6877579092159559
122,"Govt Higher Secondary School,North New building South facing west portion,Thirumullaivasal","1. Thirumullaivasal (R.V) And (P), Tsunami Temporary Shelter1 Ward:1, 2. Thirumullaivasal (R.V) And (P), Tsunami Temporary Shelter 3 ward:3, 999. OVERSEAS ELECTORS",Tamilaga Vettri Kazhagam,All India Anna Dravida Munnetra Kazhagam,11,1.589595375722543
130,"Kollidam Panchayat Union Elementary School, South facing North Building,
Edamanal","1. Edamanal (R.V) And (P), Edamanal Main Road Ward:1, 2. Edamanal (R.V) And (P), Varusaipathu Ward:4, 3. Edamanal (R.V) And (P), Melappalayam Ward:5, 999. OVERSEAS
ELECTORS",Dravida Munnetra Kazhagam,Tamilaga Vettri Kazhagam,5,0.7552870090634441
132,"Govt High School, South facing west Wing west portion, Edamanal","1. Edamanal (R.V) And (P), Sangivirayan Kovil Ward:2, 2. Edamanal (R.V) And (P), Othalaveli Ward:2, 3. Edamanal (R.V) And (P), Uchimedu North Street ward:2, 4. Edamanal (R.V) And (P), Aamappallam North Ward:2, 5. Edamanal (R.V) And (P), Aamappallam South Ward:3, 6. Edamanal (R.V) And (P), Utchi Medu Ward:3, 999. OVERSEAS ELECTORS",Tamilaga Vettri Kazhagam,Dravida Munnetra Kazhagam,28,3.30188679245283
133,"Rahmaniya High School, South facing East Building, Vadagal","1. Varisaipathuvadagal (R.V), Alangadu (P), Kodangudi Sathiram Ward:2, 2. Varisaipathuvadagal (R.V) And (P), North Vadagal Ward:1, 3. Varisaipathuvadagal (R.V) And (P), East Street Ward:1, 4. Varisaipathuvadagal (R.V) and (P), Main Road Ward:1, 999.
OVERSEAS ELECTORS",Dravida Munnetra Kazhagam,Tamilaga Vettri Kazhagam,9,1.468189233278956
138,"Ramakiruba Aided Middle School, North Portion, Kadavasal","1. Kadavasal (R.V) And (P), Perumal Kovil Street Ward:1, 2. Kadavasal (R.V) And (P), West Street Ward:1, 3. Kadavasal (R.V) And (P), East Street Ward:1, 4. kadavasal (R.V) And (P),
Main Road Ward:2, 999. OVERSEAS ELECTORS",All India Anna Dravida Munnetra Kazhagam,Dravida Munnetra Kazhagam,4,0.8830022075055187
141,"Kollidam Panchayat Union Elementary School, South facing south building Western portion, Thirukarukavoor","1. Thirukkarukavur (R.V) And (P), North Street Ward:1, 2. Thirukkarukavur (R.V) And (P), East Street Ward:2, 3. Thirukkarukavur (R.V) And (P), Kaliamman Kovil Street Ward:2, 4. Thirukkarukavur (R.V) And (P), West Street Ward:2, 5. Thirukkarukavur (R.V) And (P), Pillaiyar Kovil Street Ward:2, 6. Thirukkarukavur (R.V) And (P), Sannathi Street ward:2, 7. Thirukkarukavur (R.V) And (P), Ayyanarkoil Street Ward:2, 999. OVERSEAS ELECTORS",Tamilaga Vettri Kazhagam,Dravida Munnetra Kazhagam,1,0.1267427122940431
148,"Govt High School, Northern Building North side, Agani","1. Agani (R.V) And (P), Chokkangulam ward:1, 2. Agani (R.V) And (P), Melaagani Ward:1, 3.
Agani (R.V) And (P), Madha Kovil Street ,Thoppu Street Ward:1, 4. Agani (R.V) And (P), Muthaliar Washerman Street Ward:1, 999. OVERSEAS ELECTORS",Dravida Munnetra Kazhagam,All India Anna Dravida Munnetra Kazhagam,28,4.197901049475263
150,"Panchayat Union Elementary School, North building South facing Enakudi,
Agani.","1. Agani (R.V) And (P), Eanangudi Adidravidar Street Ward:2, 2. Agani (R.V) And (P), Athiyur Road ward:2, 3. Agani (R.V) And (P), Mannankovil Ward:2, 4. Agani (R.V) And (P),
Ramapuram ward:2,3, 999. OVERSEAS ELECTORS",All India Anna Dravida Munnetra Kazhagam,Tamilaga Vettri Kazhagam,27,4.122137404580153
157,"Panchayat Union Elementary School, East Facing East Building, Patharakudi","1. Vilanthidasamuthiram (R.V) And (P), Patharakudi Kudiyana Street Ward:4, 2. Vilanthidasamuthiram (R.V) And (P), Patharakudi Colony Street Ward:4, 999. OVERSEAS
ELECTORS",Tamilaga Vettri Kazhagam,All India Anna Dravida Munnetra Kazhagam,3,0.3623188405797101
166,"Sri Vanivilas Aided Elementary School, Ground Floor North Portion, Pidari North Street Sirkazhi","1. Sirkali (M), Pidari North Street Ward:9, 999. OVERSEAS ELECTORS",Dravida Munnetra Kazhagam,Tamilaga Vettri Kazhagam,25,3.924646781789639
168,"Sabhanayaga Muthaliyar Hindu Aided Elementary School, Room-1 South Side, West Car Street Sirkazhi","1. Sirkali (M), East Car Street Ward:17, 2. Sirkali (M), West Car Street Ward:14, 3. Sirkali (M), Gnanasambandar Street Ward:14, 4. Sirkali (M), Thirumanjana Street Ward:14, 5. Sirkali (M), West Madavilagam Ward:14, 999. OVERSEAS ELECTORS",Tamilaga Vettri Kazhagam,Dravida Munnetra Kazhagam,4,0.8620689655172413
174,"Municipal Middle School, New building east facing north portion, Pannagattangudi Road Sirkazhi","1. Sirkali (M), Thadalan Kamarajanpuram North Street Ward:23, 2. Sirkali (M), Thadalan Kamarajanpuram South Street Ward:23, 3. Sirkali (M), Thadalan Kamarajanpuram Mettu Street Ward:23, 4. Sirkali (M), Radhakrishnan Nagar Ward:23, 5. Sirkali (M), Panangattankudi Road Ward:24, 999. OVERSEAS ELECTORS",Dravida Munnetra Kazhagam,Tamilaga Vettri Kazhagam,18,2.965403624382208
175,"Municipal Elementary School, West Building North Portion, Thadalan West
Street Sirkazhi","1. Sirkali (M), Panangattankudi Road Ward:24, 2. Sirkali (M), Railway Road Ward:24, 3. Sirkali (M), Thadalan North Madavilagam Ward:7, 999. OVERSEAS ELECTORS",Dravida Munnetra Kazhagam,Tamilaga Vettri Kazhagam,26,4.20032310177706
176,"Municipal Elementary School, West Building Southern Side, Thadalan West
Street Sirkazhi","1. Sirkali (M), Thadalan West Street ward:7, 2. Sirkali (M), Pulikkudi Santhu Ward:7, 3. Sirkali (M), Thadalan South Madavilagam Ward:7, 4. Sirkali (M), Thadalan South Street
Ward:7, 999. OVERSEAS ELECTORS",Dravida Munnetra Kazhagam,Tamilaga Vettri Kazhagam,7,1.112877583465819
177,"L.M.C Higher Secondary School, Main
Building East Portion, Pidari West Street Sirkazhi","1. Sirkali (M), Pulukapettai Street Ward:12, 2. Sirkali (M), Pulukapettai Thoppu Street
Ward:12, 3. Sirkali (M), Pulukapettai New Street Ward:13, 4. Sirkali (M), South Car Street ward:14, 999. OVERSEAS ELECTORS",Dravida Munnetra Kazhagam,Tamilaga Vettri Kazhagam,12,1.869158878504673
178,"L.M.C Higher Secondary School, Main Building Northern Portion, Pidari West Street Sirkazhi","1. Sirkali (M), Vaikkangarai Street Ward:8, 2. Sirkali (M), Pidari West Street Ward:8, 3. Sirkali (M), Nagai East Street Ward:8, 4. Sirkali (M), Nagai North Street Ward:8, 5. Sirkali (M), Nagai West Street ward:8, 6. Sirkali (M), Nagai South Street Ward:8, 999. OVERSEAS ELECTORS",Dravida Munnetra Kazhagam,Tamilaga Vettri Kazhagam,9,1.918976545842218
181,"Siyamala Girls Hr Sec School, Raja Muthaiya Block North SideRoom No.1,
Pidari South Street Sirkazhi","1. Sirkali (M), Pidari South Street Ward:17, 2. Sirkali (M), Singarathoppu Santhu Ward:15, 999. OVERSEAS ELECTORS",Tamilaga Vettri Kazhagam,Dravida Munnetra Kazhagam,5,0.7496251874062968
182,"Siyamala Girls Hr Sec School, Raja Muthaiya Block South Portion Room No.3, Pidari South Street Sirkazhi","1. Sirkali (M), Sambandhar Colony Ward:17, 2. Sirkali (M), Uppukkara Street Ward:15, 3. Sirkali (M), Pidari East Street Ward:15, 999. OVERSEAS ELECTORS",Tamilaga Vettri Kazhagam,Dravida Munnetra Kazhagam,10,1.434720229555237
184,"Best Matriculation Higher Secondary School, South facing Auditorium building west portion, Thenpathy","1. Sirkali (M), Nanganala Street Ward:16, 2. Sirkali (M), V.O.C East Street Ward:19, 3. Sirkali (M), Pasumpon Muthuramalingam Street Ward:19, 4. Sirkali (M), Pasumpon Muthuramaligam East Street Ward:19, 999. OVERSEAS ELECTORS",Dravida Munnetra Kazhagam,Tamilaga Vettri Kazhagam,4,0.547945205479452
186,"Best Matriculation Higher Secondary School, Western Side Facing South Building, Thenpathy","1. Sirkali (M), V.O.C South Street Ward:20, 2. Sirkali (M), V.O.C West Street Ward:20, 3. Sirkali (M), Indira Nagar Ward:20, 4. Sirkali (M), Cutchery Road Ward:18, 5. Sirkali (M), Venkateshwara Nagar Ward:20, 6. Sirkali (M), N.S.P Nagar Ward:20, 7. Sirkali (M), R.V.S
Nagar Ward:20, 999. OVERSEAS ELECTORS",Tamilaga Vettri Kazhagam,All India Anna Dravida Munnetra Kazhagam,11,1.656626506024097
188,"Dharumai Adhinam Guruganasambanthar Mission VTP Aided Middle School, Western
Side,Thenpathy","1. Sirkali (M), Sattanathar Colony Ward:18, 2. Sirkali (M), Tripurasundari Nagar ward:21, 3. Sirkali (M), T.B. Road Ward:21, 4. Sirkali (M), V.N.S. Nagar Ward:18, 5. Sirkali (M), Arul Nagar Ward:18, 6. Sirkali (M), V.P.Sankar Nagar Ward:21, 999. OVERSEAS ELECTORS",Tamilaga Vettri Kazhagam,Dravida Munnetra Kazhagam,10,2.67379679144385
189,"Best Matriculation Higher Secondary School, South facing Auditorium building middle portion, Thenpathy","1. Sirkali (M), R.K.T. Nagar Ward:21, 2. Sirkali (M), Sarvamania Street Ward:21, 3. Sirkali (M), Bangalakulathu Mettu Street Ward:21, 4. Sirkali (M), Agara Thirukkolakka Ward:21, 999. OVERSEAS ELECTORS",Dravida Munnetra Kazhagam,Tamilaga Vettri Kazhagam,1,0.1223990208078335
193,"Sirkali Panchayat Union Elementary School, West facing east Building, Thillaividangan","1. Thillaividangan (R.V) And (P), North Main Road Ward:1, 2. Thillaividangan (R.V) And (P), Irattaikulam Street Ward:1, 3. Thillaividangan (R.V) And (P), Sivan Kovil Street Ward:1, 4. Thillaividangan (R.V) And (P), Manmadhan Kovil Street Ward:1, 5. Thillaividangan (R.V) And (P), Ayyanar Kovil Street Ward:1, 6. Thillaividangan (R.V) And (P), Palgoas Street Ward:1, 7. Thillaividangan (R.V) And (P), South Main Road Ward:1, 8. Thillaividangan (R.V) And (P), Pallivasal Street Ward:1, 9. Thillaividangan (R.V) And (P), Kannikovil Street Ward:1, 10. Thillaividangan (R.V) and (P), Murugan Kovil Street Ward:1, 11. Thillaividangan (R.V) and (P), Indra Colony Ward:1, 12. Thillaividangan (R.V) And (P), Therasa Street Ward:1, 13. Thillaividangan (R.V) And (P), M.G.R.Nagar ward:1, 14. Thillaividangan (R.V) And (P), Thiruthonipuram East Street Ward:2, 15. Thillaividangan (R.V) And (P), Thiruthonipuram West Street Ward:2, 999. OVERSEAS ELECTORS",Dravida Munnetra Kazhagam,All India Anna Dravida Munnetra Kazhagam,10,1.193317422434367
198,"Government High School, West facing east building North Portion, Thirunagari","1. Thirunagari (R.V) And (P), Vaikkangarai Street ward:3,2, 2. Thirunagari (R.V) And (P), Kaval Sethi ward:1, 3. Thirunagari (R.V) And (P), Sarvamania Street ward:1, 4. Thirunagari (R.V) And (P), Vaniangula Street ward:2, 5. Thirunagari (R.V) And (P), Vaikkangarai Street ward:2, 6. Thirunagari (R.V) And (P), Mariyamman Kovil Street ward:2, 7. Thirunagari (R.V) And (P), Parivettai Street ward:1,2, 8. Thirunagari (R.V) And (P), Thalaiyari Street ward:2, 9. Thirunagari (R.V) And (P), Panduvan Sethi ward:2, 999. OVERSEAS ELECTORS",Tamilaga Vettri Kazhagam,All India Anna Dravida Munnetra Kazhagam,24,3.174603174603174
202,"Sirkali Panchayat Union Middle School,East building west facing south portion,Thittai","1. Thittai (R.V) And (P), Pillaiyarkovil Street ward:1, 2. Thittai (R.V) And (P), Pidari Kovil Street ward:1, 3. Thittai (R.V) And (P), Mariyamman Kovil Street ward:1, 4. Thittai (R.V) And (P), Kamatchi Nagar ward:1, 5. Thittai (R.V) And (P), School Street ward:1, 6. Thittai (R.V) and (P), Middle Street ward:1, 7. Thittai (R.V) And (P), Kaliammankovil Street ward:1,   999.
OVERSEAS ELECTORS",Tamilaga Vettri Kazhagam,Dravida Munnetra Kazhagam,5,1.091703056768559
203,"Sirkali Panchayat Union Middle School,East facing west building Kamarajar Room North
portion,Sattanathapuram","1. Sattanathapuram (R.V) And (P), Kattunayakkan Street ward:2, 2. Sattanathapuram (R.V) And (P), Mettu Street ward:2, 3. Sattanathapuram (R.V) And (P), Atrangarai Street ward:2, 999. OVERSEAS ELECTORS",Tamilaga Vettri Kazhagam,Dravida Munnetra Kazhagam,11,1.726844583987441
204,"Sirkali Panchayat Union Middle School,East facing West building MGR Room South portion,Sattanathapuram","1. Sattanathapuram (R.V) And (P), V.O.C.Nagar ward:3, 2. Sattanathapuram (R.V) And (P), Utchi Medu ward:3, 3. Sattanathapuram (R.V) And (P), Sengamedu keezh ward:3, 4. Sattanathapuram (R.V) And (P), Sengamedu keezh ward:3, 5. Sattanathapuram (R.V) And (P), Vizhakkadu ward:3, 6. Sattanathapuram (R.V) And (P), Mooveli ward:3, 999. OVERSEAS
ELECTORS",Tamilaga Vettri Kazhagam,Dravida Munnetra Kazhagam,28,3.526448362720403
207,"Sirkali Panchayat Union Middle School, Eastern Side Building South Portion, Sattanathapuram","1. Sattanathapuram (R.V) And (P), South Street ward:1, 2. Sattanathapuram (R.V) And (P), Mainroad ward:1, 3. Sattanathapuram (R.V) And (P), Kamban Nagar ward:3, 4. Sattanathapuram (R.V) and (P), K.V.S.Nagar ward:2, 5. Sattanathapuram (R.V) and (P), Anna Nagar ward:3, 6. Sattanathapuram (R.V) And (P), A.Perumal Nagar ward:3, 999. OVERSEAS
ELECTORS",Tamilaga Vettri Kazhagam,Dravida Munnetra Kazhagam,6,0.8253094910591471
208,"Sirkali Panchayat Office,East facing West Building, North portion,Nemmeli","1. Nemmeli (R.V) And (P), Nemmeli Main Road ward:1, 2. Nemmeli (R.V) and (P), Agraharam ward:1, 3. Nemmeli (R.V) And (P), Periyar Street ward:1, 4. Nemmeli (R.V) And (P), Middle Street ward:1, 5. Nemmeli (R.V) And (P), East Street ward:1, 6. Nemmeli (R.V) And (P), Kodangudi West Street ward:2, 999. OVERSEAS ELECTORS",All India Anna Dravida Munnetra Kazhagam,Dravida Munnetra Kazhagam,5,0.6622516556291391
211,"Sirkali Panchayat Union Elementary School, South Building North Facing,
Alanchery","1. Maruthangudi (R.V) And (P), Alancheri South Street Iveli ward:1, 2. Maruthangudi (R.V) And (P), Alancheri North Street ward:3, 999. OVERSEAS ELECTORS",All India Anna Dravida Munnetra Kazhagam,Dravida Munnetra Kazhagam,4,0.74487895716946
213,"Sirkali Panchayat Union Elementary School, East Facing West Side Building,
Athamangalam","1. Perumangalam (R.V), Athamangalam (P), Athamangalam ward:1, 999. OVERSEAS ELECTORS",Dravida Munnetra Kazhagam,All India Anna Dravida Munnetra Kazhagam,27,4.882459312839059
218,"E-Sevai Centre, Karkoil","1. Karkoil (R.V) And (P), Thozhuthur Big Street ward:1, 2. Karkoil (R.V) And (P), Thozhuthur Thoppu Street ward:1, 3. Karkoil (R.V) And (P), Thozhuthur Jeeva Nagar ward:1, 4. Karkoil (R.V) And (P), Thozhuthur Rettiyar Street Ward:1, 999. OVERSEAS ELECTORS",Dravida Munnetra Kazhagam,All India Anna Dravida Munnetra Kazhagam,17,3.03030303030303
219,"Women Self Help Group Building, North facing, Karkoil","1. Karkoil (R.V) And (P), Thailamaipuram ward:2, 2. Karkoil (R.V) And (P), Karkoil Sathiram Ward:2, 3. Karkoil (R.V) And (P), Mathakoil Street ward:2, 4. Karkoil (R.V) And (P), Karkoil Rettiyar Street Ward:2, 5. Karkoil (R.V) And (P), Udaiyanpallam ward:2, 999. OVERSEAS
ELECTORS",All India Anna Dravida Munnetra Kazhagam,Tamilaga Vettri Kazhagam,2,0.3663003663003663
220,"Anganwadi Centre, Thirupungur","1. Thirupungur (R.V) And (P), North Street ward:1, 2. Thirupungur (R.V) And (P), Kanniyakkudi Road ward:2, 3. Thirupungur (R.V) And (P), Mananthiruvasal ward:3, 4. Thirupungur (R.V) And (P), Narimudukku Udaiyampallam ward:3, 999. OVERSEAS
ELECTORS",Tamilaga Vettri Kazhagam,All India Anna Dravida Munnetra Kazhagam,23,3.872053872053872
224,"Kannan Aided Elementary School, South Side New Building North Portion,
Kathiramangalam","1. Kathiramangalam (R.V) And (P), Ammaiyappan ward:2, 2. Kondathur (R.V), Kathiramangalam (P), Kondathur ward:3, 3. Kondathur (R.V), Kathiramangalam (P),
Kalaignar Nagar, Sandhaiveli ward:3, 999. OVERSEAS ELECTORS",Tamilaga Vettri Kazhagam,Dravida Munnetra Kazhagam,8,0.8938547486033519
226,"Government Hr. Sec. School, Nabard New building,north middle Room No.4 , Vaitheeswaran koil","1. Vaitheeswaran Koil (TP), Gandhi Nagar ward:14, 2. Vaitheeswaran Koil (TP), Thottamaniyam ward:14, 3. Vaitheeswaran Koil (TP), Vedan Street ward:2, 4. Vaitheeswaran Koil (TP), Vilakkadu ward:1, 5. Vaitheeswaran Koil (TP), Savadi Street ward:2, 6. Vaitheeswaran Koil (TP), Nainar Thoppu ward:2, 7. Vaitheeswaran Koil (TP), Attakulam ward:2, 8. Vaitheeswaran Koil (TP), Nallansavadi ward:1, 999. OVERSEAS ELECTORS",Dravida Munnetra Kazhagam,Tamilaga Vettri Kazhagam,19,2.402022756005057
227,"Government Higher Secondary School, Nabard New Building Room No.3,
Vaitheeswarankoil","1. Vaitheeswaran Koil (TP), North Car Street ward:12, 2. Vaitheeswaran Koil (TP), North Madavilagam ward:12, 3. Vaitheeswaran Koil (TP), South Madavilagam ward:9, 999.
OVERSEAS ELECTORS",All India Anna Dravida Munnetra Kazhagam,All India Anna Dravida Munnetra Kazhagam,0,0.0
229,"Sirkali Panchayat Union Elementary School, North New Building west Portion Facing South,
Vaitheeswarankoil","1. Vaitheeswaran Koil (TP), Railadi Road Ward:7, 2. Vaitheeswaran Koil (TP), Kallar Street Ward:8, 3. Vaitheeswaran Koil (TP), Vilakku Mettu Colony Ward:6, 4. Vaitheeswaran Koil (TP), Valluvar Street Ward:6, 5. Vaitheeswaran Koil (TP), Kallukadai Thidal Ward:6, 999.
OVERSEAS ELECTORS",Tamilaga Vettri Kazhagam,All India Anna Dravida Munnetra Kazhagam,25,3.491620111731844
231,"Sirkazhi Panchayat Union Elementary School, Western Building North Portion Facing East, Vaitheeswarankoil","1. Vaitheeswaran Koil (TP), Indira Nagar Ward:8, 2. Vaitheeswaran Koil (TP), Mayiladuthurai Road,Punganur Road Ward:5, 3. Vaitheeswaran Koil (TP), West Car Street Ward:13, 4. Vaitheeswaran Koil (TP), Vandikara Street Ward:8, 5. Vaitheeswaran Koil (TP), Thiruvavaduthurai Madathu Street Ward:13, 999. OVERSEAS ELECTORS",Tamilaga Vettri Kazhagam,All India Anna Dravida Munnetra Kazhagam,22,3.111739745403112
233,"Angawadi Centre, North facing, Edakudy Vadapathy","1. Edakudivadapathi-II (R.V) And (P), Karaimedu ward:4, 2. Edakudivadapathi-II (R.V) And (P), Thenpathi ward:4, 3. Edakudivadapathi-II (R.V) And (P), Vadapathi ward:4, 4. Edakudivadapathi-II (R.V) And (P), Jeeva Nagar ward:4, 5. Edakudivadapathi-II (R.V) And (P), Bahavathsingh Nagar ward:4, 999. OVERSEAS ELECTORS",Tamilaga Vettri Kazhagam,All India Anna Dravida Munnetra Kazhagam,7,0.8111239860950173
235,"Sirkazhi Panchayat Union Elementary School ,East facing west building South Portion,Vizhakkadu,Edakudi Vadapathi","1. Edakudivadapathi-II (R.V) And (P), Vadapathi Colony ward:1, 2. Edakudivadapathi-II (R.V) And (P), Sandhaputhur ward:1, 3. Edakudivadapathi-II (R.V) And (P), Keelaveli ward:1, 999. OVERSEAS ELECTORS",All India Anna Dravida Munnetra Kazhagam,Dravida Munnetra Kazhagam,24,4.528301886792453
243,"Sirkali Panchayat Union Elementary School, East side Building south facing,
Thiruvali","1. Thiruvali (R.V) And (P), Thideerkuppam ward:3, 2. Thiruvali (R.V) And (P), Main Road ward:3, 3. Thiruvali (R.V) And (P), South Street ward:3, 999. OVERSEAS ELECTORS",Dravida Munnetra Kazhagam,All India Anna Dravida Munnetra Kazhagam,17,4.415584415584416
247,"Sirkazhi Panchayat Union Middle School, Middle Building West Portion, Nimmeli Keelasattanathapuram","1. Keelasattanathapuram (R.V) And (P), North Nimmeli Ward:1, 2. Keelasattanathapuram (R.V) And (P), Middle Street Nimmeli Ward:1, 3. Keelasattanathapuram (R.V) And (P), Narayanapuram Ward:3, 999. OVERSEAS ELECTORS",Tamilaga Vettri Kazhagam,Dravida Munnetra Kazhagam,10,1.338688085676037
249,"Panchayat Union Elementary School, East Facing North Portion, Kuravalur","1. Neppathur (R.V) And (P), Melaneppathur North Street ward:1, 2. Neppathur (R.V) And (P), Mulliyampattinam ward:2, 3. Neppathur (R.V) And (P), Kuravalur ward:2, 4. Neppathur (R.V)
And (P), Theevu ward:3, 999. OVERSEAS ELECTORS",All India Anna Dravida Munnetra Kazhagam,Dravida Munnetra Kazhagam,17,1.918735891647855
250,"Panchayat Union Primary School, South facing north building west portion, Keezha Nepapathur","1. Neppathur (R.V) And (P), Keelaneppathur ward:1, 2. Neppathur (R.V) And (P), Melaneppathur ward:1, 3. Neppathur (R.V) And (P), South Street ward:1, 4. Neppathur (R.V) And (P), Appapillaithoppu ward:3, 5. Neppathur (R.V) And (P), Theevu Street ward:3, 999.
OVERSEAS ELECTORS",Dravida Munnetra Kazhagam,Tamilaga Vettri Kazhagam,15,1.681614349775785
253,"Government High School, East Side Building South Portion, Konayampattinam","1. Thennampattinam (R.V) And (P), Mathampattinam West Street ward:2, 2. Thennampattinam (R.V) And (P), Mathampattinam Middle Street ward:2, 3. Thennampattinam (R.V) And (P), Mathampattinam East Street ward:2, 4. Thennampattinam (R.V) And (P), Mathampattinam Colony Street ward:2, 5. Thennampattinam (R.V) And (P), Koniyampattinam Main Road ward:3, 999. OVERSEAS ELECTORS",All India Anna Dravida Munnetra Kazhagam,All India Anna Dravida Munnetra Kazhagam,0,0.0
254,"Government High School, East Side Building North Portion, Konayampattinam","1. Thennampattinam (R.V) And (P), Konnayampattinam Colony Street ward:3, 2. Thennampattinam (R.V) And (P), Melamoorkkarai Fisherman Street ward:3, 3. Thennampattinam (R.V) And (P), Tsunami Fisherman Quarters ward:3, 999. OVERSEAS
ELECTORS",Tamilaga Vettri Kazhagam,All India Anna Dravida Munnetra Kazhagam,27,4.864864864864865
257,"Sirkali Panchayat Union Middle School, East facing South building South Portion, Mangaimadam","1. Mangaimadam (R.V) And (P), Thirunagari Road ward:1, 2. Mangaimadam (R.V) And (P), Mangaimadam ward:1, 3. Mangaimadam (R.V) And (P), Anna Nagar ward:1, 4. Mangaimadam (R.V) And (P), V.O.C Nagar ward:1, 5. Mangaimadam (R.V) And (P), Nerungikollai ward:1, 6. Mangaimadam (R.V) And (P), Kovilaankollai ward:1, 7. Mangaimadam (R.V) And (P), Mullaiyamanakollai ward:1,2, 8. Mangaimadam (R.V) And (P), Gandhi Nagar ward:2, 999.
OVERSEAS ELECTORS",All India Anna Dravida Munnetra Kazhagam,Dravida Munnetra Kazhagam,8,0.8492569002123143
258,"Govt High School, South building East Portion, Perumthottam","1. Perunthottam I (R.V) And (P), Muslim Street ward:1, 2. Perunthottam I (R.V) And (P), Agraharam Street ward:1, 3. Perunthottam I (R.V) And (P), Manalveli Street ward:1, 4. Perunthottam I (R.V) And (P), Pallivasal Street Ward:1, 999. OVERSEAS ELECTORS",Dravida Munnetra Kazhagam,All India Anna Dravida Munnetra Kazhagam,11,2.071563088512241
260,"Panchayat Union Elementary School, South Building West Facing, Perumthottam","1. Perunthottam I (R.V) And (P), Mandhakara Street ward:1,2, 2. Perunthottam I (R.V) And (P), Kovil Street ward:2, 3. Perunthottam I (R.V) And (P), East Street ward:2, 4. Perunthottam I (R.V) And (P), Sannathi Street ward:2, 5. Perunthottam I (R.V) And (P), Keelakovil Street ward:2, 6. Perunthottam I (R.V) And (P), Seetiyan Street ward:2, 7. Perunthottam I (R.V) And (P), Anna Nagar ward:2, 8. Perunthottam I (R.V) And (P), Kolalarpoo ward:3, 9. Perunthottam I (R.V) And (P), Middle Street ward:3, 10. Perunthottam I (R.V) And (P), Udhyasurian Nagar ward:3, 999. OVERSEAS ELECTORS",Dravida Munnetra Kazhagam,All India Anna Dravida Munnetra Kazhagam,6,1.065719360568384
261,"Panchayat Union Elementary School, West Side South Building, Perumthottam","1. Perunthottam I (R.V) And (P), Valliammi Nagar ward:3, 2. Perunthottam I (R.V) And (P), Vilakattan Street ward:3, 3. Perunthottam I (R.V) And (P), Periyakulam Street ward:3, 4. Perunthottam I (R.V) And (P), Vandi Street ward:3, 5. Perunthottam I (R.V) And (P), T.E.L.C Street ward:3, 6. Perunthottam I (R.V) And (P), Beach Street ward:3, 7. Perunthottam I (R.V) And (P), Savadikuppam Ward:3, 999. OVERSEAS ELECTORS",Tamilaga Vettri Kazhagam,Dravida Munnetra Kazhagam,7,1.208981001727116
264,"Narayanasamy Aided Elementary School, East Building Facing West,
Kadaikkadu Perumthottam","1. Perunthottam II (R.V) And (P), Nayakkarkuppam ward:4, 999. OVERSEAS ELECTORS",Dravida Munnetra Kazhagam,Tamilaga Vettri Kazhagam,16,2.191780821917808
265,"Narayanasamy Aided Elementary
School, South Building Facing South, Kadaikkadu Perumthottam","1. Perunthottam II (R.V) And (P), Kadikadu ward:4, 2. Perunthottam II (R.V) And (P), Madathukuppam ward:4, 999. OVERSEAS ELECTORS",Tamilaga Vettri Kazhagam,All India Anna Dravida Munnetra Kazhagam,19,3.619047619047619
267,"Arulmighu Swatharanya Swami Koil Girls High School, North Side Building West Room, Thiruvengadu","1. Thiruvenkadu (R.V) And (P), Mettiruppu ward:1, 2. Thiruvenkadu (R.V) And (P), Ambedkar Nagar ward:1, 3. Thiruvenkadu (R.V) And (P), Madavilagam North ward:1, 4. Thiruvenkadu (R.V) And (P), Vellakulam ward:2, 5. Thiruvenkadu (R.V) And (P), East Street ward:2, 6. Thiruvenkadu (R.V) And (P), Theradi ward:2, 999. OVERSEAS ELECTORS",All India Anna Dravida Munnetra Kazhagam,Dravida Munnetra Kazhagam,16,3.174603174603174
268,"Arulmighu Swatharanya Swami Koil Girls High School, West Side Building North Portion, Thiruvengadu","1. Thiruvenkadu (R.V) And (P), North Street ward:2, 2. Thiruvenkadu (R.V) And (P), East Madavilagam ward:2, 3. Thiruvenkadu (R.V) And (P), East Sannathi ward:2, 4. Thiruvenkadu (R.V) And (P), South Madavilagam ward:2, 5. Thiruvenkadu (R.V) And (P), East Street ward:2,
6. Thiruvenkadu (R.V) And (P), South Street ward:2, 999. OVERSEAS ELECTORS",All India Anna Dravida Munnetra Kazhagam,Dravida Munnetra Kazhagam,1,0.2178649237472767
269,"Arulmighu Swatharanya Swami Koil Girls High School, West Side Building South Portion, Thiruvengadu","1. Thiruvenkadu (R.V) And (P), Gandhi Nagar ward:2, 2. Thiruvenkadu (R.V) And (P), Nehru Nagar ward:2, 3. Thiruvenkadu (R.V) And (P), Muthaiya Nagar ward:2, 4. Thiruvenkadu (R.V) And (P), Anna Nagar ward:2, 5. Thiruvenkadu (R.V) And (P), Salaikarai ward:2, 999.
OVERSEAS ELECTORS",Dravida Munnetra Kazhagam,Tamilaga Vettri Kazhagam,11,2.018348623853211
274,"Sri Meikandar Aided Elementary School, Eastern building North Portion, Thiruvengadu","1. Thiruvenkadu (R.V) And (P), Thambirankottai ward:1, 2. Thiruvenkadu (R.V) And (P), Mariyamman Kovil Street ward:2, 3. Thiruvenkadu (R.V) And (P), West Street ward:3, 4. Thiruvenkadu (R.V) And (P), Ayyanar Koil Street ward:3, 5. Thiruvenkadu (R.V) And (P),
Periyar Nagar ward:3, 999. OVERSEAS ELECTORS",All India Anna Dravida Munnetra Kazhagam,Dravida Munnetra Kazhagam,30,3.717472118959108
276,"Government Higher Secondary School, East Side Southern Portion West Facing, Nangur","1. Nangur (R.V) And (P), North Agraharam ward:2, 2. Nangur (R.V) And (P), North Street ward:3, 3. Nangur (R.V) And (P), Mettu Street ward:3, 4. Nangur (R.V) And (P), Kammala Street ward:3, 5. Nangur (R.V) And (P), Bazaar Street ward:3, 6. Nangur (R.V) And (P), Sempon Renganathar Street ward:3, 7. Nangur (R.V) And (P), Mariyamman Koil Street ward:3, 8. Nangur (R.V) And (P), Mudaliyar Street ward:4, 999. OVERSEAS ELECTORS",All India Anna Dravida Munnetra Kazhagam,Dravida Munnetra Kazhagam,17,2.915951972555746
277,"Government Higher Secondary School, Middle Building South Facing East Portion Room No.23, Nangur","1. Nangur (R.V) And (P), Madha Kovilstreet ward:7, 2. Nangur (R.V) And (P), Kannikoil Street ward:7, 3. Nangur (R.V) And (P), Pillaiyar Koilstreet ward:8, 4. Nangur (R.V) And (P), Tharangambadi Mainroad ward:8, 5. Nangur (R.V) And (P), Gandhi Street ward:6, 999.
OVERSEAS ELECTORS",Dravida Munnetra Kazhagam,All India Anna Dravida Munnetra Kazhagam,30,3.500583430571762
280,"Sirkali Panchayat Union Middle School, North Building South Facing West Portion, Kathiruppu","1. Kathiruppu (R.V) And (P), Thethakudi ward:3, 2. Kathiruppu (R.V) And (P), Vadapathi, Thenpathi ward:3, 3. Kathiruppu (R.V) And (P), Anna Nagar ward:3, 4. Kathiruppu (R.V) And (P), Middle Street ward:3, 5. Kathiruppu (R.V) And (P), Kovil Street, Yadava Street ward:3, 6. Kathiruppu (R.V) And (P), Thenpathi Street ward:3, 7. Kathiruppu (R.V) And (P), Sampanodai ward:3, 999. OVERSEAS ELECTORS",Tamilaga Vettri Kazhagam,Dravida Munnetra Kazhagam,10,1.2453300124533
282,"Hindu Aided Elementary School, East Portion, Pagasalai","1. Pagasalai (R.V) And (P), Kandamangalam East Street ward:1, 2. Pagasalai (R.V) And (P), Kandamangalam North Street ward:1, 3. Pagasalai (R.V) And (P), Kandamangalam West Street ward:1, 4. Pagasalai (R.V) And (P), Kandamangalam South Street ward:1, 5. Pagasalai (R.V) And (P), Kandamangalam Agraharam ward:1, 6. Pagasalai (R.V) And (P), Pagasalai Agraharam ward:1, 7. Pagasalai (R.V) And (P), Pagasalai Mainroad ward:1, 8. Pagasalai (R.V) And (P), Pagasalai East Street ward:1, 9. Pagasalai (R.V) And (P), Pagasalai Thirupandur ward:2, 999. OVERSEAS ELECTORS",All India Anna Dravida Munnetra Kazhagam,Dravida Munnetra Kazhagam,18,2.719033232628399
283,"Hindu Aided Elementary School, West Portion, Pagasalai","1. Pagasalai (R.V) And (P), Pagasalai Madhakoil Street ward:1, 2. Pagasalai (R.V) And (P), Pagasalai South Street ward:2, 3. Pagasalai (R.V) And (P), Thokkalakudi North Street ward:2,
4. Pagasalai (R.V) And (P), Pillaiyar Kovil Street ward:2, 5. Pagasalai (R.V) And (P), Vadapathi Thokkalakudi ward:2, 6. Pagasalai (R.V) And (P), Thenpathi Thokkalakudi ward:2, 999.
OVERSEAS ELECTORS",Dravida Munnetra Kazhagam,All India Anna Dravida Munnetra Kazhagam,34,4.51527224435591
288,"Panchayat Union Middle School, Old Building West Side Facing South, Alaveli","1. Alaveli (R.V) And (P), North East Street ward:1, 2. Alaveli (R.V) And (P), Mettu Street North ward:1, 3. Alaveli (R.V) And (P), Mettu Street West ward:1, 4. Alaveli (R.V) And (P), East Street ward:1, 5. Alaveli (R.V) And (P), Pillaiyarkovil Street ward:1, 999. OVERSEAS ELECTORS",Dravida Munnetra Kazhagam,All India Anna Dravida Munnetra Kazhagam,3,0.7874015748031495
289,"Panchayat Union Middle School,West facing East Builiding North Portion,Alaveli","1. Alaveli (R.V) And (P), Kaliyammankoil Street North ward:2, 2. Alaveli (R.V) And (P), Kaliyammankoil Street East ward:2, 3. Alaveli (R.V) And (P), Kaliyammankoil Street South ward:2, 4. Alaveli (R.V) And (P), New Street ward:2, 5. Alaveli (R.V) And (P), Thiruvalluvar Street ward:2, 6. Alaveli (R.V) And (P), Vaikkangarai Street ward:2, 7. Alaveli (R.V) And (P), Elayangudi Pillaiyarkoil Street ward:3, 8. Alaveli (R.V) And (P), Elayangudi Pillaiyarkoil Street ward:3, 9. Alaveli (R.V) And (P), Adaikkalapuram ward:3, 10. Alaveli (R.V) And (P), Adaikkalapuram Mainroad ward:3, 11. Alaveli (R.V) And (P), Elayangudi Mainroad ward:3, 999. OVERSEAS ELECTORS",All India Anna Dravida Munnetra Kazhagam,Dravida Munnetra Kazhagam,2,0.2906976744186047
290,"Panchayat Union Elementary School, New building north portion west facing, Semangalam","1. Semangalam (R.V) And (P), Erumal Nedunthidal, West Street, Nehru Nagar ward:1, 2. Semangalam (R.V) And (P), Vangal ,Erumal Old Street ward:1, 3. Semangalam (R.V) And (P), Puthupettai, Kandamangalam Street ward:1, 4. Semangalam (R.V) And (P), Koothur West Street ward:1, 5. Semangalam (R.V) And (P), Metu Street, Koonan Street, South Street,Kamarajar Nagar ward:2, 6. Semangalam (R.V) And (P), Periya Agraharam ward:3, 999.
OVERSEAS ELECTORS",All India Anna Dravida Munnetra Kazhagam,Dravida Munnetra Kazhagam,14,1.758793969849246
291,"Panchayat Union Elementary School, New building south portion west facing, Semangalam","1. Semangalam (R.V) And (P), Koothur Big Street,Nandhanar Colony, Atrangarai Street ward:2, 2. Semangalam (R.V) And (P), North Street Colony ward:3, 3. Semangalam (R.V) And (P), North Street ward:3, 4. Semangalam (R.V) And (P), East Street, Sannathi Street ward:3, 5. Semangalam (R.V) And (P), Semangalam Atrangarai Street, Chinna Agraharam ward:3, 6. Semangalam (R.V) And (P), Mariyamman Kovil Street ward:3, 999. OVERSEAS ELECTORS",All India Anna Dravida Munnetra Kazhagam,Dravida Munnetra Kazhagam,10,1.2453300124533
303,"Panchayat Union Middle School, Middle Building West Facing South Room, Manikramam","1. Manigramam (R.V) And (P), Salaikara Street ward:1, 2. Manigramam (R.V) And (P), Thenmanigramam ward:3, 3. Manigramam (R.V) And (P), Sampakattali ward:3, 4. Manigramam (R.V) And (P), Keelamanigramam ward:3, 999. OVERSEAS ELECTORS",Tamilaga Vettri Kazhagam,All India Anna Dravida Munnetra Kazhagam,6,1.016949152542373
