Serial No. Of Polling Station,Locality,Polling Area,Winner_Party,Runner_Up_Party,Margin_Of_Victory,Margin_Percentage
2,Silverpuram,"1.Thoothukudi  Corporation  Palaiahpuram  -  Ward  3
2.Thoothukudi  Corporation  S.N.R.  Nagar  -  Ward  3  ,  999.OVERSEAS ELECTORS",Dravida Munnetra Kazhagam,Tamilaga Vettri Kazhagam,11,2.235772357723577
18,Postal  Telegraph Colony  1st  street,"1.Thoothukudi  Corporation  Telegram  Employees  Colony  Block  2  -  Ward 34  (Door  No.  1  to  2F-310)  ,  999.OVERSEAS  ELECTORS",Tamilaga Vettri Kazhagam,Dravida Munnetra Kazhagam,19,4.130434782608695
21,Postal  Telegraph Colony  1st  street,"1.Thoothukudi  Corporation  Telegram  Employees  Colony  Block  2  -  Ward 34  (Door  No.  After  2F-1501)  ,  999.OVERSEAS  ELECTORS",Tamilaga Vettri Kazhagam,Dravida Munnetra Kazhagam,9,2.184466019417476
40,"Millerpuram, Ganesh  nagar","1.Thoothukudi  Corporation  N.G.O.  Colony  -  Ward  48  ,  999.OVERSEAS ELECTORS",Tamilaga Vettri Kazhagam,Dravida Munnetra Kazhagam,22,4.690831556503198
45,Millerpuram,"1.Thoothukudi  Corporation  Palai  Road  West  Main  -  Ward  35  , 2.Thoothukudi  Corporation  Kamarajar  Nagar  West  -  Ward  49  , 3.Thoothukudi  Corporation  Kamaraj  Nagar  Main  -  Ward  49  ,
4.Thoothukudi  Corporation  Palai  road  West  Jeylani  Colony  -  Ward  35  , 5.Thoothukudi  Corporation  Palai  Road  West  Sankar  Colony  -  Ward  35  , 6.Thoothukudi  Corporation  Sankar  Colony  -  Ward  35,  999.OVERSEAS
ELECTORS",Dravida Munnetra Kazhagam,Tamilaga Vettri Kazhagam,2,0.4716981132075472
56,Millerpuram,"1.Thoothukudi  Corporation  Rajeev  Nagar  North  -  Ward  3  ,  2.Thoothukudi Corporation  Rajeev  Nagar  South  -  Ward  3  ,  3.Thoothukudi  Corporation
Chinnamani  Nagar  -  Ward  35  ,  4.Thoothukudi  Corporation  Millerpuram  -
Ward  35  ,  999.OVERSEAS  ELECTORS",Dravida Munnetra Kazhagam,Tamilaga Vettri Kazhagam,20,2.222222222222222
59,Millerpuram,"1.Thoothukudi  Corporation  Anna  Nagar  11th  Street  -  Ward  37  ,
2.Thoothukudi  Corporation  Palayamkottai  road  West  -  Ward  35  ,
3.Thoothukudi  Corporation  Millerpuram  -  Ward  35  ,  999.OVERSEAS ELECTORS",Dravida Munnetra Kazhagam,Dravida Munnetra Kazhagam,0,0.0
62,Millerpuram,"1.Thoothukudi  Corporation  Chinnamani  Nagar  Main  -  Ward  35  ,
2.Thoothukudi  Corporation  Millerpuram  -  Ward  35  ,  3.Thoothukudi Corporation  Millerpuram  Center  -  Ward  35  ,  4.Thoothukudi  Corporation Millerpuram  South  -  Ward  35  ,  999.OVERSEAS  ELECTORS",Tamilaga Vettri Kazhagam,Dravida Munnetra Kazhagam,9,1.672862453531598
63,Millerpuram,"1.Thoothukudi  Corporation  Palai  Road  Millerpuram  -  Ward  35  ,
2.Thoothukudi  Corporation  Ashok  Nagar  -  Ward  35  ,  3.Thoothukudi Corporation  Teachers  Colony  West  -  Ward  35  ,  4.Thoothukudi Corporation  Teachers  Colony  East  -  Ward  35  ,  5.Thoothukudi  Corporation P  &  T  Colony  East  -  Ward  35  ,  999.OVERSEAS  ELECTORS",Tamilaga Vettri Kazhagam,Dravida Munnetra Kazhagam,9,3.370786516853932
71,"Anna  Nagar  12th Street  Extension, Mangalapuram","1.Thoothukudi  Corporation  Mangalapuram  -  Ward  3  ,  2.Thoothukudi Corporation  Magilchipuram  -  Ward  3  ,  999.OVERSEAS  ELECTORS",Tamilaga Vettri Kazhagam,Dravida Munnetra Kazhagam,24,3.767660910518053
75,Polpettai,"1.Thoothukudi  Corporation  Polpettai  1  st  Street  -  Ward  4  , 999.OVERSEAS  ELECTORS",Tamilaga Vettri Kazhagam,Dravida Munnetra Kazhagam,29,4.44104134762634
76,Polpettai,"1.Thoothukudi  Corporation  Polpettai  2nd  Street  -  Ward  4  ,  2.Thoothukudi Corporation  Polpettai  3rd  Street  -  Ward  4  ,
999.OVERSEAS  ELECTORS",Tamilaga Vettri Kazhagam,Dravida Munnetra Kazhagam,5,1.275510204081633
78,Polpettai,"1.Thoothukudi  Corporation  State  Bank  Colony  East  -  Ward  6  ,
2.Thoothukudi  Corporation  S.K.S.R  Colony  -  Ward  6  ,  999.OVERSEAS ELECTORS",Dravida Munnetra Kazhagam,Tamilaga Vettri Kazhagam,19,2.878787878787879
81,Polpettai,"1.Thoothukudi  Corporation  Polpettai-Gomathibai  Colony  Street-1  -  Ward 6  ,  2.Thoothukudi  Corporation  Polpettai-Gomathibai  Colony  Street-2  - Ward  6  ,  3.Thoothukudi  Corporation  Polpettai-S.K.S.R.  Colony  -  Ward  6  , 999.OVERSEAS  ELECTORS",Tamilaga Vettri Kazhagam,Dravida Munnetra Kazhagam,21,2.982954545454545
82,Polpettai,"1.Thoothukudi  Corporation  Polpettai  west  street-1  -  Ward  4  , 2.Thoothukudi  Corporation  Polpettai  West  Street-2  -  Ward  4  ,
3.Thoothukudi  Corporation  State  Bank  Colony  -  Ward  4  ,  4.Thoothukudi
Corporation  Ezhil  Nagar  -  Ward  6  ,  999.OVERSEAS  ELECTORS",Tamilaga Vettri Kazhagam,Dravida Munnetra Kazhagam,26,3.869047619047619
83,Polpettai,"1.Thoothukudi  Corporation  Polpettai  east  1  st  street  -  Ward  4  , 2.Thoothukudi  Corporation  Polpettai  East  2nd  Street  -  Ward  4  , 3.Thoothukudi  Corporation  Polpettai  East  3rd  Street  -  Ward  4  ,
4.Thoothukudi  Corporation  Polpettai  West  -  Ward  4  ,  5.Thoothukudi Corporation  Kurinjinagar  1  st  Street  -  Ward  4  ,  6.Thoothukudi Corporation  Kurinjinagar  2nd  Street  -  Ward  4  ,  7.Thoothukudi Corporation  Kurinji  Nagar  3rd  Street  -  Ward  4  ,  999.OVERSEAS
ELECTORS",Tamilaga Vettri Kazhagam,Dravida Munnetra Kazhagam,12,1.866251944012442
166,North  Gopalsamy Street,"1.Thoothukudi  Corporation  Chinnakadai  street  -  Ward  24  ,
2.Thoothukudi  Corporation  Chinnakadai  Sandhu  -  Ward  24  , 3.Thoothukudi  Corporation  Parthasarathi  Street  -  Ward  24  , 999.OVERSEAS  ELECTORS",Tamilaga Vettri Kazhagam,Dravida Munnetra Kazhagam,21,4.772727272727273
175,North Pathirakaliammank oil  street,"1.Thoothukudi  Corporation  Mohammed  Sadhalipuram  -  Ward  14  ,
2.Thoothukudi  Corporation  Yadhavar  Street  -  Ward  16  ,  3.Thoothukudi Corporation  Valaiyananthaswami  Koil  Street  -  Ward  16  ,  4.Thoothukudi Corporation  Nambikkai  roach  Vilai  -  Ward  16  ,  999.OVERSEAS ELECTORS",Dravida Munnetra Kazhagam,Tamilaga Vettri Kazhagam,29,4.24597364568082
199,Melarathaveethi,"1.Thoothukudi  Corporation  Renganathapuram  East  -  Ward  25  ,
2.Thoothukudi  Corporation  Mela  Rathaveethi  -  Ward  25  ,  999.OVERSEAS ELECTORS",Tamilaga Vettri Kazhagam,Dravida Munnetra Kazhagam,18,4.522613065326634
201,T.R.  Naidu  Street,"1.Thoothukudi  Corporation  Railway  Colony  -  Ward  26  ,  2.Thoothukudi Corporation  Selvizer  1st  Street  -  Ward  26  ,  3.Thoothukudi  Corporation Selvizer  2nd  Street  -  Ward  26  ,  4.Thoothukudi  Corporation  Selvizer  3rd Street  -  Ward  26  ,  999.OVERSEAS  ELECTORS",Tamilaga Vettri Kazhagam,Dravida Munnetra Kazhagam,17,4.009433962264151
216,George  Road,"1.Thoothukudi  Corporation  Santhapper  Lane  -  Ward  24  ,  2.Thoothukudi Corporation  Meiyappar  Lane  -  Ward  24  ,  3.Thoothukudi  Corporation
Thandal  Lane  -  Ward  24  ,  4.Thoothukudi  Corporation  Saveria  Pitchai Lane  -  Ward  32  ,  5.Thoothukudi  Corporation  South  Raja  Street  -  Ward  32
,  6.Thoothukudi  Corporation  Gurusadi  Lane  -  Ward  24  ,  7.Thoothukudi Corporation  Grahop  Street  -  Ward  32  ,  8.Thoothukudi  Corporation Anthoniyar  Sandhu  -  Ward  24  ,  9.Thoothukudi  Corporation  Pachek
Sandhu  -  Ward  24  ,  10.Thoothukudi  Corporation  Japjak  Sandhu  -  Ward 24  ,  11.Thoothukudi  Corporation  Theerappar  Sandhu  -  Ward  32  ,
12.Thoothukudi  Corporation  Rosario  Sandhu  -  Ward  32  ,  13.Thoothukudi Corporation  Keyithan  Sorees  Sandhu  -  Ward  24,  14.Thoothukudi Corporation  St.Pavul  Sandhu  -  Ward  32  ,  15.Thoothukudi  Corporation Beach  Road  -  Ward  24  ,  16.Thoothukudi  Corporation  Malaiappar  Sandhu
-  Ward  24  ,  999.OVERSEAS  ELECTORS",Dravida Munnetra Kazhagam,Tamilaga Vettri Kazhagam,6,1.229508196721312
226,SPG  Kovil  1st  street,"1.Thoothukudi  Corporation  S.P.G.Kovil  Street  1  -  Ward  28  , 2.Thoothukudi  Corporation  S.P.G  Kovil  Street  2  -  Ward  28  , 3.Thoothukudi  Corporation  S.P.G.  Kovil  Street  3  -  Ward  28  , 4.Thoothukudi  Corporation  S.P.G.Kovil  Street  4  -  Ward  28  , 999.OVERSEAS  ELECTORS",Dravida Munnetra Kazhagam,Tamilaga Vettri Kazhagam,3,0.8174386920980926
252,Tiruchendur  Road,"1.Thoothukudi  Corporation  New  Salt  Colony  Block  4  -  ward  49  ,
2.Thoothukudi  Corporation  Central  Government  Employees  Colony  Block 4  -  ward  49  ,  3.Thoothukudi  Corporation  Post  Officers  Quarters  -  ward  49
,  999.OVERSEAS  ELECTORS",Dravida Munnetra Kazhagam,Tamilaga Vettri Kazhagam,4,0.8385744234800839
261,Caldwell  Colony  4th Street,"1.Thoothukudi  Corporation  Caldwell  Colony  -  ward  49  (Door  No.  1  to 5A-466)  ,  999.OVERSEAS  ELECTORS",Tamilaga Vettri Kazhagam,Dravida Munnetra Kazhagam,25,2.844141069397042
270,Tiruchendur  Road,"1.Thoothukudi  Corporation  Bangalow  Street  (Sivanthakulam)  -  ward  46  , 2.Thoothukudi  Corporation  Pakkilpuram  -  ward  46  ,  999.OVERSEAS ELECTORS",Tamilaga Vettri Kazhagam,Dravida Munnetra Kazhagam,12,2.4
288,Subbiahpuram  2nd Street,"1.Thoothukudi  Corporation  Subbiahpuram  1st  Street  -  Ward  44  ,
2.Thoothukudi  Corporation  Subbaiahpuram  2nd  Street  -  Ward  44  , 999.OVERSEAS  ELECTORS",Dravida Munnetra Kazhagam,Tamilaga Vettri Kazhagam,9,1.62748643761302
290,Subbiahpuram  2nd Street,"1.Thoothukudi  Corporation  Masilamanipuram  1st  street  -  ward  44  , 2.Thoothukudi  Corporation  Masilamanipuram  2nd  Street  -  ward  44  , 3.Thoothukudi  Corporation  Masilamanipuram  3rd  Street  -  ward  44  , 4.Thoothukudi  Corporation  Masilamanipuram  4th  Street  -  ward  44  , 999.OVERSEAS  ELECTORS",Tamilaga Vettri Kazhagam,Dravida Munnetra Kazhagam,10,2.352941176470588
304,Doovipuram  2nd Street,"1.Thoothukudi  Corporation  Doovipuram  2nd  Street  -  Ward  41  , 999.OVERSEAS  ELECTORS",Dravida Munnetra Kazhagam,Tamilaga Vettri Kazhagam,20,3.663003663003663
306,Chidambara  nagar,"1.Thoothukudi  Corporation  Chidambara  nagar  east  -  Ward  42  , 2.Thoothukudi  Corporation  Chidambara  Nagar  West  -  Ward  42  ,
3.Thoothukudi  Corporation  Chidambara  Nagar  South  -  Ward  42  , 4.Thoothukudi  Corporation  Chidambara  Nagar  North  -  Ward  42  ,
5.Thoothukudi  Corporation  Chidambara  Nagar  Main  Road  -  Ward  42  ,
6.Thoothukudi  Corporation  Chidambara  Nagar  1st  Street  -  Ward  42  , 999.OVERSEAS  ELECTORS",Tamilaga Vettri Kazhagam,Dravida Munnetra Kazhagam,11,3.013698630136986
308,Chidambara  nagar,"1.Thoothukudi  Corporation  Bryant  nagar  1st  street  -  Ward  73  ,
2.Thoothukudi  Corporation  Bryant  Nagar  2nd  Street  -  Ward  43  , 999.OVERSEAS  ELECTORS",Dravida Munnetra Kazhagam,Tamilaga Vettri Kazhagam,3,0.4754358161648178
314,Bryant  Nagar  7th Street,"1.Thoothukudi  Corporation  Bryant  Nagar  7th  Street  -  Ward  43  (Door  No. After  30)  ,  999.OVERSEAS  ELECTORS",Tamilaga Vettri Kazhagam,Dravida Munnetra Kazhagam,7,2.140672782874617
327,"J.S.  Nagar, Muthiahpuram","1.Thoothukudi  Corporation  Sundar  Nagar  Block  4  -  ward  54  (Door  No. From  4-210-5  to  Last)  ,  999.OVERSEAS  ELECTORS",Tamilaga Vettri Kazhagam,Dravida Munnetra Kazhagam,26,4.850746268656716
330,Pottalkadu,"1.Mullakkadu  Part  2  (R.V)  And  (P)  Pottalkadu  North  Street  ,  2.Mullakkadu Part  2  (R.V)  And  (P)  Pottalkadu  South  Street  ,  3.Mullakkadu  Part  2  (R.V)
And  (P)  Pottalkadu  Amman  Kovil  Street  ,  4.Mullakkadu  Part  2  (R.V)  And
(P)  Pottalkadu  Nesamani  Nagar  ,  5.Mullakkadu  Part  2  (R.V)  And  (P) Mullakadu  West  Street  ,  999.OVERSEAS  ELECTORS",Tamilaga Vettri Kazhagam,All India Anna Dravida Munnetra Kazhagam,34,4.023668639053255
338,Muthiapuram,"1.Thoothukudi  Corporation  Ayyan  kovil  street  -  ward  52  (Door  No.  After 4-75B)  ,  999.OVERSEAS  ELECTORS",Tamilaga Vettri Kazhagam,Dravida Munnetra Kazhagam,19,4.398148148148148
342,Muthiapuram,"1.Thoothukudi  Corporation  East  Street  -  ward  52  (Door  No.  After  1-79-14)
,  999.OVERSEAS  ELECTORS",Dravida Munnetra Kazhagam,Tamilaga Vettri Kazhagam,13,2.376599634369287
345,Muthiapuram,"1.Thoothukudi  Corporation  Kaliamman  Koil  Street  -  ward  52  (Door  No. After  3-500)  ,
999.OVERSEAS  ELECTORS",Tamilaga Vettri Kazhagam,Dravida Munnetra Kazhagam,4,0.847457627118644
358,New  Harbour,"1.Thoothukudi  Corporation  Bharathi  Nagar  Type  1,  2,  3,  4  -  Ward  60  , 999.OVERSEAS  ELECTORS",Tamilaga Vettri Kazhagam,Dravida Munnetra Kazhagam,10,4.672897196261682
