Location and Name of Building in which Polling Station Located,Total_Booths_In_Locality,Dominant_Party,Dominant_Party_Booths_Won
"Ambrose Boys Hr.Sec School Old
Students Bulding, Meiganapuram",1,Dravida Munnetra Kazhagam,1
"Ambrose boys Hr.Sec.School Eastern Block, Class XIIth A, Meiganapuram",1,Dravida Munnetra Kazhagam,1
"Anganwadi Center Eastern side Building, North Portion, Mela Authoor.",1,Bharatiya Janata Party,1
"Anganwadi centre North Building,south facing K.T.M. Street, kayalpattinam.",1,Dravida Munnetra Kazhagam,1
"Anganwadi centre, Chettyapathu",1,Bharatiya Janata Party,1
"Arockiya Annai Middle School East Building Middle portion (Ground Floor), Adaikkalapuram.",1,Dravida Munnetra Kazhagam,1
"Arockiya Annai Middle School South Building, Adaikkalapuram.",1,Dravida Munnetra Kazhagam,1
"ArulRaj Primary School West Building, Rathinapuri, Kayalapattanam.",1,Dravida Munnetra Kazhagam,1
"ArulRaj Primary School, Eastern Building, Rathinapuri, kayalpattinam.",1,Dravida Munnetra Kazhagam,1
"Arulmigu Senthilandavar Govt Boys
Higher Secondary School, New Building, South Portion, East Room T.B.Road, Tiruchendur.",1,Tamilaga Vettri Kazhagam,1
"Arulmigu Senthilandavar Govt Boys
Higher Secondary School, North Building, Middle Porton, T.B.Road, Tiruchendur",1,Tamilaga Vettri Kazhagam,1
"Asoka Vidhyalaya Middle School Central Portion VII th Standard Room, Kachinavillai.",1,Dravida Munnetra Kazhagam,1
"Asoka Vidhyalaya Middle School, West Portion, Kachinavillai.",1,Dravida Munnetra Kazhagam,1
"Barathi Primary School , North Building, Alagappapuram.",1,Tamilaga Vettri Kazhagam,1
"Carmal Middle School, South Building, Alanthalai",1,Tamilaga Vettri Kazhagam,1
"Carmal Middle School, South East
Building, Alanthalai",1,Tamilaga Vettri Kazhagam,1
"Central Hr, Sec school, Class-VIIth c
,North Side, Sathukai street, kayalpattinam.",1,Dravida Munnetra Kazhagam,1
"Central Hr.Sec School, North Building
Class VIIIth B, kayalpattinam.",1,Dravida Munnetra Kazhagam,1
"Central Hr.Sec School, North Building
Class VIIth B, Sathukai street, kayalpattinam.",1,Dravida Munnetra Kazhagam,1
"Central Primary (Matriculation) School North Block Play Room, Sathukai street, kayalpattinam.",1,Dravida Munnetra Kazhagam,1
"Central Primary School (matriculation) North Block Hall No III, Sathukai street, kayalpattinam.",1,Dravida Munnetra Kazhagam,1
"Devakani Primary School , West portion, Melaputhukudi",1,Dravida Munnetra Kazhagam,1
"Dr.MaduramT.N.T.A Kaspa Middle
School North Building North Side, Nazareth.",1,Tamilaga Vettri Kazhagam,1
"Dr.MaduramT.N.T.A Kaspa Middle School South Building North Side,Nazareth.",1,Dravida Munnetra Kazhagam,1
"Duraisivan Primary School, East portion, Paramankuruchi",1,Bharatiya Janata Party,1
"Duraisivan Primary School, West portion, Paramankuruchi",1,Dravida Munnetra Kazhagam,1
"Eka Ratchakar Sabai Middle School East
Building North Portion (Ground Floor) West Side, Mookkuperi.",1,Tamilaga Vettri Kazhagam,1
"Eka Ratchakar Sabai Middle School East
Building, South portion, (Ground Floor), Mookkuperi.",1,Dravida Munnetra Kazhagam,1
"Eliot Tuxford Girls Hr. Sec.School South Block Class XIIth A, Meiganapuram",1,Dravida Munnetra Kazhagam,1
"Eliot Tuxford Girls Hr. Sec.School South Block Class XIIth A1, Meiganapuram",1,Dravida Munnetra Kazhagam,1
"Government Higher Secondary School
East BuildingWest facing Middle portion side Authoor.",1,Tamilaga Vettri Kazhagam,1
"Government Higher Secondary School ,
West Building, South side, East Facing , Authoor.",1,Tamilaga Vettri Kazhagam,1
"Government Higher Secondary School , Ist Building X th Standard Room, Authoor.",1,Tamilaga Vettri Kazhagam,1
"Govrnment Middle School, , North Building, West side, Vithyasalai, Udankudi",1,Tamilaga Vettri Kazhagam,1
"Govt Adhidravidar Primary School
Additional Building , Thoppur, Tiruchendur",1,Dravida Munnetra Kazhagam,1
"Govt Adhidravidar Primary School South Building, Thoppur, Tiruchendur",1,Tamilaga Vettri Kazhagam,1
"Govt Girls Hr Sec School North Building
middle portion South facing Theevu street kayalpattinam",1,Dravida Munnetra Kazhagam,1
"Govt Girls Hr Sec School West Building North Side ,East Facing Theevu street, Kayalapattanam",1,Tamilaga Vettri Kazhagam,1
"Govt Girls Hr. Sec School, North
building East side. south facing Theevu street, kayalpattinam.",1,Dravida Munnetra Kazhagam,1
"Govt High School, Venkatrananugapuram, New Building , East Portion,Uthiramadankudieruppu",1,Bharatiya Janata Party,1
Govt Higher Secondary School New Building North Portion 1st Room Thentiruperail,1,Tamilaga Vettri Kazhagam,1
Govt Higher Secondary School New building west portion 2st room thenthiruperai,1,Dravida Munnetra Kazhagam,1
"Govt Middle School, East Building North Side, Vithyasalai, Udankudi",1,Dravida Munnetra Kazhagam,1
"Govt girls Hr.Sec.school, North Building west side south facing,Arumuganeri.",1,Tamilaga Vettri Kazhagam,1
"Govt girls Hr.Sec.school,North Middle
building South Facing West portion Building Arumuganeri.",1,Tamilaga Vettri Kazhagam,1
"Govt. Girls Hr Sec School North Block
West Portion, Class No VI C Theevu street, kayalpattinam.",1,Dravida Munnetra Kazhagam,1
"Govt. Girls Hr. Sec School, North
Building East Portion, Theevu street, Kayalapattanam.",1,Tamilaga Vettri Kazhagam,1
"Govt. Girls Hr. Sec School, North
Building Middle Portion, Theevu street, kayalpattinam",1,Dravida Munnetra Kazhagam,1
"Govt. Hr. sec school East Building South side, Authoor.",1,Dravida Munnetra Kazhagam,1
"Govt. Hr. sec school West New building
class VIth standard North Portion, Authoor.",1,Dravida Munnetra Kazhagam,1
"Govt.Hr. sec. school, East Building,North side,West Facing , Authoor.",1,Tamilaga Vettri Kazhagam,1
"Grama Middle School, Main Building, VellaKovil, Suganthalai.",1,Bharatiya Janata Party,1
"Grama Panchayat E-Service centre building, Nallur",1,Tamilaga Vettri Kazhagam,1
"Grama Panchayat Sevai Maiyam,Idaiyanvilai",1,Tamilaga Vettri Kazhagam,1
"Hasania Middle School west building, Hasania street, Kulasekaranpattanam",1,Dravida Munnetra Kazhagam,1
"Hasania Middle School, Southern End East building, Northern Side, Hasania street, Kulasekaranpattanam",1,Dravida Munnetra Kazhagam,1
"Hindu Arulneri High School, Thirumalaiyappa puram, Sonaganvillai.",1,Dravida Munnetra Kazhagam,1
"Hindu High School, East Side, Poochikadu, Pallipathu",1,Tamilaga Vettri Kazhagam,1
"Hindu Hr Sec School Dr.Sivanthi Aditanar Hall, South Side, Class X A, Arumuganeri.",1,Tamilaga Vettri Kazhagam,1
"Hindu Hr.Sec.School, Gandhi Hall, Poovarasur, Arumuganeri.",1,Tamilaga Vettri Kazhagam,1
"Hindu Hr.Sec.School, Sivanthi Aditanar
Hall, North Protion Room, Poovarasur, Arumuganeri.",1,Tamilaga Vettri Kazhagam,1
"Hindu Middle School, Main Building, East Room, Varandiyavel, Suganthalai",1,Tamilaga Vettri Kazhagam,1
"Hindu Primary School , Molakkarai",1,Tamilaga Vettri Kazhagam,1
"Hindu Primary School East Portion, Nazareth",1,Dravida Munnetra Kazhagam,1
"Hindu Primary School South Facing North Building V.O.C Street, Tiruchendur",1,Tamilaga Vettri Kazhagam,1
"Hindu Primary School V.O.C Street,
South Buidling North Facing, Tiruchendur",1,Tamilaga Vettri Kazhagam,1
"Hindu Primary School West Building, Madhavankuruchi",1,Dravida Munnetra Kazhagam,1
"Hindu Primary School, East Portion, Thandavankadu, Madhavankuruchi",1,Bharatiya Janata Party,1
"Hindu Primary School, Keeranoor.",1,Bharatiya Janata Party,1
"Hindu Primary School, Kurangani",1,Bharatiya Janata Party,1
"Hindu Primary School, SouthSide NewBuilding, V.O.C Street, Tiruchendur",1,Tamilaga Vettri Kazhagam,1
"Hindu Saraswathi Middle School , West Building North portion, Arumuganeri.",1,Bharatiya Janata Party,1
"Illainjer Aramba vidhya saalai New
Building West Portion Ranimaharajapurtam, Arumuganeri.",1,Tamilaga Vettri Kazhagam,1
"Illainjer Aramba vidhya saalai New
Building, East Portion, Ranimaharajapurtam, Arumuganeri",1,Tamilaga Vettri Kazhagam,1
"JAMES MEMORIAL MATRICULATION HR.SEC.OF S.D.A. SCHOOL Elementry
section building III Room prakasapuram",1,Dravida Munnetra Kazhagam,1
"James Memorial Metriculation. Hr.Sec. of S.D.A. School, Elementry Section Building, IV th Room, Prakasapuram",1,Tamilaga Vettri Kazhagam,1
"K.A.Higher Secondary School , North Building East Portion West Side Class XB, Peiyanvillai, Arumuganeri.",1,Bharatiya Janata Party,1
"K.A.Higher Secondary School ,North
Building East Portion East Side Class XA, Peiyanvillai, Arumuganeri.",1,Tamilaga Vettri Kazhagam,1
"K.K.R T.N.D.T.A. High School, South Building WestRoom, Paramankuruchi",1,Dravida Munnetra Kazhagam,1
"K.K.R. T.N.D.T.A High School, North Building West Room, Paramankuruchi",1,Bharatiya Janata Party,1
"KAHigher Secondary School, North
Building Western Side South Facing Class VIA Peiyanvillai Arumuganeri",1,Tamilaga Vettri Kazhagam,1
"Kalaivani Primaryschool, East Portion, Subramaniapuram, Kayamozhi",1,Tamilaga Vettri Kazhagam,1
"Kalaivani Primaryschool, West Portion, Subramaniyapuram, Kayamozhi",1,Tamilaga Vettri Kazhagam,1
"Kamaraj Somasundari Nursery &
Primary School, East Building East Portion, Somasundariamman Kovil street, Arumuganeri.",1,Tamilaga Vettri Kazhagam,1
"Kamaraj Somasundari Nursery & Primary School, New Building North West Portion, Somasundariamman Kovil Street, Arumuganeri",1,Bharatiya Janata Party,1
Kamaraj Somasundari Nursery and Primary School North Building West Side South Facing SomasunariammanKovil street Arumuganeri,1,Tamilaga Vettri Kazhagam,1
"L.K Matriculation Hr Sec School North
Building South Facing Class Room XI  C, Sivankovil street, Kayalpattanam",1,Dravida Munnetra Kazhagam,1
"L.K Matriculation Hr Sec School, South
Building West Side Class Room 1stB, Kayalpattanam",1,Dravida Munnetra Kazhagam,1
"L.K. Hr. Sec School, South building
Class XID, kayalpattinam.",1,Dravida Munnetra Kazhagam,1
"L.K. Hr. Sec School, Southeren South
Building West Side Class XI  A, Kayalpattanam",1,Dravida Munnetra Kazhagam,1
"L.K. Primary School , Middle Portion, North Building Class IIIA, kayalpattinam.",1,Dravida Munnetra Kazhagam,1
"L.K. Primary School , West Building
Ground Floor Southern Portion, kayalpattinam.",1,Dravida Munnetra Kazhagam,1
"L.K. Primary School, North building
West portion Ground Floor, Lebaithambi street, kayalpattinam",1,Dravida Munnetra Kazhagam,1
"L.K. Primary School, West building
Ground floor, Northern Portion, kayalpattinam",1,Dravida Munnetra Kazhagam,1
"LK Hr. Sec School, South building North facing XII A Class, kayalpattinam.",1,Dravida Munnetra Kazhagam,1
"LK Matriculation Higher Secondary
School North Building Middle portion South Facing class room XI  A Kayalpattanam",1,Dravida Munnetra Kazhagam,1
"Margochis Higher Secondary School
Class Room XIA Standard, Nazareth.",1,Dravida Munnetra Kazhagam,1
"Margochis Higher Secondary School Class Room XIIB Standard, Nazareth.",1,Dravida Munnetra Kazhagam,1
"Margochis Higher Secondary School Room No 6 Standard XI  B, Nazareth",1,Dravida Munnetra Kazhagam,1
"Margochis Higher Secondary School, XII A Standard, Nazareth",1,Dravida Munnetra Kazhagam,1
"Mary Ann Best Girls Hr,sec School, Main Building , Middle Room ,XIthStd D.D.M Room, Pandarachittivillai",1,Bharatiya Janata Party,1
"Mary Ann Best Girls Hr.Sec School,
SouthPortion Main Building, Pandarachittiviilai",1,Dravida Munnetra Kazhagam,1
"Mary Ann Best Girls Hr.Sec School, East Building, Middle room 10B, Pandarachittiviilai",1,Tamilaga Vettri Kazhagam,1
"Mary Ann Best Girls Hr.sec.School, Middle Building, North side, PanarachittivillaiNorth Building Class VIIIth C, Pandarachittivillai",1,Bharatiya Janata Party,1
"Muhyiddeen Matriculation Hr. Sec.
School, North Building, Ground Floor Room No.13, Keela Nainar Street, Kayalpattanam",1,Dravida Munnetra Kazhagam,1
"Muhyiddeen Matriculation Hr. Sec.
School, North Building, Ground Floor Room No14, Keela nainar street, Kayalapattanam",1,Dravida Munnetra Kazhagam,1
Municipality Middle School West Building Odakkarai Kayalpattanam,1,Tamilaga Vettri Kazhagam,1
"Municipality Middle School, East
Building South portion, Thaikka street, kayalpattinam.",1,Dravida Munnetra Kazhagam,1
"Municipality Middle School, New Building East portion, Odakarai, kayalpattinam.",1,Dravida Munnetra Kazhagam,1
"Municipality Middle School, North
Building West Side, Ground Floor, Thaikka Street, Kayalpattanam",1,Tamilaga Vettri Kazhagam,1
"Municipality Middle School, West
Building East Facing, Odakarai, kayalpattinam.",1,Bharatiya Janata Party,1
"Municipality Middle School, West Building East Portion, Odakarai, kayalpattinam.",1,Tamilaga Vettri Kazhagam,1
"Municipality Middle School,Eastern
Building, North Side, Thaikka street, kayalpattinam",1,Tamilaga Vettri Kazhagam,1
"Municipality Middle School,West
building, East facing, South side,Thaikka street,Kayalpattinam",1,Bharatiya Janata Party,1
"Municipality Middle school,North
Building,South Facing,East side,Thaikka street,Kayalpattinam",1,Dravida Munnetra Kazhagam,1
"Municipality Primary School East side Old Building South portion, T.B.Road, Tiruchendur",1,Tamilaga Vettri Kazhagam,1
Municipality Primary School Middle Building West Side South Facing Theevu Street Kayalpattanam,1,Dravida Munnetra Kazhagam,1
"Municipality Primary School North
Building West Portion T.B. Road, Tiruchendur",1,Tamilaga Vettri Kazhagam,1
"Municipality Primary School West
Building South Side, T.B.Road, Tiruchendur.",1,Tamilaga Vettri Kazhagam,1
"Municipality Primary School West Building North Side, T.B.Road, Tiruchendur.",1,Tamilaga Vettri Kazhagam,1
"Municipality Primary School, Fathima
Hall east portion, Theevu street, kayalpattinam.",1,Dravida Munnetra Kazhagam,1
"Municipality Primary School, South Side, Middle Portion, Theevu street, kayalpattinam.",1,Dravida Munnetra Kazhagam,1
"Municipality Primary School, West
Building, K.T.M. Street, Kayalpattanam",1,Dravida Munnetra Kazhagam,1
"Najath Nursery and Primary School East Building North Side , Udankudi",1,Dravida Munnetra Kazhagam,1
"Najath Nursery and Primary School, west Building South side, Udankudi",1,Dravida Munnetra Kazhagam,1
"National Primary School Eastern
Building, Arunachalapuram, kayalpattinam.",1,Dravida Munnetra Kazhagam,1
"National Primary School New East
Building, North side West facing Arunachalapuram, kayalpattinam.",1,Tamilaga Vettri Kazhagam,1
"Panchayat Union Middle School ,S.S.A Building, Avaraiuoor",1,Tamilaga Vettri Kazhagam,1
"Panchayat Union Middle School West Building,Puraiyoor",1,Dravida Munnetra Kazhagam,1
"Panchayat Union Middle School,
Northwestern Building, South Room, N.Muthaiahpuram",1,Dravida Munnetra Kazhagam,1
"Panchayat Union Middle School,
Selvarajapuram, West Side Building, Arumuganeri.",1,Tamilaga Vettri Kazhagam,1
"Panchayat Union Middle School, , West
Building, East facing north side Selvarajapuram, Arumuganeri.",1,Tamilaga Vettri Kazhagam,1
"Panchayat Union Middle School, East Building, North Room, N.Muthaiahpuram",1,Dravida Munnetra Kazhagam,1
"Panchayat Union Middle School, East Side, Kanam",1,Dravida Munnetra Kazhagam,1
"Panchayat Union Middle School, Naina Pillai Street, East Building South Portion, VIIIth Std, Kalankudiyiruppu",1,Bharatiya Janata Party,1
"Panchayat Union Middle School, Naina Pillai Street, East Building, North Side Room, Kalankudiyiruppu",1,Dravida Munnetra Kazhagam,1
"Panchayat Union Middle school
Pallivasal north Building South facing East side,South Authoor.",1,Dravida Munnetra Kazhagam,1
"Panchayat Union Middle school
Pallivasal north Building South facing West side,South Authoor.",1,Tamilaga Vettri Kazhagam,1
"Panchayat Union Middle school Central Hall, Idachivillai, Udankudi",1,Bharatiya Janata Party,1
"Panchayat Union Primary School (West portion), Vannimanagaram, Arumuganeri.",1,Dravida Munnetra Kazhagam,1
"Panchayat Union Primary School , Tiruchendur",1,Tamilaga Vettri Kazhagam,1
"Panchayat Union Primary School ,South
Building, Thalaivanvadali.",1,Tamilaga Vettri Kazhagam,1
"Panchayat Union Primary School Eastern Portion, Nainarpathu",1,Bharatiya Janata Party,1
"Panchayat Union Primary School Eluvillai, Kuthiraimozhi",1,Tamilaga Vettri Kazhagam,1
"Panchayat Union Primary School New
Building, South Side, Chettiyapathu",1,Bharatiya Janata Party,1
"Panchayat Union Primary School New Building Middle Room, Thenthiruperai.",1,Bharatiya Janata Party,1
"Panchayat Union Primary School New Building North Portion Ist Room, Thenthiruperai.",1,Dravida Munnetra Kazhagam,1
"Panchayat Union Primary School West
Building, Periya Street, Kalankudiyiruppu",1,Dravida Munnetra Kazhagam,1
"Panchayat Union Primary School,
Sankivillai, Tiruchendur",1,Bharatiya Janata Party,1
"Panchayat Union Primary School,
Selvanputhiyanoor.",1,Tamilaga Vettri Kazhagam,1
"Panchayat Union Primary School, East Building, Nathankinaru.",1,Tamilaga Vettri Kazhagam,1
"Panchayat Union Primary School, Keelakalamparai",1,Tamilaga Vettri Kazhagam,1
"Panchayat Union Primary School, Kudieruppuvillai",1,Tamilaga Vettri Kazhagam,1
"Panchayat Union Primary School, Mela kadamba",1,Dravida Munnetra Kazhagam,1
"Panchayat Union Primary School, Middle Building, North portion Ammanpuram",1,Dravida Munnetra Kazhagam,1
"Panchayat Union Primary School, Middle Building, South portion Ammanpuram.",1,Tamilaga Vettri Kazhagam,1
"Panchayat Union Primary School, New Building, Semmarikulam",1,Tamilaga Vettri Kazhagam,1
"Panchayat Union Primary School, North
Side, East West Portion, Nadunalumoolaikinaru.",1,Dravida Munnetra Kazhagam,1
"Panchayat Union Primary School, North Building East Side, Nallur",1,Tamilaga Vettri Kazhagam,1
"Panchayat Union Primary School, North Building, Shanmugapuram.",1,Tamilaga Vettri Kazhagam,1
"Panchayat Union Primary School, Piraikudieruppu",1,Bharatiya Janata Party,1
"Panchayat Union Primary School, Seerudaiyarpuram, Paramankuruchi",1,Dravida Munnetra Kazhagam,1
"Panchayat Union Primary School, South
Building West Portion, Pitchivillai, Paramankuruchi",1,Dravida Munnetra Kazhagam,1
"Panchayat Union Primary School, South
Side, East Portion, Nadu Nalumoolaikinaru.",1,Dravida Munnetra Kazhagam,1
"Panchayat Union Primary School, South Building, Shanmugapuram.",1,Tamilaga Vettri Kazhagam,1
"Panchayat Union Primary School, Therikudieruppu, Kayamozhi",1,Bharatiya Janata Party,1
"Panchayat Union Primary School, Uthiramadankudieruppu",1,Bharatiya Janata Party,1
"Panchayat Union Primary School, Valavilai, Arumuganeri.",1,Tamilaga Vettri Kazhagam,1
"Panchayat Union Primary School,North Building West Side , Nallur",1,Dravida Munnetra Kazhagam,1
"Panchayat Union Primary school,
Kallamozhi.",1,Tamilaga Vettri Kazhagam,1
"Panchayat Union Primary school, East Building, Sethukuvaithan.",1,Dravida Munnetra Kazhagam,1
"Panchayat Union Primary school, western portion, Nainarpathu",1,Tamilaga Vettri Kazhagam,1
"Panchayat Union Primaryschool Eastern South side Building, Mela Authoor",1,Tamilaga Vettri Kazhagam,1
"Panchayat Union Primery School West Side, Gnaniyakudieruppu",1,Bharatiya Janata Party,1
"Panchayat Union middle School,
Keelanalumoolaikinaru",1,Dravida Munnetra Kazhagam,1
Pandarasivan SenthilArumugam Memory Middle School K.S Ananathakumar Memoriyal Block North Portion Kulasekaranpattanam,1,Bharatiya Janata Party,1
Pandarasivan SenthilArumugam Memory Middle School K.S Ananathakumar Memoriyal Block South Portion Kulasekaranpattanam,1,Bharatiya Janata Party,1
"PandarasivanSenthilArumugam Memorial Middle School, West End Building Kulasekaranpattanam",1,Tamilaga Vettri Kazhagam,1
"Pothu Nala Ikiya Sanga Primary School ,
West Side, Thalavaipuram, MelaTiruchendur",1,Tamilaga Vettri Kazhagam,1
"Punitha Susai Primary School South
Building Middle Portion, North Facing Adaikkalapuram, Veerapandiyanpattanam.",1,Tamilaga Vettri Kazhagam,1
"Punitha Susai Primary School(Study
Hall Western wing)Southern Portion,
Adaikkalapuram, Veerapandiyanpattanam.",1,Dravida Munnetra Kazhagam,1
"R,C. Primary school West Side, Koluvainallur, Mela Authoor.",1,Tamilaga Vettri Kazhagam,1
"R.C Primary School South Building West
Portion Tiruchendur",1,Tamilaga Vettri Kazhagam,1
"R.C Primary School, East Building
Eastern portion, Amalinagar, Tiruchendur",1,Tamilaga Vettri Kazhagam,1
"R.C. Primaryschool East Side,
KoluvaiNallur, Mela Authoor.",1,Dravida Munnetra Kazhagam,1
"R.M.V. Middle School, Sirunadarkudieruppu.",1,Bharatiya Janata Party,1
"RC Primary School south Building East
Portion Tiruchendur.",1,Tamilaga Vettri Kazhagam,1
"S.R.B.M Senthilmurugan Middle School North Side, South car street, Tiruchendur",1,Bharatiya Janata Party,1
"S.R.B.M Senthilmurugan Middle School South Portion, South car street, Tiruchendur",1,Bharatiya Janata Party,1
"Santhanasama Middle School ,East portion, Madathuvillai, Arumuganeri.",1,Tamilaga Vettri Kazhagam,1
"Santhanasama Middle School ,Northern Building, East Protion, Madathuvillai, Arumuganeri.",1,Tamilaga Vettri Kazhagam,1
"Santhanasama Middle School ,South Building, Middle Protion, Madathuvillai, Arumuganeri.",1,Tamilaga Vettri Kazhagam,1
"Saravana Iyer middle school
Ramachandra Iyer Ninaivarangam, North Building West Portion, panthal Mandabam, Keelaratha Veethi, Tiruchendur.",1,Tamilaga Vettri Kazhagam,1
"Saravana Iyer middle school Ramachandra Iyer Ninaivarangam, North Building, East Portion, East car street, panthal Mandabam, Tiruchendur",1,Tamilaga Vettri Kazhagam,1
"Senthil Murugan Govt Girls High Sec School, Old Building North Portion South Facing East Side Tiruchendur",1,Tamilaga Vettri Kazhagam,1
"Senthil Murugan Govt girls Hr sec
School old building NorthPortion West side South Facing Tiruchendur.",1,Tamilaga Vettri Kazhagam,1
"Senthil murugan Govt Girls Hr Sec
School New Building West side Hall Room no 2 Tiruchendur.",1,Tamilaga Vettri Kazhagam,1
"Senthil murugan Govt,Girls Hr,Sec
School New Building South Side East Room Tiruchendur",1,Tamilaga Vettri Kazhagam,1
"Senthil murugan Govt,Girls Hr,Sec School New Building South Portion North Facing West Room",1,Bharatiya Janata Party,1
"Senthilmurugan Govt Girls High Sec
School, New Building West Portion East Facing North side Tiruchendur",1,Tamilaga Vettri Kazhagam,1
"Senthilmurugan Govt Girls Higher
Secondary School, New Building West portion South Side East facing Tiruchendur",1,Tamilaga Vettri Kazhagam,1
"Senthilmurugan Govt Girls Hr Sec School, New Building South Side, Middle Portion, Tiruchendur.",1,Bharatiya Janata Party,1
"Shunmuga Sundara Nadar Primary School, West Building, North portion, Authoor.",1,Tamilaga Vettri Kazhagam,1
"Shunmuga Sundara Nadar Primary School, West Building, South Portion, Authoor.",1,Tamilaga Vettri Kazhagam,1
"Shunmugakani Ammal Memorial Panchayat Union MiddleSchool, East Portion, Thandupathu",1,Dravida Munnetra Kazhagam,1
"Si .Pa.Adithanar.Govt Hr.Sec School,
East wing, southern building, Ramanathapuram, Kayamozhi",1,Dravida Munnetra Kazhagam,1
"Si .Pa.Adithanar.Govt Hr.Sec School, East Block, Std XIth D, Ramanathapuram, Kayamozhi",1,Bharatiya Janata Party,1
"Sri Ganesar Hr, Sec School,VOC Block East portion, Panikkanadarkudieruppu.",1,Tamilaga Vettri Kazhagam,1
"Sri Ganesar Hr, Sec, School, VOC Block West portion, Panikkanadarkudieruppu.",1,Tamilaga Vettri Kazhagam,1
"Sri Ramakrishna Chithambaraeswar Hr
Sec School, West Building North Side Room No5, Therioor",1,Tamilaga Vettri Kazhagam,1
"Sri Ramakrishna Chithambareswarar Hr.Sec.School West Building North Side, Class no 7,Therioor",1,Bharatiya Janata Party,1
"St Antony R.C. Middle School, North Side, West Hall, Udankudi",1,Tamilaga Vettri Kazhagam,1
"St Antony R.C. Middle School, South
Building, West Hall, Udankudi",1,Dravida Munnetra Kazhagam,1
"St Antony R.C. Middle School, South Building, East Hall, Udankudi",1,Dravida Munnetra Kazhagam,1
"St Joseph Hr. Sec. School, Golden
Jubilee Building 12th Typing Class Room, Manapadu",1,Tamilaga Vettri Kazhagam,1
"St Joseph RC Primary School West
Portion Class Room I and II Kanthasamypuram, Nazareth",1,Dravida Munnetra Kazhagam,1
St Lucia high school south building Middle Portion kurumbur,1,Tamilaga Vettri Kazhagam,1
"St Marys Middle School, East Building West Side, Manapadu",1,Tamilaga Vettri Kazhagam,1
"St Xaviers Nursery and primary School
East building west facing north side Punnaikayal",1,Tamilaga Vettri Kazhagam,1
"St. Annis High School South Side, East
Portion, Keelaramasamyapuram, Nangaimozhi",1,Bharatiya Janata Party,1
"St. Annis Primary School, North Portion, Keelaramansamyapuram, Nangaimozhi",1,Tamilaga Vettri Kazhagam,1
"St. Antony Middle School, Pitchivillai.",1,Dravida Munnetra Kazhagam,1
"St. Antony R.C. Middle School, North Building, Middle Hall, Udankudi",1,Tamilaga Vettri Kazhagam,1
"St. Joseph Higher Secondary School
East Side VictoriaHall Xth Std Manapadu",1,Tamilaga Vettri Kazhagam,1
"St. Joseph Higher Secondary School
West Side VictoriaHall, XIIth std, Manapadu",1,Tamilaga Vettri Kazhagam,1
"St. Joseph Hr. Sec. School East portion,
Punnakayal.",1,Tamilaga Vettri Kazhagam,1
"St. Joseph Hr. Sec. School Golden Jubilee , East side, Manapadu.",1,Tamilaga Vettri Kazhagam,1
"St. Joseph Hr. Sec. School, Centenary Hall, Manapadu",1,Tamilaga Vettri Kazhagam,1
"St. Joseph Hr.Sec. School West portion,
Punnakayal.",1,Tamilaga Vettri Kazhagam,1
"St. Joseph Primary School, Eastern
Portion, South Building, Punnakayal",1,Tamilaga Vettri Kazhagam,1
"St. Joseph Primary School, West Portion
South Building, North Portion, Punnakayal.",1,Tamilaga Vettri Kazhagam,1
"St. Joseph R.C Primary School West
Portion Standard 4 Class Room, Kanthasamypuram, Nazareth",1,Tamilaga Vettri Kazhagam,1
"St. Lucia High School , South side building East side portion, Kurumbur.",1,Tamilaga Vettri Kazhagam,1
"St. Lucia High School , South side west Portion, Kurumbur.",1,Dravida Munnetra Kazhagam,1
"St. Lucia High School, Esat Building,Middle Portion, Kurumbur.",1,Tamilaga Vettri Kazhagam,1
"St. Mariannai Middle School, Room 5, Prakasapuram, Nazareth.",1,Dravida Munnetra Kazhagam,1
"St. Mariannai Middle School, Room No.3, Parakasapuram, Nazareth.",1,Dravida Munnetra Kazhagam,1
"St. Marks Higher Secondary School
Middle Building West Portion (Class XI  D
), Mookkuperi.",1,Tamilaga Vettri Kazhagam,1
"St. Marks Higher Secondary School Middle Building East Portion (Class XI B), Mookkuperi.",1,Dravida Munnetra Kazhagam,1
"St. Marys Middle school , North Side,
South Portion, Class IIIrd Standard, Punnakayal.",1,Tamilaga Vettri Kazhagam,1
"St. Marys Middle school, North side,
Class IInd Standard, Punnakayal",1,Tamilaga Vettri Kazhagam,1
"St. Thomas Hr. Sec School North
Building East Side room,XI  A Standard Veerapandiyanpattanam",1,Tamilaga Vettri Kazhagam,1
"St. Thomas Hr. Sec School North Building West side Middle room, XI  B Standard,Veerapandiyanpattanam",1,Tamilaga Vettri Kazhagam,1
"St. Thomas Hr.Sec School , North Building West Side Class Room XII A Standard, Veerapandiyanpattanam",1,Dravida Munnetra Kazhagam,1
"St. Thomas Hr.Sec School ,North Building West Side, IX A Standard,Veerapandiyanpattanam",1,Dravida Munnetra Kazhagam,1
"St.Joseph Hr. Sec.School West Building Middle Room, South Side Punnakayal.",1,Tamilaga Vettri Kazhagam,1
"St.Joseph Hr.Sec.School West Building
Middle Room, North Side Punnakayal.",1,Tamilaga Vettri Kazhagam,1
"St.Joseph R.C. Primary School East Portion Class Room I and II, Kanthasamypuram, Nazareth",1,Tamilaga Vettri Kazhagam,1
"St.Joseph R.C. Primary School East Portion Class Room IV and V, Kanthasamypuram",1,Dravida Munnetra Kazhagam,1
"St.Michael R.C. Middle School ,North
building ,Eastern Portion, Sernthamangalam.",1,Tamilaga Vettri Kazhagam,1
"St.Michael R.C. Middle School ,North building ,Western Portion, Sernthamangalam.",1,Tamilaga Vettri Kazhagam,1
"St.Thomas Hr.Sec School, South
Building, East Side, Veerapandiyanpattanam",1,Tamilaga Vettri Kazhagam,1
"St.Thomas Hr.Sec School, South Building West Side, Veerpandiyanpattanam.",1,Dravida Munnetra Kazhagam,1
"St.Xavier Middle School, Anto Hall, Sethukuvaithan.",1,Tamilaga Vettri Kazhagam,1
"St.Xavier Middle School, West side
Building, Sethukuvaithan",1,Dravida Munnetra Kazhagam,1
"StThomas Hr.Sec School, North
Building, East Side, Veerapandiyanpattanam",1,Tamilaga Vettri Kazhagam,1
"Stars Model Matriculation Higher Secondary School Main Building, Southern wing, (Class III Std B) (Ground Floor), Kumarapuram, Tiruchendur",1,Tamilaga Vettri Kazhagam,1
"Subaitha Girls Higher Secondary School
North Building (Class IVB), kayalpattinam.",1,Dravida Munnetra Kazhagam,1
"Subaitha Girls Higher Secondary School,
East Building, Middle Portion, Kayalpattanam",1,Dravida Munnetra Kazhagam,1
"Subaitha Girls Hr.Sec School ,West Block Ground Floor, kayalpattinam.",1,Dravida Munnetra Kazhagam,1
"Subaitha Girls Hr.Sec. School, East
Building South Portion, kayalpattinam.",1,Dravida Munnetra Kazhagam,1
"T.N.D.T.A . Middle School, South Building South Portion, Vallivillai",1,Tamilaga Vettri Kazhagam,1
"T.N.D.T.A . Primary School, Arumugapuram, Kayamozhi",1,Tamilaga Vettri Kazhagam,1
"T.N.D.T.A . Primary School, Poovarasur, Arumuganeri.",1,Bharatiya Janata Party,1
"T.N.D.T.A Bishop Azaria Memorial
Hr.Sec School, West Building North Room, Class Xth A, Vellalanvillai",1,Dravida Munnetra Kazhagam,1
"T.N.D.T.A Bishop Azaria Memorial Primary School EastPortion, Vellalanvillai",1,Tamilaga Vettri Kazhagam,1
"T.N.D.T.A Bisoph Azaria Memorial Primary School West Portion, Vellalanvillai",1,Dravida Munnetra Kazhagam,1
"T.N.D.T.A Boys Hr. Sec School East Portion, East Building, Christianagaram",1,Dravida Munnetra Kazhagam,1
"T.N.D.T.A Boys Hr.Sec School, Western New Building, X std D,Muslim Wellwishers Block, Christianagaram",1,Bharatiya Janata Party,1
"T.N.D.T.A Boys Hr.Sec School,East Portion New Building,Class Xth A, Christianagaram",1,Bharatiya Janata Party,1
"T.N.D.T.A Kaspa Primary School South
Building, West portion, Thasan street, Nazareth.",1,Dravida Munnetra Kazhagam,1
"T.N.D.T.A Kaspa Primary School, East Building, Thasan street, Nazareth.",1,Dravida Munnetra Kazhagam,1
"T.N.D.T.A Middle
School,Muthukrishnapuram, Arumuganeri.",1,Tamilaga Vettri Kazhagam,1
"T.N.D.T.A Middle Scholl, Sonanganvillai",1,Dravida Munnetra Kazhagam,1
"T.N.D.T.A Middle School, South Building, Veermanickam",1,Dravida Munnetra Kazhagam,1
"T.N.D.T.A Middle School, South Portion, Muthukrishnapuram, Arumuganeri.",1,Tamilaga Vettri Kazhagam,1
"T.N.D.T.A Middle School, West Building, Seerkachi",1,Bharatiya Janata Party,1
"T.N.D.T.A Middle school, Kalvilai",1,Dravida Munnetra Kazhagam,1
"T.N.D.T.A Primary School New Building, Pavanasapuram, Soolaikudieruppu, Kuthiraimozhi",1,Dravida Munnetra Kazhagam,1
"T.N.D.T.A Primary School South Portion, Theriuoor",1,Tamilaga Vettri Kazhagam,1
"T.N.D.T.A Primary School,
Kulasekaranpattanam",1,Dravida Munnetra Kazhagam,1
"T.N.D.T.A Primary School, New Building, Anaithalai, Seemarikulam",1,Dravida Munnetra Kazhagam,1
"T.N.D.T.A Primary School, New Building, Potharanganvilai, Paramankuruchi",1,Dravida Munnetra Kazhagam,1
"T.N.D.T.A Primary School, North
Shunmugapuram, east portion, Kurumbur.",1,Dravida Munnetra Kazhagam,1
"T.N.D.T.A Primary School, North
Shunmugapuram,west portion, Kurumbur.",1,Tamilaga Vettri Kazhagam,1
"T.N.D.T.A Primary School, Rajapathi",1,Dravida Munnetra Kazhagam,1
"T.N.D.T.A, Middle School, Meyoor",1,Bharatiya Janata Party,1
"T.N.D.T.A. Bishop Azaria Memorial
Hr.Sec School,West Building Middle Room,Class XIIth A std, Vellalanvillai",1,Tamilaga Vettri Kazhagam,1
"T.N.D.T.A. Issac DuraisaamyNadar
HighSchool North Portion, Miss.Grace Pappa Building, North Maranthalai.",1,Tamilaga Vettri Kazhagam,1
"T.N.D.T.A. Primary School Marudhoorkarai, Y.M.C.A Building, Lakshmipuram",1,Bharatiya Janata Party,1
"T.N.D.T.A. Primary School, East Portion, Chithabarapuram, Thandupathu",1,Tamilaga Vettri Kazhagam,1
"T.N.D.T.A. Primary School, Immanualpuram, Seemarikulam",1,Tamilaga Vettri Kazhagam,1
"T.N.D.T.A.Primary School, Madathuvilai, Arumuganeri.",1,Tamilaga Vettri Kazhagam,1
"TN.D.T.A . Primary School East Portion, Keelavannaduraivilai, Tiruchendur",1,Tamilaga Vettri Kazhagam,1
"TN.D.T.A . Primary School west Portion,
Keelavannaduraivilai, Tiruchendur",1,Tamilaga Vettri Kazhagam,1
"TN.D.T.A Middle School , Middle Room VIII Std, Nalumavadi.",1,Dravida Munnetra Kazhagam,1
"TN.D.T.A Middle School , South Room IV Std, Nalumavadi.",1,Tamilaga Vettri Kazhagam,1
"TN.D.T.A Primary School East Portion, Kulaikkangudi Kurukattur",1,Dravida Munnetra Kazhagam,1
"TN.D.T.A Primary School West Portion, Kulaikkangudi Kurukattur",1,Dravida Munnetra Kazhagam,1
"TN.D.T.A Primary School, Aroickyapuram, Lakshmipuram",1,Dravida Munnetra Kazhagam,1
TNDTA PRIMARY SCHOOL SOUTH PORTION AGAPPAIKULAM NAZARETH,1,Dravida Munnetra Kazhagam,1
"Thiraviam Primery School,West Portion, Arumuganeri.",1,Bharatiya Janata Party,1
"Thiru Arul Higher Sec. School, South Building, Kulasekaranpattanam",1,Dravida Munnetra Kazhagam,1
"Thiru Arul Hr. Sec School North Building East Portion, Kulasekaranpattanam",1,Tamilaga Vettri Kazhagam,1
"Thiru Kudumbam High School West Portion, IIIrd Std , Alanthalai",1,Tamilaga Vettri Kazhagam,1
"Thiru Kudumbam, High School , East Portion, IIIrd Std , Alanthalai",1,Tamilaga Vettri Kazhagam,1
"Thulir School for Special Children,
Thulir Arangam West Portion North Side Rathinapuri, kayalpattinam.",1,Tamilaga Vettri Kazhagam,1
"Thulir School for Special Children,
Thulir Arangam, South side Building East side, Rathinapuri kayalpattinam.",1,Tamilaga Vettri Kazhagam,1
