Serial No. Of Polling Station,Location and Name of Building in Which Polling Station Located,Polling Areas,Winner_Party,Margin_Percentage
13,"ST.XAVIER MIDDLE SCHOOL, SOUTH BUILDING NORTH PORTION, DEVASAHAYAPURAM ADIVARAM, VICKRAMASINGAPURAM","1 - Vickramasingapuarm (M), Kottaram Main Road",All India Anna Dravida Munnetra Kazhagam,10.57347670250896
36,"SENAITHALAIVAR PRIMARY SCHOOL, ADDITIONAL NEW BUILDING NORTH PORTION, VICKRAMASINGAPURM","1 - Vickramasingapuarm (M), Vaithilingapuram North Street",All India Anna Dravida Munnetra Kazhagam,10.778443113772456
52,"SRI RAMAR HINDU PRIMARY SCHOOL, KOTTAIVILAIPATTI VICKRAMASINGAPURAM -1","2 - Vickramasingapuram (M), Kottaivilaipatti",All India Anna Dravida Munnetra Kazhagam,17.89617486338798
53,"PANCHAYAT UNION PRIMARY SCHOOL, NORTHERN PORTION, IYANARKULAM VICKRAMASINGAPURAM","1 - Vickramasingapuram (M), Iyanarkulam",All India Anna Dravida Munnetra Kazhagam,34.00735294117647
54,"PANCHAYAT UNION PRIMARY SCHOOL ,SOUTHERN BUILDING WEST SIDE MANNARKOVIL","1 - Mannarkovil (R.V), Mannarkovil  (P), Mannarkovil",All India Anna Dravida Munnetra Kazhagam,26.71232876712329
55,"PANCHAYAT UNION MIDDLE SCHOOL, EASTERN BUILDING, MANNARKOVIL","1 - Mannarkovil (R.V), Mannarkovil  (P), Mannarkovil",All India Anna Dravida Munnetra Kazhagam,16.666666666666664
56,GOVERNMENT HIGH SCHOOL EASTERN BUILDING MANNARKOVIL,"1 - Mannarkovil (R.V), Mannarkovil (P), Mannarkovil",All India Anna Dravida Munnetra Kazhagam,15.954415954415953
58,"SRI VEDHANARAYANAR NURSERY & PRIMARY SCHOOL, MANNARKOVIL.","1 - Mannarkovil (R.V), MannarKovil (P), Sivanthipettai",All India Anna Dravida Munnetra Kazhagam,17.63157894736842
61,"COMMUNITY HALL , SOUTHERN PORTION, KAKKANALLUR, AYAN THIRUVALEESWARAM","1 - Ayan Thiruvaliswaram (R.V), Ayan Thiruvaliswaram (P), Ayan Thiruvaliswaram North Street",All India Anna Dravida Munnetra Kazhagam,9.203980099502488
63,"HINDU PRIMARY SCHOOL, NEW BUILDING, SOUTH SIDE,","1 - Brahmadesam (R.V), Brahmadesam (P), Brahmadesam",All India Anna Dravida Munnetra Kazhagam,15.022091310751104
64,"SUYAUTHAVIKULU CENTRE MEETTING HALL,
BRAMADESAM","1 - Brahmadesam (R.V), Brahmadesam (P), Brahmadesam",All India Anna Dravida Munnetra Kazhagam,25.57726465364121
65,"ANGANVADI BUILDING, BRAMADESAM","1 - Brahmadesam (R.V), Brahmadesam (P), Brahmadesam",All India Anna Dravida Munnetra Kazhagam,30.842911877394634
70,"HINDU MIDDLE SCHOOL, WESTERN PORTION, VAGAIKUL","1 - Vagaikulam (R.V), Vagaikulam (P), Vagaikulam Block No 1",All India Anna Dravida Munnetra Kazhagam,12.322946175637393
72,"GRAMA SEVAI CENTRE, SATTUPATHU","1 - Sattupathu (R.V), Sattupathu (P), Block No 1,2 Ayan Sattupathu",All India Anna Dravida Munnetra Kazhagam,22.188449848024316
89,"KAMARAJAR MIDDLE SCHOOL, EASTERN POTION, SIVANTHIPURAM","1 - Sivanthipuram (R.V), Sivanthipuram (P), Block No 4 Uthiramuthanpatti",All India Anna Dravida Munnetra Kazhagam,5.665024630541872
91,"T.D.T.A.MIDDLE SCHOOL, SOUTHERN BUILIDING, EASTERN PORTION, KEELA SIVANTHIPURAM","1 - Sivanthipuram (R.V), Sivanthipuram (M), Block No 7 Sivandhipuram",All India Anna Dravida Munnetra Kazhagam,20.187793427230048
92,"T.D.T.A.MIDDLE SCHOOL, NORTHERN BUILDING, CENTRE PORTION, KEELA SIVANTHIPURAM","1 - Sivanthipuram (R.V), Sivanthipuram (P), Block No 9 Sivanthipuram",All India Anna Dravida Munnetra Kazhagam,16.666666666666664
95,"COMMITTEE HINDU PRIMARY SCHOOL, KODARANKULAM","1 - Kodarankulam(R.V),Kodarankulam(P), Kodarankulam north street",All India Anna Dravida Munnetra Kazhagam,25.276752767527675
96,"COMMITTEE HINDU PRIMARY SCHOOL, SOUTH EAST BUILDING, KODARANKULAM","1 - Kodarankulam (R.V), Kodarankulam (P), Block No 3",All India Anna Dravida Munnetra Kazhagam,26.501035196687372
99,"MURUGADASA PRIMARY SCHOOL, WESTERN PORTION KEELA ERMALPURAM","Manimuthar (T.P), Eruammalppuram",All India Anna Dravida Munnetra Kazhagam,37.29792147806005
102,HINDU PRIMARY SCHOOL WESTERN PORTION ALADIYUR,"Manimuthar (T.P), Block No 13",All India Anna Dravida Munnetra Kazhagam,25.925925925925924
104,"HINDU PRIMARY SCHOOL, EASTERN PORTION, ALADIYUR","1 - Manimutharu (M), Block no 14 Aladiyoor",All India Anna Dravida Munnetra Kazhagam,13.436692506459949
109,"KING GEORGE PRIMARY SCHOOL, MAIN BUILDING, SOUTHERN PORTION, ZAMIN SINGAMPATTI","1 - Zamin Singampatti (R.V), Zamin Singampatti (P), Block No 1 Zamin Singampatti",All India Anna Dravida Munnetra Kazhagam,15.641711229946523
111,"COMMUNITY HALL, SAMATHUVAPURAM , EASTERN PORTION, AYAN SINGAMPATTI","1 - Ayan Singampatti (R.V), Ayan Singampatti (P), Block No 1 Ayan Singampatti",All India Anna Dravida Munnetra Kazhagam,25.27777777777778
112,"PANCHAYAT UNION PRIMARY SCHOOL, WESTERN BUILDING, NORTH SIDE, (SSA BUILDING) AYAN SINGAMPATTI","1 - Ayan Singampatti (R.V), Ayan Singampatti (P), Block No 2",All India Anna Dravida Munnetra Kazhagam,23.558282208588956
116,"R.C. MARAVAR SPECIAL MIDDLE SCHOOL, EASTERN PORTION, VAIRAVIKULAM","1 - Vairavikulam (R.V), Vairavikulam (P), Block No 2 Vairavikulam",All India Anna Dravida Munnetra Kazhagam,23.007518796992482
129,"A.V.R.M.V. GOVT.GIRLS HR.SEC. SCHOOL, NORTHERN BUILDING, SOUTH PORTION AMBASAMUDRAM","1 - Ambasamudram (M), Subramaniapuram Pothai door no265 Si.No.447 above",All India Anna Dravida Munnetra Kazhagam,12.310286677908937
130,"MOHEIDEEN FATHIMA MIDDLE SCHOOL, NEW BUILDING, GOLDEN JUBLIE SPORTS GROUND, SOUTHERN PORTION AMBASAMUDRAM","1 - Ambasamudram (M), Santhai Madam Street",All India Anna Dravida Munnetra Kazhagam,15.756302521008402
136,"SIVASUBRAMANIYN PRIMARY SCHOOL, AMBASAMUDRAM","1 - Ambasamudram (M), Melapalayam Thevamar Street",All India Anna Dravida Munnetra Kazhagam,17.77777777777778
137,"COMMUNITY HALL, 10th WARD, MELAPALAYAM STREET, AMBASAMUDRAM.","1 - Ambasamudram (M), Melapalayam North Car Street",All India Anna Dravida Munnetra Kazhagam,12.521739130434783
138,MUNICIPALITY MIDDLE SCHOOL SOUTH PORTION AMBASAMUDRAM,"1 - Ambasamudram (M), Sengunther South Street",All India Anna Dravida Munnetra Kazhagam,16.615384615384617
140,"MUNICIPALITY MIDDLE SCHOOL, CONCRETE BUILDING
,WESTERN CONCRETE BUILDING, AMBASAMUDRAM","1 - Ambasamudram (M), Adaviyar Street",All India Anna Dravida Munnetra Kazhagam,13.121546961325967
142,"ST.JOSEPH HIGH SCHOOL, WESTERN PORTION, NORTHERN BUILDING, AMBASAMUDRAM","1 - Ambasamudram (M), Kelaputhu Street",All India Anna Dravida Munnetra Kazhagam,17.177914110429448
147,"MUNCIPALITY MARRIAGE HALL MAIN BULIDING, MIDDLE PORTION MAIN ROAD, AMBASAMUDRAM","1 - Ambasamudram (M), Mela Radha Veethi",All India Anna Dravida Munnetra Kazhagam,14.56953642384106
148,"MUNCIPALITY MARRIAGE HALL MAIN BULIDING , EAST PORTION MAIN ROAD, AMBASAMUDRAM","1 - Ambasamudram (M), Kacheri Street",All India Anna Dravida Munnetra Kazhagam,14.171656686626747
149,MUNICIPALITY MARRIAGE BUIDING NORTH BULIDING MAIN ROAD AMBASAMUDRAM,"1 - Ambasamudram (M), South Car Street",All India Anna Dravida Munnetra Kazhagam,11.654676258992806
154,"ANGANWADI BUILDING, URKAD","2 - Ambasamudram (M), Vanuvar Street",All India Anna Dravida Munnetra Kazhagam,14.645308924485127
155,"SEDHU SUBRAMANIYAN MIDDLE SCHOOL, EASTERN BUILDING, NORTHERN PORTION, URKAD","1 - Ambasamudram (M), Senaiyer Street",All India Anna Dravida Munnetra Kazhagam,14.864864864864865
158,"MUNICIPALITY PRIMARY SCHOOL EASTE SIDE NORTHERN PORTION, KOVILKULAM","1 - Ambasamudram (M), Pillaiar Kovil Sannathi Street",All India Anna Dravida Munnetra Kazhagam,14.248366013071895
162,"STC BRANCH PRIMARY SCHOOL, NORTHERN PORTION, KALLIDAIKURICHI","1 - Kallidaikurichi (T.P), Ward No 1 Ramachandrapuram Street",All India Anna Dravida Munnetra Kazhagam,33.43023255813954
163,"STC BRANCH PRIMARY SCHOOL, SOUTHRN PORTION, KALLIDAIKURICHI","6 - Kallidaikurichi  (T.P), Vadakku Patta Nainarpuram Street",All India Anna Dravida Munnetra Kazhagam,38.515901060070675
164,"LALITHA PRIMARY SCHOOL, WESTERN PORTION, MUDALIAPPAPURAM STREET, KALLIDAIKURICHI","1 - Kallidaikuruchi (T.P), Ward No.3  Kanthappapuram Street",All India Anna Dravida Munnetra Kazhagam,34.2560553633218
171,"THILAK VIDYALAYA HR.SEC.SCHOOL. ROOM NO. XI - D2, HALL NO. 3 SOUTHERN PORTION, KALLIDAIKURICHI","1 - Kallidaikurichi (M), Ward No 5 Karanthai Idakudi Street",All India Anna Dravida Munnetra Kazhagam,15.022091310751104
172,"TILAK VIDYALAYA HR.SEC.SCHOOL, ROOM NO.16 WESTERN PORTION, KALLIDAIKURICHI","1 - Kallidaikurichi (M), Ward No 7 Melmugam",All India Anna Dravida Munnetra Kazhagam,16.138763197586727
178,"PANCHYAT UNION PRIMERY SCHOOL, SOUTH EAST BUILDING, NORTH PORTION, (SSA NEW BUILDING) KALLIDAIKURICHI","1 - Kallidaikurichi (M), Ward No 10 Agasthiyer Sannathi Street",All India Anna Dravida Munnetra Kazhagam,11.090573012939002
188,"PANCHAYAT UNION PRIMARY SCHOOL, ANNA MEMORIAL HALL, SOUTH BUILDING,SOUTH PORTION, KALLIDAIKURICHI","1 - Kallidaikurichi (M), Ward No 14 Madavilagam Street DOOR NO.115 ABOVE",All India Anna Dravida Munnetra Kazhagam,15.347721822541965
202,"ST.JOHNS PRIMARY SCHOOL, NEW BUILDING, CENTER PORTION, VELLANGULI","2 - Vellankuli (R.V),Vellankuli (P), Block No 2",All India Anna Dravida Munnetra Kazhagam,28.16593886462882
207,"VIVEKANANTHA PRIMARY SCHOOL, SOUTHERN BUILDING, VELLANGULI","1 - Vellankuli (R.V),Vellankuli (P), Block No 12 Uppuvanimuthur",All India Anna Dravida Munnetra Kazhagam,11.690647482014388
208,"VILLAGE PANCHAYAT OFFICE, MEETING HALL, GIRIAMMALPURAM","1 - Manabaranallur (R.V),Harikesavanallur (P), Block No 1 Manabaranallur",All India Anna Dravida Munnetra Kazhagam,32.52858958068615
209,"HINDU MIDDLE SCHOOL, SOUTHERN BUILDING HARIKESAVANALLUR","1 - Harikesavanallur (R.V),Harikesavanallur (P), Block no 5 Harikrishnan Kovil Street",All India Anna Dravida Munnetra Kazhagam,26.143790849673206
210,"HINDU MIDDLE SCHOOL, NORTHERN BUILDING HARIKESAVANALLUR","3 - Giriyammalpuram (R.V),Harikesavanallur (P), Block No 9 Keelagirammam Mada Street",All India Anna Dravida Munnetra Kazhagam,9.859154929577464
213,"PUNCHAYAT UNION PRIMARY SCHOOL, SOUTHERN BUILDING THIRUPUDAIMARUTHUR","1 - Thiruppudaimaruthur (P), Block No 1 Thiruppudaimaruthur",All India Anna Dravida Munnetra Kazhagam,34.28201811125485
221,"BHARATHIYAR GOVT.HR.SEC SCHOOL, NORTH BLOCK, CENTRAL PORTION, WEST SIDE, VEERAVANALLUR","1 - Veeravanallur (P), Ward No 5 Shenbagavalliamman Kovil Street",All India Anna Dravida Munnetra Kazhagam,21.273516642547033
222,"ST.JOHNS MATRIC HR SEC SCHOOL, NORTHERN PORTION  WESTREN   SIDE ROOM NO.7 VEERAVANALLUR","1 - Veeravanallur (P), Ward No 6 Vandimalaitchi Amman Kovil Street 3rd North Street",All India Anna Dravida Munnetra Kazhagam,14.285714285714285
233,"THIRUGNANA SAMBANTHAR MIDDLE SCHOOL, NORTHERN BUILDING, WESTERN PORTION, VEERAVANALLUR","1 - Veeravanallur (P), Ward No 15 Kilakulam East Street",All India Anna Dravida Munnetra Kazhagam,15.863141524105753
234,"THIRUGNANA SATHIRUGNANA SAMBANTHAR MIDDLE SCHOOL, NORTHERN BUILDING, EASTERN PORTION, VEERAVANALLURMBANTHAR MIDDLE SCHOOL, NEW BUILDING, NORTHERN BUILDING, VEERAVANALLUR","1 - Veeravanallur (P), Ward No 15 Seenivasaperumal Koil North Street",All India Anna Dravida Munnetra Kazhagam,20.695970695970693
248,"PANCHAYAT UNION MIDDLE SCHOOL, NORTHERN
PORTION, KUNIYUR","1 - Kuniyur (R.V),Kuniyur (P), Block No 1",All India Anna Dravida Munnetra Kazhagam,18.832391713747647
249,"PANCHAYAT UNION MIDDLE SCHOOL, CENTRAL BUILDING SOUTH PORTION KUNIYUR","1 - Kuniyur (R.V), Kuniyur (P), Block No 3",All India Anna Dravida Munnetra Kazhagam,10.079051383399209
253,"COMMITTEE MIDDLE SCHOOL, SOUTHERN BUILDING, WESTERN PORTION, CHERANMAHADEVI","1 - Cheranmahadevi   (P), Ward No. 3 Bharathidasan Street",All India Anna Dravida Munnetra Kazhagam,28.365384615384613
254,"COMMITTEE MIDLE SCHOOL, WESTERN PORTION, CHERANMAHADEVI","1 - Cheranmahadevi (T.P), Ward No 2 Vivekanadar Street",All India Anna Dravida Munnetra Kazhagam,32.288401253918494
255,"COMMITTEE MIDDLE SCHOOL, NORTHERN PORTION WEST BUILDING CHERANMAHADEVI","1 - Cheranmahadevi (P), Ward No 4 Palayagiramma Street",All India Anna Dravida Munnetra Kazhagam,26.917057902973397
260,"PANCHAYAT UNION PRIMARY SCHOOL, NORTHERN PORTION, NORTH SIDE CHERANMAHADEVI","1 - Cheranmahadevi (P), Ward No. 7 1st Street",All India Anna Dravida Munnetra Kazhagam,13.729128014842301
261,"PANCHAYAT UNION PRIMARY SCHOOL, SOUTHERN PORTION, EAST SIDE CHERANMAHADEVI","4 - Cheranmahadevi (P), Ward No. 7 West Middle Street",All India Anna Dravida Munnetra Kazhagam,12.290502793296088
272,"RAMASESHIER HR.SEC.SCHOOL, MAIN BUILDING, CENTRAL PORTION, PATHAMADAI","1 - Patthamadai  (P), Ward No. 14 Doctor. Radhakrishnan Street.",All India Anna Dravida Munnetra Kazhagam,28.14814814814815
273,"RAMASESHIER HR.SEC. SCHOOL, WEST BUILDING, SOUTHERN PORTION, PATHAMADAI","1 - Patthamadai (P), Ward No. 13 Thiru V. K. Street.",All India Anna Dravida Munnetra Kazhagam,36.86708860759494
274,"RAMASESHIER HR.SEC. SCHOOL, NORTHERN NEW BUILDING EAST ROOM, PATHAMADAI","1 - Patthamadai  (P), Ward No. 3 Maruthupandian Street",All India Anna Dravida Munnetra Kazhagam,35.97222222222222
283,"PANCHAYAT UNION PRIMARY SCHOOL, NORTHERN
BUILDING(Additional Building), PATHAMADAI.","1 - Patthamadai  (P), Ward No. 9 Sampanthar West Street.",All India Anna Dravida Munnetra Kazhagam,26.60098522167488
288,"HINDU PRIMARY SCHOOL, EAST WEST BUILDING KARISULNTHAMANGALAM","1 - Patthamadai  (P), Ward No. 13 Rajaji Street",All India Anna Dravida Munnetra Kazhagam,34.01709401709402
289,"HINDU PRIMARY SCHOOL, WEST BUILDING KARISULNTHAMANGALAM","1 - Patthamadai  (P), Ward No. 13 South Car Street. South side 4th Street",All India Anna Dravida Munnetra Kazhagam,25.454545454545453
290,"PANCHAYAT UNION PRIMARY SCHOOL ,SOUTH PORTION DESAMANICKKAM","1 - Melacheaval  (P), Ward No. 1 Kansapuram",All India Anna Dravida Munnetra Kazhagam,28.939828080229223
291,"COMMUNITY HALL, KELA SEVAL","1 - Melacheaval  (P), Ward No.3 Pasumponnar Street Kela Seval",All India Anna Dravida Munnetra Kazhagam,13.975903614457833
292,"TOWN PUNCHAYAT OFFICE COMMUNTIY HALL COMPOUND, MELASEVAL","1 - Melacheaval  (P), Ward No. 5 Chellapuram",All India Anna Dravida Munnetra Kazhagam,25.99179206566348
293,"S.T.C. BRANCH PRIMARY SCHOOL, MELASEVAL","1 - Melacheaval (P), Ward No. 6 East Car Street Chand Street.",All India Anna Dravida Munnetra Kazhagam,29.540918163672654
294,"T.D.T.A PRIMARY SCHOOL, SOUTHERN PORTION, WEST SIDE, MELASEVAL","1 - Melacheaval  (P), Ward No. 1 Kannaki West Street.",All India Anna Dravida Munnetra Kazhagam,11.408450704225352
300,"PANNAI VENKATRAMAIYAR HIGH SCHOOL, EASTERN PORTION, GOPALASAMUDRAM","1 - Gopalasamudram (P), Ward No. 1 Perumal Sannathi Street.",All India Anna Dravida Munnetra Kazhagam,22.25609756097561
307,"PANCHAYAT UNION PRIMARY SCHOOL, NORTHERN SIDE, EASTERN BUILDING, PIRANCHERI","1 - Gopalasamudram (P), Ward No. 11 Kamarajar Colony",All India Anna Dravida Munnetra Kazhagam,33.191489361702125
308,"PANCHAYAT UNION PRIMARY SCHOOL, EASTERN BUILDING PIRANCHERI","1 - Gopalasamudram  (P), Ward No. 6 Thangammal Kovil Street",All India Anna Dravida Munnetra Kazhagam,13.765182186234817
