Serial No. Of Polling Station,Building in which it will be located,Polling Area,Winner_Party,Winner_Votes,Runner_Up_Votes,Margin_Percentage
7,"Kollidam Panchayat Union Middle School, Western Building North Portion, Aananthakuthan","1. Gopalasamuthiram (R.V) And (P), Kunnam Colony Street ward:1, 2. Gopalasamuthiram (R.V) And (P), Kadukamaram Kudiana Street ward:1, 3. Gopalasamuthiram (R.V) And (P), Kadukamaram Adidravidar Street ward:1, 4. Gopalasamuthiram (R.V) And (P), Anandakootthan Adidravidar Street ward:1, 999. OVERSEAS ELECTORS",Dravida Munnetra Kazhagam,276,205,11.04199066874028
8,"Kollidam Panchayat Union Middle School, Western building South Portion, Aananthakuthan","1. Gopalasamuthiram (R.V) And (P), Anandakootthan Kudiyana Street ward:1, 2. Gopalasamuthiram (R.V) And (P), Rajangam Nagar ward:1, 3. Gopalasamuthiram (R.V) And (P), Ananthakoothan Mainroad ward:1, 4. Gopalasamuthiram (R.V) And (P), Chinnaputhur Mainroad ward:1, 5. Gopalasamuthiram (R.V) And (P), Kuravar Street ward:1, 999.
OVERSEAS ELECTORS",Tamilaga Vettri Kazhagam,253,251,0.2936857562408223
11,"Srinivasa Subburaya Polytechnic College, Main Building Room No.104, Puthur","1. Gopalasamuthiram (R.V) And (P), Samiyam ward:3, 2. Gopalasamuthiram (R.V) And (P), Muthaiya Nagar ward:3, 3. Gopalasamuthiram (R.V) And (P), Thendral Nagar ward:3, 4. Gopalasamuthiram (R.V) And (P), Jinna Nagar ward:3, 5. Gopalasamuthiram (R.V) And (P), Samiyam Colony Street ward:3, 6. Gopalasamuthiram (R.V) And (P), Amma Nagar Kallar Street ward:3, 999. OVERSEAS ELECTORS",Tamilaga Vettri Kazhagam,292,260,4.066073697585769
12,"Srinivasa Matriculation School, New building Eastern block North facing 2nd Room, Gopalasamuthiram","1. Gopalasamuthiram (R.V) And (P), Salmat Street ward:3, 2. Gopalasamuthiram (R.V) And (P), Thropathi Ammankovil Street ward:2, 3. Gopalasamuthiram (R.V) And (P), Melavallam Colony Street ward:2, 4. Gopalasamuthiram (R.V) And (P), Sakthi Nagar ward:2, 5. Gopalasamuthiram (R.V) And (P), School Street ward:2, 6. Gopalasamuthiram (R.V) And (P), Perumalkovil Street ward:2, 7. Gopalasamuthiram (R.V) And (P), Railway Road ward:2, 8. Gopalasamuthiram (R.V) And (P), Kollidam Main Road ward:2, 9. Gopalasamuthiram (R.V) And (P), Puthu Nagar ward:2, 10. Gopalasamuthiram (R.V) And (P), Thideer Kuppam ward:2,
11. Gopalasamuthiram (R.V) And (P), Pusai Nagar ward:2, 12. Gopalasamuthiram (R.V) And (P), Pullishwariamman Kovil street ward:2, 999. OVERSEAS ELECTORS",Tamilaga Vettri Kazhagam,267,207,8.928571428571429
13,"Government Higher Secondary School, Eastern Building South Portion, Thulasenthirapuram","1. Gopalasamuthiram (R.V) And (P), Fisherman Street ward:3, 2. Gopalasamuthiram (R.V) And (P), Atrangarai Street ward:3, 3. Gopalasamuthiram (R.V) And (P), School Street ward:3,
4. Gopalasamuthiram (R.V) And (P), Perumalkovil Street ward:3, 5. Gopalasamuthiram (R.V) And (P), Railway Road Street ward:3, 6. Gopalasamuthiram (R.V) And (P), Police Line Main Road ward:3, 7. Gopalasamuthiram (R.V) And (P), V.N.P Nagar ward:3, 8. Gopalasamuthiram (R.V) And (P), Bharath Street ward:3, 999. OVERSEAS ELECTORS",All India Anna Dravida Munnetra Kazhagam,241,217,3.9408866995073892
20,"Saraswathi Matric Hr. Sec. School, Room No-3, Manganampattu","1. Thirumayiladi (R.V), Anaikkaranchathiram (P), Railway Road Keelpuram Paravankadu Ward:2, 2. Thirumayiladi (R.V), Anaikkaranchathiram (P), Pillaiyar Koil Street Ward:2, 3. Thirumayiladi (R.V), Anaikkaranchathiram (P), West Street Ward:2, 4. Thirumayiladi (R.V), Anaikkaranchathiram (P), Kamankovil Street ward:2, 5. Thirumayiladi (R.V), Anaikkaranchathiram (P), Manganampattu Arunthathiyar Street Ward:2, 6. Thirumayiladi (R.V), Anaikkaranchathiram (P), Manganampattu Kaliamman Kovil Street Ward:2, 999.
OVERSEAS ELECTORS",Dravida Munnetra Kazhagam,266,230,4.904632152588556
27,"Venkatesa Aided Elementary School, Eastern building North Portion,
Ayankudipallam","1. Thirumayiladi (R.V), Anaikkaranchathiram (P), Thirumayiladi Main Road Street ward:5, 999. OVERSEAS ELECTORS",Tamilaga Vettri Kazhagam,163,150,2.9885057471264367
28,"Venkatesa Aided Elementary School, Eastern Building West Facing South Side Room, Ayankudipallam","1. Thirumayiladi (R.V), Anaikkaranchathiram (P), Thirumayiladi Adidravidar Street ward:5, 2. Thirumayiladi (R.V), Anaikkaranchathiram (P), Thirumayiladi Thannirpandal Street ward:5, 999. OVERSEAS ELECTORS",Dravida Munnetra Kazhagam,273,233,6.153846153846154
29,"Kollidam Panchayat Union Middle School, North Side East Terraced South facing Building, Muthalaimedu","1. Mudalaimedu (R.V) And (P), Mudalaimedu Vanniya Street ward:1, 999. OVERSEAS ELECTORS",Dravida Munnetra Kazhagam,175,172,0.5847953216374269
41,"Government Hr. Sec. School, South Side Building East Facing,
Puthupattinam","1. Pudupattinam (R.V) And (P), Madavamedu Road Ward:2, 2. Pudupattinam (R.V) And (P), South Street Ward:2, 3. Pudupattinam (R.V) And (P), Manthaiya Koil Street Ward:2, 999.
OVERSEAS ELECTORS",Tamilaga Vettri Kazhagam,277,268,1.1083743842364533
44,"Kollidam Panchayat Union Elementary School, South facing east building,
Madavamedu","1. Pudupattinam (R.V) And (P), Madavamedu North Street ward:1, 2. Pudupattinam (R.V) And (P), Madavamedu South Street ward:2, 3. Pudupattinam (R.V) And (P), Madavamedu Tsunami
Nagar ward:2, 999. OVERSEAS ELECTORS",Tamilaga Vettri Kazhagam,395,213,22.693266832917704
45,"Citizen Information Centre, Eastern Portion, Tsunami Nagar Pazhaiyar","1. Pudupattinam (R.V) And (P), Kodeeswarar Koil street ward:4, 999. OVERSEAS ELECTORS",Tamilaga Vettri Kazhagam,192,172,3.6630036630036633
46,"Kollidam Panchayat Union Middle School Middle portion west facing, Tsunami Nagar Palaiyar Puthupattinam","1. Pudupattinam (R.V) And (P), Kamankoil Street ward:4, 2. Pudupattinam (R.V) and (P), Anna Nagar ward:4, 3. Pudupattinam (R.V) And (P), Puthu Nagar ward:4, 999. OVERSEAS ELECTORS",Tamilaga Vettri Kazhagam,303,219,10.99476439790576
47,"Citizen Information Centre, Western Portion, Tsunami Nagar Pazhaiyar","1. Pudupattinam (R.V) And (P), Pazhayar ward:4, 999. OVERSEAS ELECTORS",Tamilaga Vettri Kazhagam,308,188,17.167381974248926
48,"Kollidam Panchayat Union Middle School, South Wing, Tsunami Nagar
Pazhaiyar","1. Pudupattinam(R.V) And (P), Puthu Nagar ward:4, 999. OVERSEAS ELECTORS",Tamilaga Vettri Kazhagam,343,251,11.344019728729963
50,"Kollidam Panchayat Union Elementary School, Puliyanthurai ,West facing North building Ground Floor.","1. Puliyanthurai (R.V) And (P), Chinna street ward:2, 2. Puliyanthurai (R.V) And (P), Manalveli Street ward:2, 3. Puliyanthurai (R.V) And (P), Kundu mettu street ward:2, 4. Puliyanthurai (R.V) And (P), South Veli ward:2, 999. OVERSEAS ELECTORS",Dravida Munnetra Kazhagam,318,288,3.571428571428571
55,"Government Higher Secondary School, West Side Building East Facing,
Achalpuram","1. Achalpurm (R.V) And (P), Sanaveli Street ward:3, 2. Achalpurm (R.V) And (P), East Street ward:3, 3. Achalpurm (R.V) And (P), Thevar Colony ward:3, 999. OVERSEAS ELECTORS",Tamilaga Vettri Kazhagam,259,135,23.93822393822394
57,"Government Higher Secondary School
,East New Building West facing South portion,Achalpuram","1. Achalpuram (R.V) and (P), West Street ward:2, 2. Achalpuram (R.V) And (P), Sengamedu ward:2, 3. Achalpuram (R.V) And (P), Kodikkalveli) ward:2, 4. Achalpuram (R.V) And (P),
Mettu Street ward:2, 999. OVERSEAS ELECTORS",Dravida Munnetra Kazhagam,216,185,5.3633217993079585
58,"Government Higher Secondary School, East facing New building west wing,
Achalpuram","1. Achalpuram (R.V) And (P), Melaagaram ward:2, 2. Achalpuram (R.V) And (P), Keelaagaram ward:2, 3. Achalpuram (R.V) And (P), North Street North colony ward:2, 999. OVERSEAS
ELECTORS",All India Anna Dravida Munnetra Kazhagam,279,264,1.9404915912031047
62,"Kollidam Panchayat Union Elementary School, West Building North Portion, Seeyalam","1. Koothiyampettai (R.V), Sheeyalam (P), Big Street ward:2, 2. koothiyampettai (R.V), Sheeyalam (P), Puthiya Colony ward:2, 3. Koothiyampettai (R.V), Sheeyalam (P), Sheeyalam Main Road ward:2, 4. Koothiyampettai (R.V), Sheeyalam (P), Koothiyampettai Main Road ward:3, 5. Koothiyampettai (R.V), Sheeyalam (P), North Street ward:3, 999. OVERSEAS
ELECTORS",Dravida Munnetra Kazhagam,271,215,7.6190476190476195
72,"Kollidam Panchayat Union Elementary School, North facing East Portion, Senniyanallur","1. Vadarengam (R.V) And (P), Senniyanallur Kudiyana Street ward:1, 2. Vadarengam (R.V) And (P), Senniyanallur Hospital Street ward:1, 3. Vadarengam (R.V) And (P), Senniyanallur Colony Street ward:1, 4. Vadarengam (R.V) And (P), Senniyanallur Periya Street Ward:1, 5. Vadarengam (R.V) And (P), Senniyanallur Chinna Street ward:1, 6. Vadarengam (R.V) And (P), Senniyanallur thatchan Street ward:1, 999. OVERSEAS ELECTORS",Dravida Munnetra Kazhagam,184,153,6.212424849699398
73,"Saratha Aided Elementary School, Western Side, Agaraelathur","1. Agaraelathur (R.V) And (P), Nerachozhapuram ward:1, 2. Agaraelathur (R.V) And (P), Agaraelathur Vellalar Street ward:2, 3. Agaraelathur (R.V) And (P), Sothiriam ward:3, 999.
OVERSEAS ELECTORS",Dravida Munnetra Kazhagam,201,147,10.131332082551594
74,"Saratha Aided Elementary School, Eastern Side, Agaraelathur","1. Agaraelathur (R.V) And (P), Agaraelathur Puthu Colony ward:1, 2. Agaraelathur (R.V) And (P), Agaraelathur Periya Colony ward:1, 3. Agaraelathur (R.V) and (P), Agaraelathur New Street ward:1, 4. Agaraelathur (R.V) And (P), Aharaelathur North Street ward:1, 5. Agaraelathur (R.V) and (P), Agaraelathur Rice Mill Street ward:2, 6. Agaraelathur (R.V) And
(P), Sothiriam ward:4, 999. OVERSEAS ELECTORS",All India Anna Dravida Munnetra Kazhagam,288,245,5.748663101604278
80,"Kollidam Panchayat Union Middle School, West Side New Building, Erukkur","1. Erukkur (R.V) And (P), Jinna Street ward:1, 2. Erukkur (R.V) And (P), Madhakovil Main Road ward:1, 3. Erukkur (R.V) And (P), Vaikalkarai Chrishuva Street ward:1, 4. Erukkur (R.V) And (P), Anthionyar West Street ward:1, 5. Erukkur (R.V) And (P), Sebastiar East Street ward:1, 6. Erukkur (R.V) And (P), Komutti Street ward:2, 7. Erukkur (R.V) And (P), Utkattalai
Street ward:2, 999. OVERSEAS ELECTORS",Dravida Munnetra Kazhagam,261,230,4.661654135338346
81,"Kollidam Panchayat Union Middle School, East Side New Building, Erukkur","1. Erukkur (R.V) And (P), Kudiyana Street ward:1, 2. Erukkur (R.V) And (P), Mariyamman Koil Street ward:2, 3. Erukkur (R.V) And (P), Mariyamman Koil Street ward:2, 4. Erukkur (R.V) And (P), Mariyamman Koil Street ward:2, 5. Erukkur (R.V) And (P), Vannankula Street
ward:2, 999. OVERSEAS ELECTORS",Dravida Munnetra Kazhagam,309,225,11.009174311926607
83,"Saraswathi Aided Elementary School, South Side, Koothiyampettai","1. Koothiyampettai (R.V) and (P), Koothiyampettai Main Road ward:1, 2. Koothiyampettai (R.V) and (P), West Street ward:1, 3. Koothiyampettai (R.V) and (P), South Street ward:1, 4. Koothiyampettai (R.V) and (P), Mettu Street ward:1, 999. OVERSEAS ELECTORS",Dravida Munnetra Kazhagam,278,244,5.30421216848674
84,"Saraswathi Aided Elementary School, North Side, Koothiyampettai","1. Koothiyampettai (R.V) and (P), East Street ward:1, 2. Koothiyampettai (R.V) and (P), Vairavnirappu ward:3, 3. Koothiyampettai (R.V) and (P), Vairavnirappu Yeri Street ward:3,
999. OVERSEAS ELECTORS",Dravida Munnetra Kazhagam,261,254,1.0086455331412103
85,"Raja Aided Elementary School,North facing South building East
Portion,Karpallam","1. Pannangudi (R.V) And (P), Karpallam ward:1, 2. Pannangudi (R.V) And (P), Azhagapuram ward:1, 3. Pannangudi (R.V) And (P), Pannangudi ward:1, 999. OVERSEAS ELECTORS",Dravida Munnetra Kazhagam,296,206,12.430939226519337
87,"Kollidam Panchayat Union Elementary School, East Facing North Portion, Alalasuntharam","1. Alalasundram (R.V) And (P), Manikkavasal West Street ward:1, 2. Alalasundram (R.V) And (P), Manikkavasal East Street ward:1, 3. Alalasundram (R.V) And (P), Thirugnanasambandam ward:1, 4. Alalasundram (R.V) And (P), Koottumangudi ward:1, 5. Alalasundram (R.V) And (P), Azhagiya Natham ward:1, 6. Alalasundram (R.V) And (P), Pillaiyar koil Street ward:2, 7. Alalasundram (R.V) And (P), Main Road ward:2, 8. Alalasundram (R.V) And (P), Alalasundram Periya Street ward:2, 9. Alalasundram (R.V) And (P), Alalasundram Chinna Street ward:2, 999. OVERSEAS ELECTORS",Tamilaga Vettri Kazhagam,330,282,5.47945205479452
89,"Kollidam Panchayat Union Elementary School, North Side Building South Portion, Madhanam","1. Mathanam (R.V) And (P), Shothiruam ward:2, 2. Mathanam (R.V) And (P), Vadapathi ward:1, 3. Mathanam (R.V) And (P), Thenpathi ward:1, 4. Serugudi (R.V), Mathanam (P), Serugudi ward:3, 5. Mathanam(R.V) And (P), Thillaividangan ward:2, 999. OVERSEAS
ELECTORS",Dravida Munnetra Kazhagam,290,256,4.2131350681536555
90,"Kollidam Panchayat Union Elementary School, East facing Northi Portion, Kannikiniyanarkoil","1. Maharajapuram (R.V) And (P), North Street ward:1, 2. Maharajapuram (R.V) And (P), Kannukkueniyarkovil ward:1, 3. Maharajapuram(R.V) And (P), Meiyappu Kottagam ward:1, 4. Maharajapuram(R.V) And (P), Kuittiyandi Thoppu ward:2, 5. Maharajapuram (R.V) And (P),
Devanallur ward:2, 999. OVERSEAS ELECTORS",Dravida Munnetra Kazhagam,292,197,13.456090651558073
91,"Kollidam Panchayat Union Elementary School East Side Middle Building Facing West, Palayapalayam","1. Palayapalayam (R.V) And (P), Palayapalayam West Street ward:1, 2. Palayapalayam (R.V) And (P), Main Road ward:1, 3. Palayapalayam (R.V) And (P), Cooperative Street ward:1, 4. Palayapalayam (R.V) And (P), Naidu Street ward:1, 5. Palayapalayam (R.V) And (P), School Street ward:1, 6. Palayapalayam (R.V) And (P), Sannathi Street ward:1, 7. Palayapalayam (R.V) And (P), Nadar Street ward:1, 999. OVERSEAS ELECTORS",Dravida Munnetra Kazhagam,395,278,12.985571587125417
92,"Kollidam Panchayat Union Elementary School, East Side North Building, Kodakkaramoolai","1. Palayapalayam (R.V) And (P), Kodaikkaramalai Rangasamuthiram ward:2, 2. Palayapalayam (R.V) And (P), Mariyamman Kovil Street ward:2, 3. Palayapalayam (R.V) And (P), Kodaikkaramulai Main Road ward:2, 4. Palayapalayam (R.V) And (P), Kodaikkaramalai (North-South) ward:2, 5. Palayapalayam (R.V) And (P), Palakadu Street ward:2, 999.
OVERSEAS ELECTORS",All India Anna Dravida Munnetra Kazhagam,322,290,3.4934497816593884
93,"Kollidam Panchayat Union Elementary School, East side south Building west facing, Kodakkaramoolai","1. Palayapalayam (R.V) And (P), Periya Street ward:3, 2. Palayapalayam (R.V) And (P), Kaduvetti Street( Ambalakara Street Kalappu) ward:3, 3. Palayapalayam (R.V) And (P), Kaduvetti Colony Street ward:3, 4. Palayapalayam (R.V) And (P), Kallimedu Street ward:3,
999. OVERSEAS ELECTORS",Tamilaga Vettri Kazhagam,193,172,4.312114989733059
94,"Kollidam Panchayat Union Elementary School,East building west facing North portion,Kodakkaramoolai","1. Palayapalayam (R.V) And (P), Ambalakara Street North-South ward:3, 2. Palayapalayam (R.V) And (P), Padaiyachi Street (North street) ward:3, 999. OVERSEAS ELECTORS",Tamilaga Vettri Kazhagam,205,192,2.380952380952381
95,"Arulmozhi Aided Middle School, New Building East Side, Thandavankulam","1. Thandavankulam (R.V) And (P), Ellaisanthu ward:1, 2. Thandavankulam (R.V) And (P), Mettu Street ward:1, 3. Thandavankulam (R.V) And (P), Meeramsahapipettai ward:1, 4. Thandavankulam (R.V) And (P), Puthu Nagar ward:1, 5. Thandavankulam (R.V) And (P), Periyavaguppu Main Road ward:1, 6. Thandavankulam (R.V) And (P), Kalliamman Kovil Main Road ward:2, 999. OVERSEAS ELECTORS",Dravida Munnetra Kazhagam,253,213,5.633802816901409
96,"Arulmozhi Aided Middle School, New Building West Side, Thandavankulam","1. Thandavankulam (R.V) And (P), V.O.C. Street ward:1, 2. Thandavankulam (R.V) And (P), New Street Ward:1, 3. Thandavankulam (R.V) And (P), Anna Nagar ward:1, 4. Thandavankulam (R.V) And (P), Kallar Street ward:1, 5. Thandavankulam (R.V) And (P), Sundarampillai ward:2, 6. Thandavankulam (R.V) And (P), Kattankuthu Street ward:2, 999.
OVERSEAS ELECTORS",Dravida Munnetra Kazhagam,308,226,10.512820512820513
97,"Kollidam Panchayat Union Elementary School, East side, Chinnavahupu Thandavankulam","1. Thandavankulam (R.V) And (P), Gandhi Nagar ward:3, 2. Thandavankulam (R.V) And (P), Navandhakannapuram ward:3, 3. Thandavankulam (R.V) And (P), East Street ward:3, 4. Thandavankulam (R.V) And (P), Tsunami Temporary Shelter 2 ward:3,   5. Thandavankulam (R.V) And (P), North Street ward:3,   999. OVERSEAS ELECTORS",All India Anna Dravida Munnetra Kazhagam,285,189,14.035087719298245
98,"Kollidam Panchayat Union Elementary School, New Building, Tsunami Nagar
Kottayamedu","1. Thandavankulam (R.V) And (P), Tsunami Temporary Shelter 1 ward:3, 999. OVERSEAS ELECTORS",All India Anna Dravida Munnetra Kazhagam,178,169,2.15311004784689
102,"Kollidam Panchayat Union Middle School, North facing west portion, Othavanthankudi","1. Othavanthankudi (R.V) And (P), Periya Street ward:1, 2. Othavanthankudi (R.V) And (P), West Street ward:1, 3. Othavanthankudi (R.V) And (P), Valluva Street ward:2, 4. Othavanthankudi (R.V) And (P), Chiristhuva Street ward:2, 5. Othavanthankudi (R.V) And (P), School Street ward:2, 6. Othavanthankudi (R.V) And (P), Sivan Kovil Street ward:2, 7. Othavanthankudi (R.V) And (P), Thiruneelakandam Thoppu Street ward:3, 8. Othavanthankudi (R.V) And (P), Thiruneelakandam South Street ward:3, 9. Othavanthankudi (R.V) And (P), Thiruneelakandam East Street ward:3, 10. Othavanthankudi (R.V) And (P), Thiruneelakandam Colony Street ward:3, 999. OVERSEAS ELECTORS",Dravida Munnetra Kazhagam,402,314,9.214659685863873
103,"Govt. High School, North Facing Building East Portion, Manalagaram","1. Arasur (R.V) And (P), Coppiyakudi Main Road ward:2, 2. Arasur (R.V) And (P), Mariyamnan Kovil Street ward:2, 3. Arasur (R.V) And (P), Manthakarai Street ward:2, 4. Arasur (R.V) And (P), Manalagaram Mainroad ward:2, 5. Arasur (R.V) And (P), Pillaiyar Koil Street ward:2, 999.
OVERSEAS ELECTORS",Dravida Munnetra Kazhagam,318,253,8.322663252240718
104,"Kollidam Panchayat Union Elementary School South Side Building South Portion, Arasur","1. Arasur (R.V) And (P), East Arasur East Street ward:1, 2. Arasur (R.V) And (P), Kannikovil Street ward:1, 3. Arasur (R.V) And (P), Puliyanthoppu Street ward:1, 4. Arasur (R.V) And (P), Arasur West Street ward:1, 5. Arasur (R.V) And (P), Kaliamman Koil Street ward:1, 6. Arasur (R.V) And (P), Vaniya Street ward:1, 999. OVERSEAS ELECTORS",Tamilaga Vettri Kazhagam,267,196,12.074829931972788
105,"Govt. High school North facing Building East side middle Portion Manalagaram , Arasur","1. Arasur (R.V) And (P), Olayamputhur Main Road ward:1, 2. Arasur(R.V) And (P), Main Road ward:1, 3. Arasur (R.V) And (P), Pallivasal Street ward:1, 4. Arasur (R.V) And (P), Thiruchitrambalam West Street ward:3, 5. Arasur (R.V) And (P), Thiruchitrambalam East Street ward:3, 6. Arasur (R.V) And (P), Kandirasanallur ward:3, 999. OVERSEAS ELECTORS",Dravida Munnetra Kazhagam,253,183,12.237762237762238
110,"Kollidam Panchayat Union Elementary School, South Facing North Building, Vellakulam Vettangudi","1. Vettangudi (R.V) And (P), Mairyamman Kovil ward:1, 2. Vettangudi (R.V) And (P), Kamarajar Nagar ward:1, 3. Vettangudi (R.V) And (P), Vellakulam ward:1, 4. Vettangudi (R.V) And (P), Mettu Street ward:1, 5. Vettangudi (R.V) And (P), Kumarakottagam ward:1, 999.
OVERSEAS ELECTORS",Tamilaga Vettri Kazhagam,295,201,12.96551724137931
111,"Kollidam Panchayat Union Middle School, South facing eastern building
west Portion, Vettangudi","1. Vettangudi (R.V) And (P), Main Road ward:1, 2. Vettangudi (R.V) And (P), North Street ward:1, 3. Vettangudi (R.V) And (P), Anna Nagar ward:1, 4. Vettangudi (R.V) And (P), Sabesa
Colony ward:1, 999. OVERSEAS ELECTORS",Tamilaga Vettri Kazhagam,274,258,2.056555269922879
112,"Kollidam Panchayat Union Middle School, South Facing North Building,
Vembadi Vettangudi","1. Vettangudi (R.V) And (P), South Street Vadi ward:2, 2. Vettangudi (R.V) And (P), Middle Street Vadi ward:2, 3. Vettangudi (R.V) And (P), North Street Vadi ward:2, 4. Vettangudi (R.V)
And (P), Vembadi ward:2, 999. OVERSEAS ELECTORS",Tamilaga Vettri Kazhagam,263,258,0.684931506849315
113,"Kollidam Panchayat Union Middle School, East facing west Building South portion, Vettangudi","1. Vettangudi (R.V) And (P), West Middle Street Vadi ward:2, 2. Vettangudi (R.V) And (P), Eruva Kollai Adidravidar Street ward:2, 3. Vettangudi (R.V) And (P), Mutharaiyur Street ward:2, 4. Vettangudi (R.V) And (P), Caverodai ward:2, 999. OVERSEAS ELECTORS",All India Anna Dravida Munnetra Kazhagam,266,224,6.25
114,"Kollidam Panchayat Union Middle School, West Building Southern Side, Koozhaiyar","1. Vettangudi (R.V) And (P), Velu Nagar ward:3, 2. Vettangudi (R.V) And (P), South Street ward:3, 3. Vettangudi (R.V) And (P), Tsunami Temporary Shelter ward:3, 4. Vettangudi (R.V) And (P), North Street ward:3, 5. Vettangudi (R.V) And (P), Middle Street ward:3, 999.
OVERSEAS ELECTORS",Tamilaga Vettri Kazhagam,317,166,22.436849925705797
119,"Govt Higher Secondary School ,North building South facing east
portion,Thirumullaivasal","1. Thirumullaivasal (R.V) And (P), Bangala Street ward:4, 2. Thirumullaivasal (R.V) And (P), Sivan Sannathi Street Ward:4, 3. Thirumullaivasal (R.V) And (P), Main Road ward:4, 999.
OVERSEAS ELECTORS",Dravida Munnetra Kazhagam,233,142,17.300380228136884
121,"Govt Higher Secondary School,East building West facing east portion,Thirumullaivasal","1. Thirumullaivasal (R.V) And (P), Ambedkar Nagar ward:6, 2. Thirumullaivasal (R.V) and (P), Thiruvengada Nadar Street Ward:6, 3. Thirumullaivasal (R.V) And (P), Fisherman West Street Ward:6, 4. Thirumullaivasal (R.V) And (P), Kaliamman koil Street Ward:6, 5. Thirumullaivasal (R.V) And (P), Kannikovil Street Ward:6, 6. Thirumullaivasal (R.V) And (P), Thazhanthondi ward:8, 7. Thirumullaivasal (R.V) And (P), Tsunami Temporary Shelter 2 Ward:2, 8. Thirumullaivasal (R.V) And (P), Tsunami Temporary Shelter 4 ward:4, 999. OVERSEAS
ELECTORS",Tamilaga Vettri Kazhagam,293,210,11.140939597315436
123,"Govt Higher Secondary School,North New building South facing west portion,Thirumullaivasa","1. Thirumullaivasal (R.V) And (P), Fisherman Street Ward:7, 2. Thirumullaivasal (R.V) And (P), Thazhanthondi ward:8, 3. Thirumullaivasal (R.V) And (P), Thazhai Iruthaya Nagar ward:8, 4. Thirumullaivasal (R.V) And (P), Kachaveli Ward:8, 999. OVERSEAS ELECTORS",Tamilaga Vettri Kazhagam,413,246,18.15217391304348
124,"Govt Higher Secondary School,North New building South facing east portion,Thirumallaivasal","1. Thirumullaivasal (R.V) And (P), Valuthalaikudi East Street Ward:10, 2. Thirumullaivasal (R.V) And (P), Valuthalaikudi Kannikoil Street Ward:9, 3. Thirumullaivasal (R.V) And (P), Fisherman Temporary Shelter ward:7, 999. OVERSEAS ELECTORS",All India Anna Dravida Munnetra Kazhagam,221,186,5.993150684931506
125,"Kollidam Panchayat Union Middle School, East Side New Building, Radhanallur","1. Radhanallur (R.V), Thirumullaivasal (P), Radhanallur (North) Ward:13, 2. Radhanallur (R.V), Thirumullaivasal (P), Radhanallur (New Colony) Ward:13, 3. Radhanallur (R.V), Thirumullaivasal (P), Radhanallur (Periya Street) ward:13, 4. Radhanallur (R.V), Thirumullaivasal (P), Valuthalaikudi Main Road Ward:9, 999. OVERSEAS ELECTORS",Tamilaga Vettri Kazhagam,319,272,5.994897959183673
127,"Government High School, Mangalur tiled Buiding North Side, Thoduvai","1. Thirumullaivasal (R.V) And (P), Thoduvai Fisherman North Street Ward:11, 2. Thirumullaivasal (R.V) And (P), Tsunami Temporary Shelter 2 Ward:12, 999. OVERSEAS
ELECTORS",Tamilaga Vettri Kazhagam,273,181,14.307931570762053
128,"Kollidam Panchayat Union Elementary School, East facing west Building Northern Portion, Thoduvai","1. Thirumullaivasal (R.V) And (P), Thoduvai Fisherman South Street Ward:12,   999. OVERSEAS ELECTORS",Tamilaga Vettri Kazhagam,334,192,19.398907103825135
129,"Kollidam Panchayat Union Elementary
,School East facing west Building Southern Portion,Thoduvai","1. Thirumullaivasal (R.V) And (P), Tsunami Temporary Shelter 1 ward:12, 1. Thirumullaivasal (R.V) And (P), Tsunami Temporary Shelter 3 Ward:12, 999. OVERSEAS ELECTORS",Tamilaga Vettri Kazhagam,188,156,6.490872210953347
130,"Kollidam Panchayat Union Elementary School, South facing North Building,
Edamanal","1. Edamanal (R.V) And (P), Edamanal Main Road Ward:1, 2. Edamanal (R.V) And (P), Varusaipathu Ward:4, 3. Edamanal (R.V) And (P), Melappalayam Ward:5, 999. OVERSEAS
ELECTORS",Dravida Munnetra Kazhagam,236,231,0.7507507507507507
131,"Govt Higher Secondary School,North New building South facing east portion,Thirumallaivasal","1. Edamanal (R.V) And (P), Edamanal Periya Street Ward:1, 2. Edamanal (R.V) And (P), Edamanal Middle Street Ward:1, 3. Edamanal (R.V) And (P), Sanjivirayan Koil New Street Ward:2, 999. OVERSEAS ELECTORS",Tamilaga Vettri Kazhagam,261,202,9.44
132,"Govt High School, South facing west Wing west portion, Edamanal","1. Edamanal (R.V) And (P), Sangivirayan Kovil Ward:2, 2. Edamanal (R.V) And (P), Othalaveli Ward:2, 3. Edamanal (R.V) And (P), Uchimedu North Street ward:2, 4. Edamanal (R.V) And (P), Aamappallam North Ward:2, 5. Edamanal (R.V) And (P), Aamappallam South Ward:3, 6. Edamanal (R.V) And (P), Utchi Medu Ward:3, 999. OVERSEAS ELECTORS",Tamilaga Vettri Kazhagam,314,286,3.297997644287397
140,"Kollidam Panchayat Union Elementary School, Thirukarukavoor South Facing South Building Eastern Portion","1. Thirukkarukavur (R.V) And (P), Velarthoppu Ward:3, 2. Thirukkarukavur (R.V) And (P), Kilaathoppu Street Ward:3, 3. Thirukkarukavur (R.V) And (P), Keeranallur Muslim Street Ward:4, 4. Thirukkarukavur (R.V) And (P), West Street Keeranallur Ward:4, 999. OVERSEAS
ELECTORS",Tamilaga Vettri Kazhagam,380,295,9.860788863109049
141,"Kollidam Panchayat Union Elementary School, South facing south building Western portion, Thirukarukavoor","1. Thirukkarukavur (R.V) And (P), North Street Ward:1, 2. Thirukkarukavur (R.V) And (P), East Street Ward:2, 3. Thirukkarukavur (R.V) And (P), Kaliamman Kovil Street Ward:2, 4. Thirukkarukavur (R.V) And (P), West Street Ward:2, 5. Thirukkarukavur (R.V) And (P), Pillaiyar Kovil Street Ward:2, 6. Thirukkarukavur (R.V) And (P), Sannathi Street ward:2, 7. Thirukkarukavur (R.V) And (P), Ayyanarkoil Street Ward:2, 999. OVERSEAS ELECTORS",Tamilaga Vettri Kazhagam,259,258,0.12674271229404308
147,"Self Help Group Building, South building North facing, Athiyur","1. Athiyur (R.V) And (P), Panikkiruppu Ward:2, 2. Athiyur (R.V) And (P), Pattavilagam Mathakoil Street Ward:1, 3. Athiyur (R.V) And (P), Pattavilagam Kudiyana Street Ward:1, 4. Athiyur (R.V) And (P), Pattavilagam Adidravidar Street Ward:1,2, 5. Athiyur (R.V) And (P), Athiyur Adidravidar Street Ward:2, 6. Athiyur (R.V) And (P), Athiyur Mariyamman Kovil Street Ward:2, 7. Athiyur (R.V) And (P), Athiyur East Street Ward:2, 999. OVERSEAS ELECTORS",All India Anna Dravida Munnetra Kazhagam,353,279,7.6923076923076925
149,"Govt High School, North Building South Portion, Agani","1. Agani (R.V) And (P), Keezh Agani Ward:1, 2. Agani (R.V) And (P), Sivankovil Street Main Road Ward:4, 3. Agani (R.V) And (P), Thennangudi Main Road Ward:4, 999. OVERSEAS
ELECTORS",Dravida Munnetra Kazhagam,318,250,8.740359897172237
153,"Sirkali Panchayat Union Middle School, South facing west Building west Portion, Senthangudi","1. Vilanthidasamuthiram (R.V) And (P), Kinatrangarai Street Ward:2, 2. Vilanthidasamuthiram (R.V) And (P), Senthangudi Main Road Ward:2, 3. Vilanthidasamuthiram (R.V) And (P), Senthangudi Kuturavu Nagar Ward:2, 4. Vilanthidasamuthiram (R.V) And (P), Senthangudi pillaiyar Kovil Street Ward:2, 5. Vilanthidasamuthiram (R.V) And (P), Senthangudi Selliyamman Kovil Street Ward:2, 6. Vilanthidasamuthiram (R.V) And (P), Senthangudi Kanni Kovil Street Ward:2, 7. Vilanthidasamuthiram (R.V) And (P), Senthangudi Ricemill Street Ward:2, 999. OVERSEAS ELECTORS",Dravida Munnetra Kazhagam,289,197,15.2317880794702
155,"Target Lion Club Matriculation Higher Secondary School,East facing west Building South
portion,Vilanthidasamuthiram","1. Vilanthidasamuthiram (R.V) And (P), Vilanthidasamuthiram Ward:3, 2. Vilanthidasamuthiram (R.V) And (P), Kaliyamman Kovil Street Ward:3, 999. OVERSEAS ELECTORS",Dravida Munnetra Kazhagam,301,219,11.156462585034014
156,"Target Lion Club Matriculation Higher Secondary School,East facing west Building South
portion,Vilanthidasamuthiram","1. Vilanthidasamuthiram (R.V) And (P), Maruthanayagam Colony Ward:3, 2. Vilanthidasamuthiram (R.V) And (P), Jeyandirar Colony Ward:3, 999. OVERSEAS ELECTORS",Dravida Munnetra Kazhagam,216,138,17.56756756756757
157,"Panchayat Union Elementary School, East Facing East Building, Patharakudi","1. Vilanthidasamuthiram (R.V) And (P), Patharakudi Kudiyana Street Ward:4, 2. Vilanthidasamuthiram (R.V) And (P), Patharakudi Colony Street Ward:4, 999. OVERSEAS
ELECTORS",Tamilaga Vettri Kazhagam,280,277,0.3614457831325301
158,"Municipal Middle School, SABL Building, Sirkazhi","1. Sirkali (M), Periyavaguppu Kattalai Ward:2, 2. Sirkali (M), Bethadi Street Ward:2, 3. Sirkali (M), Ozhiyakaran Thoppu Ward:2, 4. Sirkali (M), Panangattu Street Ward:2, 999. OVERSEAS
ELECTORS",Dravida Munnetra Kazhagam,372,283,11.424903722721439
160,"Sabhanayaga Muthaliyar Hindu Aided Elementary School, North Portion, Bharathidasan Street Sirkazhi","1. Sirkali (M), Govindarajan Nagar Ward:2, 2. Sirkali (M), Keelaveli Street Ward:3, 3. Sirkali (M), Sarkkan Street ward:3, 4. Sirkali (M), Kovil-Sethi Street Ward:3, 999. OVERSEAS ELECTORS",Tamilaga Vettri Kazhagam,258,197,10.26936026936027
163,"Sabhanayaga Muthaliyar Hindu Higher Secondary School, Science Lab Room No-43, Mariyammankoil Thopu Street
Sirkazhi","1. Sirkali (M), Kumarakkoil West Street Ward:5, 2. Sirkali (M), Keezha Mariyammankovil Street Ward:5, 3. Sirkali (M), Balaji Nagar Ward:5, 999. OVERSEAS ELECTORS",Tamilaga Vettri Kazhagam,232,180,8.373590982286634
164,"Municipal Higher Secondary School, Main building Room-3, North
Madavilagam Sirkazhi","1. Sirkali (M), Eesaniya Street Ward:4, 999. OVERSEAS ELECTORS",Tamilaga Vettri Kazhagam,387,273,12.284482758620689
165,"Municipal Higher Secondary School, Main building Room-6, North Madavilagam Sirkazhi","1. Sirkali (M), Esaniyathoppu Melasanthu Colony Ward:4, 2. Sirkali (M), Esaniyathoppu Melasanthu Ward:4, 3. Sirkali (M), Esaniyathoppu New Colony Ward:4, 4. Sirkali (M), Thiyagi Swaminathanar Street Ward:10, 5. Sirkali (M), Bharathidasan Street Ward:10, 999.
OVERSEAS ELECTORS",Tamilaga Vettri Kazhagam,225,191,5.320813771517996
168,"Sabhanayaga Muthaliyar Hindu Aided Elementary School, Room-1 South Side, West Car Street Sirkazhi","1. Sirkali (M), East Car Street Ward:17, 2. Sirkali (M), West Car Street Ward:14, 3. Sirkali (M), Gnanasambandar Street Ward:14, 4. Sirkali (M), Thirumanjana Street Ward:14, 5. Sirkali (M), West Madavilagam Ward:14, 999. OVERSEAS ELECTORS",Tamilaga Vettri Kazhagam,154,150,0.8547008547008548
169,"Sabhanayaga Muthaliyar Hindu Aided Elementary School, Room No-2, West
Car Street Sirkazhi","1. Sirkali (M), North Madavilagam Ward:15, 2. Sirkali (M), North Car Street Ward:11, 3. Sirkali (M), Sannathi Street Ward:15, 4. Sirkali (M), East Madavilagam Ward:15, 999.
OVERSEAS ELECTORS",Dravida Munnetra Kazhagam,168,129,8.904109589041095
174,"Municipal Middle School, New building east facing north portion, Pannagattangudi Road Sirkazhi","1. Sirkali (M), Thadalan Kamarajanpuram North Street Ward:23, 2. Sirkali (M), Thadalan Kamarajanpuram South Street Ward:23, 3. Sirkali (M), Thadalan Kamarajanpuram Mettu Street Ward:23, 4. Sirkali (M), Radhakrishnan Nagar Ward:23, 5. Sirkali (M), Panangattankudi Road Ward:24, 999. OVERSEAS ELECTORS",Dravida Munnetra Kazhagam,242,224,2.9605263157894735
175,"Municipal Elementary School, West Building North Portion, Thadalan West
Street Sirkazhi","1. Sirkali (M), Panangattankudi Road Ward:24, 2. Sirkali (M), Railway Road Ward:24, 3. Sirkali (M), Thadalan North Madavilagam Ward:7, 999. OVERSEAS ELECTORS",Dravida Munnetra Kazhagam,228,202,4.166666666666666
176,"Municipal Elementary School, West Building Southern Side, Thadalan West
Street Sirkazhi","1. Sirkali (M), Thadalan West Street ward:7, 2. Sirkali (M), Pulikkudi Santhu Ward:7, 3. Sirkali (M), Thadalan South Madavilagam Ward:7, 4. Sirkali (M), Thadalan South Street
Ward:7, 999. OVERSEAS ELECTORS",Dravida Munnetra Kazhagam,209,202,1.109350237717908
177,"L.M.C Higher Secondary School, Main
Building East Portion, Pidari West Street Sirkazhi","1. Sirkali (M), Pulukapettai Street Ward:12, 2. Sirkali (M), Pulukapettai Thoppu Street
Ward:12, 3. Sirkali (M), Pulukapettai New Street Ward:13, 4. Sirkali (M), South Car Street ward:14, 999. OVERSEAS ELECTORS",Dravida Munnetra Kazhagam,225,213,1.8633540372670807
179,"Radhakrishnan Aided Elementary School, West Side, Pulugapettai Street
Sirkazhi","1. Sirkali (M), Thirukkolakka Ward:13, 2. Sirkali (M), Panamangalam Ward:22, 999. OVERSEAS ELECTORS",All India Anna Dravida Munnetra Kazhagam,315,253,7.888040712468193
180,"Radhakrishnan Aided Elementary School, East Side, Pulugapettai Street
Sirkazhi","1. Sirkali (M), Jahannathapuram Ward:13, 2. Sirkali (M), Thiruthalamudaiyar Kovil Street Ward:13, 3. Sirkali (M), Pulukapettai Thoppu Street Ward:13, 999. OVERSEAS ELECTORS",All India Anna Dravida Munnetra Kazhagam,248,202,7.6033057851239665
181,"Siyamala Girls Hr Sec School, Raja Muthaiya Block North SideRoom No.1,
Pidari South Street Sirkazhi","1. Sirkali (M), Pidari South Street Ward:17, 2. Sirkali (M), Singarathoppu Santhu Ward:15, 999. OVERSEAS ELECTORS",Tamilaga Vettri Kazhagam,233,228,0.7485029940119761
182,"Siyamala Girls Hr Sec School, Raja Muthaiya Block South Portion Room No.3, Pidari South Street Sirkazhi","1. Sirkali (M), Sambandhar Colony Ward:17, 2. Sirkali (M), Uppukkara Street Ward:15, 3. Sirkali (M), Pidari East Street Ward:15, 999. OVERSEAS ELECTORS",Tamilaga Vettri Kazhagam,240,230,1.4285714285714286
183,"Vivekananda College of Arts and Science for Women, Facing South Room
7, Keezha Thenpathy","1. Sirkali (M), Thiruvandhi Kattalai Ward:16, 2. Sirkali (M), Thesathi Kathirvelu Street Ward:16, 3. Sirkali (M), Monnaiyan Street Ward:16, 999. OVERSEAS ELECTORS",Dravida Munnetra Kazhagam,322,223,14.623338257016247
184,"Best Matriculation Higher Secondary School, South facing Auditorium building west portion, Thenpathy","1. Sirkali (M), Nanganala Street Ward:16, 2. Sirkali (M), V.O.C East Street Ward:19, 3. Sirkali (M), Pasumpon Muthuramalingam Street Ward:19, 4. Sirkali (M), Pasumpon Muthuramaligam East Street Ward:19, 999. OVERSEAS ELECTORS",Dravida Munnetra Kazhagam,259,255,0.544959128065395
186,"Best Matriculation Higher Secondary School, Western Side Facing South Building, Thenpathy","1. Sirkali (M), V.O.C South Street Ward:20, 2. Sirkali (M), V.O.C West Street Ward:20, 3. Sirkali (M), Indira Nagar Ward:20, 4. Sirkali (M), Cutchery Road Ward:18, 5. Sirkali (M), Venkateshwara Nagar Ward:20, 6. Sirkali (M), N.S.P Nagar Ward:20, 7. Sirkali (M), R.V.S
Nagar Ward:20, 999. OVERSEAS ELECTORS",Tamilaga Vettri Kazhagam,231,220,1.6442451420029895
187,"Dharumai Adhinam Guruganasambanthar Mission VTP Aided Middle School, Eastern
Side,Thenpathy","1. Sirkali (M), Police line Ward:18, 2. Sirkali (M), Bungalow Thoppu Street Ward:18, 3. Sirkali (M), Thiruvalluvar Nagar Ward:18, 4. Sirkali (M), Nehru Colony Ward:18, 5. Sirkali (M), Panneerselvam Street Ward:18, 999. OVERSEAS ELECTORS",Tamilaga Vettri Kazhagam,260,192,11.147540983606557
188,"Dharumai Adhinam Guruganasambanthar Mission VTP Aided Middle School, Western
Side,Thenpathy","1. Sirkali (M), Sattanathar Colony Ward:18, 2. Sirkali (M), Tripurasundari Nagar ward:21, 3. Sirkali (M), T.B. Road Ward:21, 4. Sirkali (M), V.N.S. Nagar Ward:18, 5. Sirkali (M), Arul Nagar Ward:18, 6. Sirkali (M), V.P.Sankar Nagar Ward:21, 999. OVERSEAS ELECTORS",Tamilaga Vettri Kazhagam,130,120,2.6455026455026456
189,"Best Matriculation Higher Secondary School, South facing Auditorium building middle portion, Thenpathy","1. Sirkali (M), R.K.T. Nagar Ward:21, 2. Sirkali (M), Sarvamania Street Ward:21, 3. Sirkali (M), Bangalakulathu Mettu Street Ward:21, 4. Sirkali (M), Agara Thirukkolakka Ward:21, 999. OVERSEAS ELECTORS",Dravida Munnetra Kazhagam,299,298,0.1221001221001221
193,"Sirkali Panchayat Union Elementary School, West facing east Building, Thillaividangan","1. Thillaividangan (R.V) And (P), North Main Road Ward:1, 2. Thillaividangan (R.V) And (P), Irattaikulam Street Ward:1, 3. Thillaividangan (R.V) And (P), Sivan Kovil Street Ward:1, 4. Thillaividangan (R.V) And (P), Manmadhan Kovil Street Ward:1, 5. Thillaividangan (R.V) And (P), Ayyanar Kovil Street Ward:1, 6. Thillaividangan (R.V) And (P), Palgoas Street Ward:1, 7. Thillaividangan (R.V) And (P), South Main Road Ward:1, 8. Thillaividangan (R.V) And (P), Pallivasal Street Ward:1, 9. Thillaividangan (R.V) And (P), Kannikovil Street Ward:1, 10. Thillaividangan (R.V) and (P), Murugan Kovil Street Ward:1, 11. Thillaividangan (R.V) and (P), Indra Colony Ward:1, 12. Thillaividangan (R.V) And (P), Therasa Street Ward:1, 13. Thillaividangan (R.V) And (P), M.G.R.Nagar ward:1, 14. Thillaividangan (R.V) And (P), Thiruthonipuram East Street Ward:2, 15. Thillaividangan (R.V) And (P), Thiruthonipuram West Street Ward:2, 999. OVERSEAS ELECTORS",Dravida Munnetra Kazhagam,277,267,1.1890606420927468
196,"Sirkazhi Panchayat Union Primary School, South facing Middle Building South Portion, Thirunagari","1. Thirunagari (R.V) And (P), Vedharajapuram ward:2, 2. Thirunagari (R.V) And (P), Vedharajapuram Sarvamanyam ward:2, 3. Thirunagari (R.V) And (P), Thundikaran Kovil Street ward:2, 4. Thirunagari (R.V) And (P), Vedharajapuram Melpathi ward:2, 999.
OVERSEAS ELECTORS",Tamilaga Vettri Kazhagam,301,170,21.475409836065573
197,"Sirkazhi Panchayat Union Primary School, South facing Middle Building North Portion, Thirunagari","1. Thirunagari (R.V) And (P), Koonankarumbu ward:3, 2. Thirunagari (R.V) And (P), Panjan Street ward:3, 3. Thirunagari (R.V) And (P), Soorapanaiyadi Street ward:3, 4. Thirunagari (R.V) And (P), Kovil Pillai Street ward:3, 5. Thirunagari (R.V) And (P), Ponnan Street ward:3, 6. Thirunagari (R.V) And (P), Vaikkangarai Street ward:2, 999. OVERSEAS ELECTORS",Tamilaga Vettri Kazhagam,248,147,18.397085610200364
198,"Government High School, West facing east building North Portion, Thirunagari","1. Thirunagari (R.V) And (P), Vaikkangarai Street ward:3,2, 2. Thirunagari (R.V) And (P), Kaval Sethi ward:1, 3. Thirunagari (R.V) And (P), Sarvamania Street ward:1, 4. Thirunagari (R.V) And (P), Vaniangula Street ward:2, 5. Thirunagari (R.V) And (P), Vaikkangarai Street ward:2, 6. Thirunagari (R.V) And (P), Mariyamman Kovil Street ward:2, 7. Thirunagari (R.V) And (P), Parivettai Street ward:1,2, 8. Thirunagari (R.V) And (P), Thalaiyari Street ward:2, 9. Thirunagari (R.V) And (P), Panduvan Sethi ward:2, 999. OVERSEAS ELECTORS",Tamilaga Vettri Kazhagam,269,245,3.149606299212598
201,"Sirkali Panchayat Union Middle School, West Side, Thittai","1. Thittai (R.V) And (P), A.N.S.Nagar ward:2, 2. Thittai (R.V) And (P), Kulangarai Colony ward:2, 3. Thittai (R.V) And (P), Kulangarai ward:2, 4. Thittai (R.V) And (P), Karpagam Nagar ward:2, 5. Thittai (R.V) And (P), Arumuga Veli ward:2, 6. Thittai (R.V) And (P), Kulangarai
(West) ward:2, 999. OVERSEAS ELECTORS",Tamilaga Vettri Kazhagam,344,282,7.319952774498228
202,"Sirkali Panchayat Union Middle School,East building west facing south portion,Thittai","1. Thittai (R.V) And (P), Pillaiyarkovil Street ward:1, 2. Thittai (R.V) And (P), Pidari Kovil Street ward:1, 3. Thittai (R.V) And (P), Mariyamman Kovil Street ward:1, 4. Thittai (R.V) And (P), Kamatchi Nagar ward:1, 5. Thittai (R.V) And (P), School Street ward:1, 6. Thittai (R.V) and (P), Middle Street ward:1, 7. Thittai (R.V) And (P), Kaliammankovil Street ward:1,   999.
OVERSEAS ELECTORS",Tamilaga Vettri Kazhagam,162,157,1.0917030567685588
203,"Sirkali Panchayat Union Middle School,East facing west building Kamarajar Room North
portion,Sattanathapuram","1. Sattanathapuram (R.V) And (P), Kattunayakkan Street ward:2, 2. Sattanathapuram (R.V) And (P), Mettu Street ward:2, 3. Sattanathapuram (R.V) And (P), Atrangarai Street ward:2, 999. OVERSEAS ELECTORS",Tamilaga Vettri Kazhagam,240,229,1.71606864274571
204,"Sirkali Panchayat Union Middle School,East facing West building MGR Room South portion,Sattanathapuram","1. Sattanathapuram (R.V) And (P), V.O.C.Nagar ward:3, 2. Sattanathapuram (R.V) And (P), Utchi Medu ward:3, 3. Sattanathapuram (R.V) And (P), Sengamedu keezh ward:3, 4. Sattanathapuram (R.V) And (P), Sengamedu keezh ward:3, 5. Sattanathapuram (R.V) And (P), Vizhakkadu ward:3, 6. Sattanathapuram (R.V) And (P), Mooveli ward:3, 999. OVERSEAS
ELECTORS",Tamilaga Vettri Kazhagam,286,258,3.5131744040150563
205,"Sirkali Panchayat Union Elementay School ,North facing South building East Portion,Surakkadu
Sattanathapuram","1. Sattanathapuram (R.V) And (P), Natham Sitheri ward:2, 2. Sattanathapuram (R.V) And (P), Surakkadu West Street ward:2, 3. Sattanathapuram (R.V) And (P), Surakkadu East Street ward:2,   999. OVERSEAS ELECTORS",Dravida Munnetra Kazhagam,230,182,9.022556390977442
208,"Sirkali Panchayat Office,East facing West Building, North portion,Nemmeli","1. Nemmeli (R.V) And (P), Nemmeli Main Road ward:1, 2. Nemmeli (R.V) and (P), Agraharam ward:1, 3. Nemmeli (R.V) And (P), Periyar Street ward:1, 4. Nemmeli (R.V) And (P), Middle Street ward:1, 5. Nemmeli (R.V) And (P), East Street ward:1, 6. Nemmeli (R.V) And (P), Kodangudi West Street ward:2, 999. OVERSEAS ELECTORS",All India Anna Dravida Munnetra Kazhagam,260,255,0.6613756613756614
209,"Panchayat Union Elementary School
,South facing North Building Northern Portion,Arur,Nimeli","1. Nemmeli (R.V) And (P), Kodangudi East Street ward:2, 2. Nemmeli (R.V) And (P), Puthupettai ward:2, 3. Nemmeli (R.V) And (P), Thathangudi East Street ward:2, 4. Nemmeli (R.V) And (P), Thathangudi West Street ward:2, 5. Nemmeli (R.V) And (P), Arur East Street ward:2, 6. Nemmeli (R.V) And (P), Arur West Street ward:2, 999. OVERSEAS ELECTORS",Dravida Munnetra Kazhagam,268,191,11.684370257966616
210,"Government Adi Dravidar Welfare Elementary School, West Facing New
Building, Varavukudi","1. Maruthangudi (R.V) And (P), Maruthangudi ward:1, 2. Maruthangudi (R.V) And (P), Keelavarasukudi ward:2, 3. Maruthangudi (R.V) And (P), Kumaranatham ward:2, 999.
OVERSEAS ELECTORS",Dravida Munnetra Kazhagam,281,173,16.822429906542055
220,"Anganwadi Centre, Thirupungur","1. Thirupungur (R.V) And (P), North Street ward:1, 2. Thirupungur (R.V) And (P), Kanniyakkudi Road ward:2, 3. Thirupungur (R.V) And (P), Mananthiruvasal ward:3, 4. Thirupungur (R.V) And (P), Narimudukku Udaiyampallam ward:3, 999. OVERSEAS
ELECTORS",Tamilaga Vettri Kazhagam,218,195,3.872053872053872
221,"ONGC Community Centre, Thirupungur","1. Thirupungur (R.V) And (P), South Street ward:1, 2. Thirupungur (R.V) And (P), Mathakoil Street ward:2, 3. Thirupungur (R.V) And (P), Big Street ward:3, 4. Thirupungur (R.V) And (P),
Kovilan Street ward:3, 999. OVERSEAS ELECTORS",Dravida Munnetra Kazhagam,283,204,11.669128508124077
224,"Kannan Aided Elementary School, South Side New Building North Portion,
Kathiramangalam","1. Kathiramangalam (R.V) And (P), Ammaiyappan ward:2, 2. Kondathur (R.V), Kathiramangalam (P), Kondathur ward:3, 3. Kondathur (R.V), Kathiramangalam (P),
Kalaignar Nagar, Sandhaiveli ward:3, 999. OVERSEAS ELECTORS",Tamilaga Vettri Kazhagam,299,291,0.8908685968819599
225,"Government Higher Secondary School,
Nabard New Building Room No.2, Vaitheeswarankoil","1. Vaitheeswaran Koil (TP), Kaliyamman Kovil Street ward:15, 2. Vaitheeswaran Koil (TP),
Periya Street ward:1, 3. Vaitheeswaran Koil (TP), Melpathi ward:15, 999. OVERSEAS ELECTORS",Dravida Munnetra Kazhagam,262,199,9.487951807228916
226,"Government Hr. Sec. School, Nabard New building,north middle Room No.4 , Vaitheeswaran koil","1. Vaitheeswaran Koil (TP), Gandhi Nagar ward:14, 2. Vaitheeswaran Koil (TP), Thottamaniyam ward:14, 3. Vaitheeswaran Koil (TP), Vedan Street ward:2, 4. Vaitheeswaran Koil (TP), Vilakkadu ward:1, 5. Vaitheeswaran Koil (TP), Savadi Street ward:2, 6. Vaitheeswaran Koil (TP), Nainar Thoppu ward:2, 7. Vaitheeswaran Koil (TP), Attakulam ward:2, 8. Vaitheeswaran Koil (TP), Nallansavadi ward:1, 999. OVERSEAS ELECTORS",Dravida Munnetra Kazhagam,299,280,2.392947103274559
230,"Sirkali Panchayat Union Elementary School, North Side New Building Eastern Portion, Vaitheeswarankoil","1. Vaitheeswaran Koil (TP), Thiyagi Kumaran Santhu Ward:10, 2. Vaitheeswaran Koil (TP), Andal Street Ward:10, 3. Vaitheeswaran Koil (TP), South Veli Ward:6, 4. Vaitheeswaran Koil (TP), Swami Sannathi Street Ward:11, 999. OVERSEAS ELECTORS",Tamilaga Vettri Kazhagam,218,164,10.018552875695732
231,"Sirkazhi Panchayat Union Elementary School, Western Building North Portion Facing East, Vaitheeswarankoil","1. Vaitheeswaran Koil (TP), Indira Nagar Ward:8, 2. Vaitheeswaran Koil (TP), Mayiladuthurai Road,Punganur Road Ward:5, 3. Vaitheeswaran Koil (TP), West Car Street Ward:13, 4. Vaitheeswaran Koil (TP), Vandikara Street Ward:8, 5. Vaitheeswaran Koil (TP), Thiruvavaduthurai Madathu Street Ward:13, 999. OVERSEAS ELECTORS",Tamilaga Vettri Kazhagam,240,218,3.0985915492957745
234,"Sirkazhi Panchayat Union Elementary School, New Building West Portion, Therkirruppu Edakudi Vadapathi","1. Edakudivadapathi-II (R.V) And (P), Vadapathi Mainroad ward:2, 2. Edakudivadapathi-II (R.V) And (P), Kali Kavalpuram ward:3, 3. Edakudivadapathi-II (R.V) And (P), Therukiruppu ward:3, 999. OVERSEAS ELECTORS",All India Anna Dravida Munnetra Kazhagam,200,142,11.600000000000001
237,"Sirkazhi Panchayat Union Elementary School, Southern Building, Melasalai Karaimedu","1. Karaimedu (R.V) And (P), West Road Big Street ward:4, 2. Karaimedu (R.V) And (P),  Ricemill Street ward:4, 3. Karaimedu (R.V) And (P), Thiruvali Road ward:4, 4. Karaimedu (R.V) And (P), Aachari Street ward:4, 5. Karaimedu (R.V) And (P), Nagai Main Road North ward:4,
999. OVERSEAS ELECTORS",Dravida Munnetra Kazhagam,272,201,11.378205128205128
241,"Sirkazhi Panchayat Union Elementary School, West side south facing,
Thiruvali","1. Thiruvali (R.V) And (P), Kottagam ward:1, 2. Thiruvali (R.V) And (P), Main Road ward:1, 3. Thiruvali (R.V) And (P), Keezhpathi ward:1, 4. Thiruvali (R.V) and (P), Main Road ward:3, 999.
OVERSEAS ELECTORS",Dravida Munnetra Kazhagam,245,170,13.489208633093524
247,"Sirkazhi Panchayat Union Middle School, Middle Building West Portion, Nimmeli Keelasattanathapuram","1. Keelasattanathapuram (R.V) And (P), North Nimmeli Ward:1, 2. Keelasattanathapuram (R.V) And (P), Middle Street Nimmeli Ward:1, 3. Keelasattanathapuram (R.V) And (P), Narayanapuram Ward:3, 999. OVERSEAS ELECTORS",Tamilaga Vettri Kazhagam,260,250,1.3386880856760375
248,Sirkazhi Panchayat Union Middle School Nimmeli Keelasattanathapuram East Facing West Building,"1. Keelasattanathapuram (R.V) And (P), South Nimmeli Ward:1, 2. Keelasattanathapuram (R.V) And (P), Kavalampadi Colony Ward:2, 3. Keelasattanathapuram (R.V) And (P), Mukkavattam Ward:3, 999. OVERSEAS ELECTORS",Tamilaga Vettri Kazhagam,199,165,6.159420289855073
249,"Panchayat Union Elementary School, East Facing North Portion, Kuravalur","1. Neppathur (R.V) And (P), Melaneppathur North Street ward:1, 2. Neppathur (R.V) And (P), Mulliyampattinam ward:2, 3. Neppathur (R.V) And (P), Kuravalur ward:2, 4. Neppathur (R.V)
And (P), Theevu ward:3, 999. OVERSEAS ELECTORS",All India Anna Dravida Munnetra Kazhagam,288,271,1.9144144144144142
250,"Panchayat Union Primary School, South facing north building west portion, Keezha Nepapathur","1. Neppathur (R.V) And (P), Keelaneppathur ward:1, 2. Neppathur (R.V) And (P), Melaneppathur ward:1, 3. Neppathur (R.V) And (P), South Street ward:1, 4. Neppathur (R.V) And (P), Appapillaithoppu ward:3, 5. Neppathur (R.V) And (P), Theevu Street ward:3, 999.
OVERSEAS ELECTORS",Dravida Munnetra Kazhagam,293,278,1.6741071428571428
254,"Government High School, East Side Building North Portion, Konayampattinam","1. Thennampattinam (R.V) And (P), Konnayampattinam Colony Street ward:3, 2. Thennampattinam (R.V) And (P), Melamoorkkarai Fisherman Street ward:3, 3. Thennampattinam (R.V) And (P), Tsunami Fisherman Quarters ward:3, 999. OVERSEAS
ELECTORS",Tamilaga Vettri Kazhagam,198,171,4.864864864864865
255,"Government High School, North Side Building west Facing, Konayampattinam","1. Thenampattinam (R.V) And (P), Keelamoovarkarai Ward:4, 2. Thenampattinam (R.V) And (P), West Street Ward:4, 3. Thenampattinam (R.V) And (P), East Street Ward:4, 4. Thenampattinam (R.V) And (P), Tsunami Quarters Ward:4, 999. OVERSEAS ELECTORS",Tamilaga Vettri Kazhagam,356,223,15.852205005959474
257,"Sirkali Panchayat Union Middle School, East facing South building South Portion, Mangaimadam","1. Mangaimadam (R.V) And (P), Thirunagari Road ward:1, 2. Mangaimadam (R.V) And (P), Mangaimadam ward:1, 3. Mangaimadam (R.V) And (P), Anna Nagar ward:1, 4. Mangaimadam (R.V) And (P), V.O.C Nagar ward:1, 5. Mangaimadam (R.V) And (P), Nerungikollai ward:1, 6. Mangaimadam (R.V) And (P), Kovilaankollai ward:1, 7. Mangaimadam (R.V) And (P), Mullaiyamanakollai ward:1,2, 8. Mangaimadam (R.V) And (P), Gandhi Nagar ward:2, 999.
OVERSEAS ELECTORS",All India Anna Dravida Munnetra Kazhagam,316,308,0.8465608465608466
260,"Panchayat Union Elementary School, South Building West Facing, Perumthottam","1. Perunthottam I (R.V) And (P), Mandhakara Street ward:1,2, 2. Perunthottam I (R.V) And (P), Kovil Street ward:2, 3. Perunthottam I (R.V) And (P), East Street ward:2, 4. Perunthottam I (R.V) And (P), Sannathi Street ward:2, 5. Perunthottam I (R.V) And (P), Keelakovil Street ward:2, 6. Perunthottam I (R.V) And (P), Seetiyan Street ward:2, 7. Perunthottam I (R.V) And (P), Anna Nagar ward:2, 8. Perunthottam I (R.V) And (P), Kolalarpoo ward:3, 9. Perunthottam I (R.V) And (P), Middle Street ward:3, 10. Perunthottam I (R.V) And (P), Udhyasurian Nagar ward:3, 999. OVERSEAS ELECTORS",Dravida Munnetra Kazhagam,196,190,1.0657193605683837
261,"Panchayat Union Elementary School, West Side South Building, Perumthottam","1. Perunthottam I (R.V) And (P), Valliammi Nagar ward:3, 2. Perunthottam I (R.V) And (P), Vilakattan Street ward:3, 3. Perunthottam I (R.V) And (P), Periyakulam Street ward:3, 4. Perunthottam I (R.V) And (P), Vandi Street ward:3, 5. Perunthottam I (R.V) And (P), T.E.L.C Street ward:3, 6. Perunthottam I (R.V) And (P), Beach Street ward:3, 7. Perunthottam I (R.V) And (P), Savadikuppam Ward:3, 999. OVERSEAS ELECTORS",Tamilaga Vettri Kazhagam,234,227,1.206896551724138
264,"Narayanasamy Aided Elementary School, East Building Facing West,
Kadaikkadu Perumthottam","1. Perunthottam II (R.V) And (P), Nayakkarkuppam ward:4, 999. OVERSEAS ELECTORS",Dravida Munnetra Kazhagam,253,237,2.191780821917808
265,"Narayanasamy Aided Elementary
School, South Building Facing South, Kadaikkadu Perumthottam","1. Perunthottam II (R.V) And (P), Kadikadu ward:4, 2. Perunthottam II (R.V) And (P), Madathukuppam ward:4, 999. OVERSEAS ELECTORS",Tamilaga Vettri Kazhagam,194,175,3.619047619047619
269,"Arulmighu Swatharanya Swami Koil Girls High School, West Side Building South Portion, Thiruvengadu","1. Thiruvenkadu (R.V) And (P), Gandhi Nagar ward:2, 2. Thiruvenkadu (R.V) And (P), Nehru Nagar ward:2, 3. Thiruvenkadu (R.V) And (P), Muthaiya Nagar ward:2, 4. Thiruvenkadu (R.V) And (P), Anna Nagar ward:2, 5. Thiruvenkadu (R.V) And (P), Salaikarai ward:2, 999.
OVERSEAS ELECTORS",Dravida Munnetra Kazhagam,197,186,2.0183486238532113
270,"Arulmighu Swatharanya Swami Koil Girls High School, West Side Building Middle Portion, Thiruvengadu","1. Thiruvenkadu (R.V) And (P), Vadapathi ward:4, 2. Thiruvenkadu (R.V) And (P), Thenpathi ward:2,4, 3. Thiruvenkadu (R.V) And (P), Kodiyan Street ward:4, 4. Thiruvenkadu (R.V) And (P), Araniyan Street ward:4, 5. Thiruvenkadu (R.V) And (P), Panjanthanki ward:4, 999.
OVERSEAS ELECTORS",Dravida Munnetra Kazhagam,233,186,8.561020036429873
272,"Panchayat Union Elementary School, New Building Western Portion, Thiruvengadu","1. Thiruvenkadu (R.V) And (P), Ambedkar Nagar ward:1, 2. Thiruvenkadu (R.V) And (P), Thambirankottai ward:1, 3. Thiruvenkadu (R.V) And (P), Kuchi Street ward:1, 4. Thiruvenkadu (R.V) And (P), Kannikoil Street ward:1, 5. Thiruvenkadu (R.V) And (P), Middle Street ward:1, 6. Thiruvenkadu (R.V) And (P), Arikarai Street ward:1, 7. Thiruvenkadu (R.V)
And (P), East Street ward:1, 999. OVERSEAS ELECTORS",Dravida Munnetra Kazhagam,218,175,8.3984375
274,"Sri Meikandar Aided Elementary School, Eastern building North Portion, Thiruvengadu","1. Thiruvenkadu (R.V) And (P), Thambirankottai ward:1, 2. Thiruvenkadu (R.V) And (P), Mariyamman Kovil Street ward:2, 3. Thiruvenkadu (R.V) And (P), West Street ward:3, 4. Thiruvenkadu (R.V) And (P), Ayyanar Koil Street ward:3, 5. Thiruvenkadu (R.V) And (P),
Periyar Nagar ward:3, 999. OVERSEAS ELECTORS",All India Anna Dravida Munnetra Kazhagam,296,266,3.717472118959108
277,"Government Higher Secondary School, Middle Building South Facing East Portion Room No.23, Nangur","1. Nangur (R.V) And (P), Madha Kovilstreet ward:7, 2. Nangur (R.V) And (P), Kannikoil Street ward:7, 3. Nangur (R.V) And (P), Pillaiyar Koilstreet ward:8, 4. Nangur (R.V) And (P), Tharangambadi Mainroad ward:8, 5. Nangur (R.V) And (P), Gandhi Street ward:6, 999.
OVERSEAS ELECTORS",Dravida Munnetra Kazhagam,300,270,3.4965034965034967
280,"Sirkali Panchayat Union Middle School, North Building South Facing West Portion, Kathiruppu","1. Kathiruppu (R.V) And (P), Thethakudi ward:3, 2. Kathiruppu (R.V) And (P), Vadapathi, Thenpathi ward:3, 3. Kathiruppu (R.V) And (P), Anna Nagar ward:3, 4. Kathiruppu (R.V) And (P), Middle Street ward:3, 5. Kathiruppu (R.V) And (P), Kovil Street, Yadava Street ward:3, 6. Kathiruppu (R.V) And (P), Thenpathi Street ward:3, 7. Kathiruppu (R.V) And (P), Sampanodai ward:3, 999. OVERSEAS ELECTORS",Tamilaga Vettri Kazhagam,282,272,1.2437810945273633
281,"Sirkali Panchayat Union Middle School, North Building South Facing East Portion, Kathiruppu","1. Kathiruppu (R.V) And (P), North Anjamanai ward:1, 2. Kathiruppu (R.V) And (P), Vadapathi East Street, Colony Street ward:1, 3. Kathiruppu (R.V) And (P), Mainroad ward:1, 4. Kathiruppu (R.V) And (P), Vadapathi Vellalar Street ward:1, 5. Kathiruppu (R.V) And (P), Thenpathi Street ward:1, 6. Kathiruppu (R.V) And (P), Kovil Street ward:1, 7. Kathiruppu (R.V) And (P), Sampanodai ward:3, 999. OVERSEAS ELECTORS",Dravida Munnetra Kazhagam,346,265,9.794437726723096
285,"Govt High School, West facing South wing South Portion, Vaithiyanathapuram","1. Kondathur (R.V) And (P), Olayamputhur ward:2, 2. Kondathur (R.V) And (P), South Pandaraodai ward:2, 3. Kondathur (R.V) And (P), Keelakondathur ward:3, 4. Kondathur (R.V) And (P), Melakondathur ward:3, 5. Kondathur (R.V) And (P), Tharkkas ward:3, 999.
OVERSEAS ELECTORS",Dravida Munnetra Kazhagam,319,269,5.605381165919283
287,"Panchayat Union Elementary School, New Building South Facing East Portion, Thirunanriyur","1. Natham (R.V) And (P), Natham Mainroad Street ward:3, 2. Natham (R.V) And (P), Natham Madhakoil Street ward:3, 3. Natham (R.V) And (P), Natham North Street ward:4, 4. Natham (R.V) And (P), Natham East Street ward:4, 5. Natham (R.V) And (P), Natham South Street ward:4, 6. Natham (R.V) And (P), Natham West Street ward:4, 7. Natham (R.V) And (P), Natham Anna Nagar ward:4, 999. OVERSEAS ELECTORS",Dravida Munnetra Kazhagam,271,228,6.332842415316642
289,"Panchayat Union Middle School,West facing East Builiding North Portion,Alaveli","1. Alaveli (R.V) And (P), Kaliyammankoil Street North ward:2, 2. Alaveli (R.V) And (P), Kaliyammankoil Street East ward:2, 3. Alaveli (R.V) And (P), Kaliyammankoil Street South ward:2, 4. Alaveli (R.V) And (P), New Street ward:2, 5. Alaveli (R.V) And (P), Thiruvalluvar Street ward:2, 6. Alaveli (R.V) And (P), Vaikkangarai Street ward:2, 7. Alaveli (R.V) And (P), Elayangudi Pillaiyarkoil Street ward:3, 8. Alaveli (R.V) And (P), Elayangudi Pillaiyarkoil Street ward:3, 9. Alaveli (R.V) And (P), Adaikkalapuram ward:3, 10. Alaveli (R.V) And (P), Adaikkalapuram Mainroad ward:3, 11. Alaveli (R.V) And (P), Elayangudi Mainroad ward:3, 999. OVERSEAS ELECTORS",All India Anna Dravida Munnetra Kazhagam,219,217,0.2898550724637681
293,"Sirkali Panchayat Union Middle School, North Facing Building West Portion,
Allivilagam","1. Sembathaniruppu (R.V) And (P), North street ward:4, 2. Sembathaniruppu (R.V) And (P), South Street ward:4, 999. OVERSEAS ELECTORS",Dravida Munnetra Kazhagam,315,211,13.52405721716515
297,"Panchayat Union Elementary School, Western building North Side Facing East, Radhanallur","1. Radhanallur (R.V) And (P), West Street ward:1, 2. Radhanallur (R.V) And (P), Elayamudhu Koodam ward:1, 3. Radhanallur (R.V) And (P), Panchayat Board Street ward:1, 4. Radhanallur (R.V) And (P), Colony Street ward:1, 5. Radhanallur (R.V) And (P),
Kaliyammankoil Street ward:1, 999. OVERSEAS ELECTORS",Tamilaga Vettri Kazhagam,250,203,7.413249211356467
298,"Panchayat Union Elementary School, North Side Building East Portion,
Radhanallur","1. Radhanallur (R.V) And (P), Sannanodai ward:1, 2. Radhanallur (R.V) And (P), Anna Nagar ward:2, 3. Radhanallur (R.V) And (P), New Street ward:2, 4. Radhanallur (R.V) And (P),
Dhasarpalayam ward:2, 999. OVERSEAS ELECTORS",Tamilaga Vettri Kazhagam,228,180,8.633093525179856
299,"Panchayat Union Elementary School, West Side Building South Portion Facing East, Radhanallur","1. Radhanallur (R.V) And (P), Kannikovil Street ward:2, 2. Radhanallur (R.V) And (P), Vadaprakasam Street ward:2, 3. Radhanallur (R.V) And (P), Prakasam Street ward:3, 4. Radhanallur (R.V) And (P), South Street ward:3, 5. Radhanallur (R.V) And (P),
Manmadhankoil Street ward:3, 999. OVERSEAS ELECTORS",Tamilaga Vettri Kazhagam,243,209,5.555555555555555
303,"Panchayat Union Middle School, Middle Building West Facing South Room, Manikramam","1. Manigramam (R.V) And (P), Salaikara Street ward:1, 2. Manigramam (R.V) And (P), Thenmanigramam ward:3, 3. Manigramam (R.V) And (P), Sampakattali ward:3, 4. Manigramam (R.V) And (P), Keelamanigramam ward:3, 999. OVERSEAS ELECTORS",Tamilaga Vettri Kazhagam,173,167,1.0169491525423728
304,"Panchayat Union Middle School, North Side East Portion, Manikramam","1. Manigramam (R.V) And (P), Thachu Street ward:2, 2. Manigramam (R.V) And (P), West Street ward:2, 3. Manigramam (R.V) And (P), Mainroad ward:2, 4. Manigramam (R.V) And (P),
East Street ward:2, 999. OVERSEAS ELECTORS",Dravida Munnetra Kazhagam,180,149,6.007751937984496
305,"Panchayat Union Middle School,South facing North building west
Portion,Manikramam","1. Manigramam (R.V) And (P), Sampakattalai ward:2, 2. Manigramam (R.V) And (P), South Street ward:3, 3. Manigramam (R.V) And (P), Poosari Street ward:3, 999. OVERSEAS
ELECTORS",Dravida Munnetra Kazhagam,153,100,14.520547945205479
