Polling Station No.,Location and Name of the Building in which Polling station is located,Polling Area,Winner_Party,Runner_Up_Party,Margin_Of_Victory,Margin_Percentage
3,"Panchayat Union Primary School, Mangalam South Facing East Side","1.Mangalam (P) And (R.V), Ward 1 main road salai
2.Mangalam (P) And (R.V), Ward 1 Nadu St 1
3.Mangalam (P) And (R.V), Ward 1 Kammalar St
4.Mangalam (P) And (R.V), Ward 1 Kudimi St
5.Mangalam (P) And (R.V), Ward 1 Perumal Koil St
6.Mangalam (P) And (R.V), Ward 1 Ponniamman Koil St
7.Mangalam (P) And (R.V), Ward 1 Perunkonraiyamman Koil St
8.Mangalam (P) And (R.V), Ward 1 Mariamman Koil St
9.Mangalam (P) And (R.V), Ward 1 Nadu St 2nd St
10.Mangalam (P) And (R.V), Ward 1 Pallikkuda St
11.Mangalam (P) And (R.V), Ward 1 Esu Koil St
12.Mangalam (P) And (R.V), Ward 1 Colony Graval Kula St 999.Overseas Electors",All India Anna Dravida Munnetra Kazhagam,Tamilaga Vettri Kazhagam,9,0.9911894273127754
4,"Panchayat Union Primary School, Nelvoy X Road North Facing West Side","1.Mangalam (P) And (R.V), Ward 2 Manchamman Koil St
2.Mangalam (P) And (R.V), Ward 2 Nelvoy Koottu Salai St
3.Mangalam (P) And (R.V), Ward 2 Madurantakam Nedunchalai
4.Mangalam (P) And (R.V), Ward 2 kanniamman koil st
5.Mangalam (P) And (R.V), Ward 2 Pallikuda St
6.Mangalam (P) And (R.V), Ward 2 krishnapuram salai
7.Mangalam (P) And (R.V), Ward 2 Pallikooda St 2nd St
8.Mangalam (P) And (R.V), Ward 2 Rajiv Gandhi St
9.Mangalam (P) And (R.V), Ward 2 EB St
10.Mangalam (p) And (R.V), Ward 2 dr ambedhkar st
11.Mangalam (P) And (R.V), Ward 2 Esu Koil St 2
12.Mangalam (P) And (R.V), Ward 2 pillaiyar koil st
13.Mangalam (P) And (R.V), Ward 2 Dr MGR St
14.Mangalam (P) And (R.V), Ward 2 Gangaiamman Koil St
15.Mangalam (P) And (R.V), Ward 2 Road St
16.Mangalam (P) And (R.V), Ward 2 Mariamman Koil St
17.Mangalam (P) And (R.V), Ward 2 Indrapuram Pallikuda St 999.Overseas Electors",Tamilaga Vettri Kazhagam,Dravida Munnetra Kazhagam,44,4.503582395087001
5,PANCHAYAT UNION PRIMARY SCHOOL KARIKILI EAST FACING EAST SIDE ROOM 1,"1.Karikili (P) And (R.V), Ward 1 Bajanai Koil Street
2.Karikili (P) And (R.V), Ward 2 Palla Street
3.Karikili (P) And (R.V), Ward1 Chithamur 3rd cross Street
4.Karikili (P) And (R.V), Ward 1 Chithamur 4th Street
5.Karikili (P) And (R.V), Ward 1 Chithamur Kulakkarai Street
6.Karikili (P) And (R.V), Ward 3 Chithamur Colony Main Road
7.Karikili (P) And (R.V), Ward 3 Chithamur Colony 3rd cross street
8.Karikili (P) And (R.V), Ward3 Chithamur Mariyamman Koil Street
9.Karikili (P) And (R.V), Ward3 Chithamur Rattina Kinaru Street
10.Karikili (P) And (R.V), Ward 1 Mariyamman Koil Street
11.Karikili (P) And (R.V), Ward1 Krishnapuram Main road
12.Karikili (P) And (R.V), Ward7 Kolathur main road
13.Karikili (P) And (R.V), Ward 6 Kolathur Dengu Street
14.Karikili (P) And (R.V), Ward 6 Kolathur mariyamman Koil St 999.Overseas Electors",Tamilaga Vettri Kazhagam,All India Anna Dravida Munnetra Kazhagam,20,3.454231433506045
12,Panchayat Union Primary School Karunagaracherry East Facing South Side,"1.Karunagaracherry (P) And (R.V), Ward 1 Thulukkanathamman Koil St
2.Karunagaracherry (P) And (R.V), Ward 1 Kulakkarai St
3.Karunagaracherry (P) And (R.V), Ward 2 Palla St
4.Karunagaracherry (P) And (R.V), Ward 2 Ammaniamman Koil St
5.Karunagaracherry (P) And (R.V), Ward 2 Irular Qtrs St
6.Karunagaracherry (P) And (R.V), Ward 2 Perumal Koil St
7.Karunagaracherry (P) AND (R.V), Ward 2 Salavakkam koot Road Main Road 999.Overseas Electors",Tamilaga Vettri Kazhagam,Dravida Munnetra Kazhagam,14,2.098950524737631
14,"Govt. High School, Primary Section building Pukkadurai South Facing North Side","1.Pukkathurai (P) And (R.V), Ward 1 Natarajapuram Highway St
2.Pukkathurai (P) And (R.V), Ward 1 Natarajapuram 3rd St
3.Pukkathurai (P) And (R.V), Ward 1 Natarajapuram Colony St
4.Pukkathurai (P) And (R.V), Ward 1 Samathuvapuram 1st St
5.Pukkathurai (P) And (R.V), Ward 1 Samathuvapuram 2nd St
6.Pukkathurai (P) And (R.V), Ward 1 Samathuvapuram 3rd St
7.Pukkathurai (P) And (R.V), Ward 1 Samathuvapuram 4th St
8.Pukkathurai (P) And (R.V), Ward 1 Samathuvapuram 5th St
9.Pukkathurai (P) And (R.V), Ward 2 Samathuvapuram Thapalmedu 999.Overseas Electors",Tamilaga Vettri Kazhagam,Dravida Munnetra Kazhagam,19,3.356890459363958
16,"Govt. High School, Primary Section building Pukkadurai South Facing","1.Pukkathurai (P) And (R.V), Ward 3 Pukkathurai Colony Qtrs
2.Pukkathurai (P) And (R.V), Ward 3 Pukkathurai Colony Qtrs
3.Pukkathurai (P) And (R.V), Ward 3 Pukkathurai Colony Qtrs
4.Pukkathurai (P) And (R.V), Ward 2 Pukkathurai Old Colony 2nd St
5.Pukkathurai (P) And (R.V), Ward 3 Pukkathurai Colony Qtrs 3rd
6.Pukkathurai (P) And (R.V), Ward 3 pukkathurai 5th st
7.Pukkathurai (P) And (R.V), Ward 3 Pukkathurai Qtrs New Colony 999.Overseas Electors",Tamilaga Vettri Kazhagam,Dravida Munnetra Kazhagam,9,1.66358595194085
17,"Panchayat Union Middle School, Mamandur Vadapathi North Facing","1.Mamandoor (P) And Mamandoor (R.V), Ward 1 vadapathi anna nagar
2.Mamandoor (P) And Mamandoor (R.V), Ward 1 Pettai St
3.Mamandur (P) Mamandur (R.V), Ward 1 Mettu St
4.Mamandur (P) Mamandur (R.V), Ward 1 mudhaliyar st
5.Mamandur (P) Mamandur (R.V), Ward 1 Sannathi St 999.Overseas Electors",Tamilaga Vettri Kazhagam,All India Anna Dravida Munnetra Kazhagam,10,1.805054151624549
18,"Panchayat Union Middle School, Mamandur Vadapathi North Facing","1.Mamandur (P) Mamandur (R.V), Ward 1 Irular Part
2.Mamandur (P) And Mamandur (R.V), Ward 2 vadapathi old colony 999.Overseas Electors",Dravida Munnetra Kazhagam,Tamilaga Vettri Kazhagam,8,1.204819277108434
19,"Panchayat Union Middle School, Mamandur Vadapathi North Facing","1.Mamandur (P) And Mamandur (R.V), Ward 1 Vadapathi New Colony
2.Mamandur (P) And Mamandur (R.V), Ward 1 Chembar Part
3.Mamandur (P) And Mamandur (R.V), Ward 1 checkpost
4.Mamandur (P) And Mamandur (R.V), Ward 1 Atrankarai 999.Overseas Electors",Dravida Munnetra Kazhagam,Tamilaga Vettri Kazhagam,10,1.626016260162602
24,"Panchayat Union Primary School,Ambedkar Nagar, Meyyur South Facing","1.Maiyur(P) And Maiyur(R.V), Ward 1 ambedkar nagar periya colony
2.Maiyur(P)AndMaiyur(R.V), Ward 1 Ambedkar nagar Thoguppu veethy
3.Maiyur(P)And Maiyur(R.V), Ward 1,2 anna nagar main road
4.Maiyur (P) And Maiyur (R.V), Ward 2 Maiyur Mettu st 999.Overseas Electors",All India Anna Dravida Munnetra Kazhagam,Tamilaga Vettri Kazhagam,31,3.075396825396825
25,"Govt. High School, Sithandi South Facing","1.Chethandi(P)And Chethandi(R.V), Ward 1 bharathiyar st
2.Chethandi(P) And Chethandi(R.V), Ward 1Annai Indiragandhi st
3.Chethandi (P) And Chethandi(R.V), Ward 1 Thiruvalluvar st
4.Chethandi(P) And Chethandi(R.V), Ward 1 Rajiv Gandhi st
5.Chethandi(P) And Chethandi(R.V), Ward 1 Doctor Ambedkar st
6.Chethandi(P)And Chethandi(R.V), Ward 1 V.O.Chidabaranar st
7.Chithandi(P)And Chithandi(R.V), Ward 1 Nehru st
8.Chithandi(P) And Chithandi(R.V), Ward 2 Kattabomman st
9.Chithandi (p) And Chithandi(R V), Ward 1 Nethaji st 999.Overseas Electors",Tamilaga Vettri Kazhagam,Dravida Munnetra Kazhagam,11,1.453104359313078
30,Panchayat Union Middle School Pazhiyanur West Facing North Side,"1.Pazhiyanur (P) And (R.V), Ward pakavan koil street
2.Pazhiyanur (P) And (R.V), Ward 2 Vampathamman Koil Street 999.Overseas Electors",Tamilaga Vettri Kazhagam,Dravida Munnetra Kazhagam,19,2.592087312414734
32,Panchayat Union Middle School Pazhiyanur West Facing North Side Room 5,"1.Pazhiyanur (P) And (R.V), Ward 1 thulukanathamman koil st
2.Pazhiyanur (P) And (R.V), Ward 3 Agraharam St
3.Pazhiyanur (P) And (R.V), Ward 3 Cheyyur Salai
4.Pazhiyanur (P) And (R.V), Ward 2 Yadhavar St
5.Pazhiyanur (P) And (R.V), Ward 3 mudhaliyar st 999.Overseas Electors",Tamilaga Vettri Kazhagam,Dravida Munnetra Kazhagam,31,3.186022610483042
38,Panchayat Union Middle School Vedavakkam West facing North side,"1.Andavakkam (P) And (R.V), Ward 3 Colony Mariyamman St
2.Andavakkam (P) And (R.V), Ward 3 Colony Mariyamman 2nd St
3.Andavakkam (P) And (R.V), Ward 3 Colony Kizhandai St
4.Andavakkam (P) And (R.V), Ward 3 Colony 1st Cross St
5.Andavakkam (P) And (R.V), Ward 3 Colony 2nd Cross St
6.Andavakkam (P) And (R.V), Ward 1 AntavakkamVillage 1st St
7.Andavakkam (P) And (R.V), Ward 1 Pillaiyar Koil St
8.Andavakkam (P) And (R.V), Ward 1 Pillaiyar Koil 2nd St
9.Andavakkam (P) And (R.V), Ward 1 Erikkarai St
10.Andavakkam (P) And (R.V), Ward 1 Mettu St
11.Andavakkam (P) And (R.V), Ward 1 Thiruvalluvar Nagar
12.Andavakkam (P) And (R.V), Ward 1 Mettu St
13.Andavakkam (P) And (R.V), Ward 2 Colony 1st
14.Andavakkam (P) And (R.V), Ward 2 Udukkattu Ellaiyamman Koil St
15.Andavakkam (P) And (R.V), Ward 2 Colony Mettu St
16.Andavakkam (P) And (R.V), Ward 2 Colony Kilantai St 999.Overseas Electors",Dravida Munnetra Kazhagam,All India Anna Dravida Munnetra Kazhagam,29,3.348729792147806
41,GOVT.HIGHER SEC. SCHOOL VEDANTHANGAL ROOM OFFICE WEST FACING NORTH SIDE,"1.Vedanthangal (P) And (R.V), Ward 1 Manickam St
2.Vedanthangal (P) And (R.V), Ward 1 Bajanai Koil St
3.Vedanthangal (P) And (R.V), Ward 1 Loganathan St
4.Vedanthangal (P) And (R.V), Ward 1 Chithathur main road
5.Vedanthangal (P) And (R.V), Ward 1 Pillaiyar Koil St
6.Vedanthangal (P) And (R.V), Ward 1 Pasuvan Naidu St
7.Vedanthangal (P) And (R.V), Ward 1 Gengaiamman Koil St
8.Vedanthangal (P) And (R.V), Ward 1 Chithathur Colony 1st Cross St
9.Vedanthangal (P) And (R.V), Ward 1 Chithathur Colony 2nd Cross St
10.Vedanthangal (P) And (R.V), Ward 2 Chithathur main 1st st
11.Vedanthangal (P) And (R.V), Ward 2 Thulukkanathamman Koil St
12.Vedanthangal (P) And (R.V), Ward 2 Chithathur 2nd main road
13.Vedanthangal (P) And (R.V), Ward 2 Chithathur main road
14.Vedanthangal (P) And (R.V), Ward 2 Thuraiyur Main road
15.Vedanthangal (P) And (R.V), Ward 2 Thuraiyur main road
16.Vedanthangal (P) And (R.V), Ward 2 Thuraiyur Colony Main road
17.Vedanthangal (P) And (R.V), Ward 3 Thuraiyur 1st Cross St
18.Vedanthangal (P) And (R.V), Ward 3 Thuraiyur Colony 2nd cross st 999.Overseas Electors",Tamilaga Vettri Kazhagam,Dravida Munnetra Kazhagam,16,2.888086642599278
42,GOVT.HIGHER SEC. SCHOOL ROOM OFFICE EAST FACING SOUTH SIDE,"1.Vedanthangal (P) And (R.V), Ward 3 Vinayaga nallur Kulakkarai St
2.Vedanthangal (P) And (R.V), Ward 3 Vinayaganallur Bajanai Koil St
3.Vedanthangal (P) And (R.V), Ward 3 Kakkan Kollai St
4.Vedanthangal (P) And (R.V), Ward 3 Vinayaganallur Road
5.Vedanthangal (P) And (R.V), Ward3 Irular St
6.Vedanthangal (P) And (R.V), Ward 3 Vinayaga nallur Kadaisi St
7.Vedanthangal (P) And (R.V), Ward 3 Vinayaganallur Anna St
8.Vedanthangal (P) And (R.V), Ward 3 Vinayaganallur Ambedkar St
9.Vedanthangal (P) And (R.V), Ward 3 Vinayaganallur Indra gandhiSt
10.Vedanthangal (P) And (R.V), Ward 3 Vinayaganallur Nehru St
11.Vedanthangal (P) And (R.V), Ward 3 Vinayaganallur Gandhi St
12.Vedanthangal (P) And (R.V), Ward 3 Erikkarai St 999.Overseas Electors",Dravida Munnetra Kazhagam,Tamilaga Vettri Kazhagam,8,1.265822784810127
43,Panchayat Union Middle School Vellaputhur North facing East side,"1.Vellaputhur (P) And (R.V), Ward 1 Palakadu
2.Vellaputhur (P) And (R.V), Ward1 Andimedu
3.Vellaputhur (P) And (R.V), Ward1 Mettu Street
4.Vellaputhur (P) And (R.V), Ward1 Chelliamman Koil Street
5.Vellaputhur (P) And (R.V), Ward 1 Kanniyamman Koil Street
6.Vellaputhur (P) And (R.V), Ward 1 Arunthathipalayam
7.Vellaputhur (P) And (R.V), Ward1 Kallankollai
8.Vellaputhur (P) And (R.V), Ward1 Ambedkar Nagar
9.Vellaputhur (P) And (R.V), Ward1 Sungakkollai
10.Vellaputhur (P) And (R.V), Ward2 Pillaiyar Koil Street
11.Vellaputhur (P) And (R.V), Ward2 Throwpathikoil Street
12.Vellaputhur (P) And (R.V), Ward2 Kaliyamman Koil Street
13.Vellaputhur (P) And (R.V), Ward2 Padacettamman Koil St
14.Vellaputhur (P) And (R.V), Ward2 Padavettamman Koil Cross St 999.Overseas Electors",Dravida Munnetra Kazhagam,Tamilaga Vettri Kazhagam,15,1.565762004175365
46,"Panchayat Union Middle School, Theettalam South Facing Room No 1","1.Theettalam (P) And (R.V), Ward 1 arunthathi muthu mariyamman koil st
2.Theettalam (P) And (R.V), Ward 1 Theettalam village main road
3.Theettalam (P) And (R.V), Ward 2 Annanagar Colony st
4.Theettalam (P) And (R.V), Ward 1 Kulakkarai St
5.Theettalam (P) And (R.V), Ward 1 kulakarai mettu st
6.Theettalam (P) And (R.V), Ward 1 Kozhiyalam main salai
7.Theettalam (P) And (R.V), Ward 1 Ellalaiyamman koil st
8.Theettalam (P) And (R.V), Ward 1 Yadavar Street
9.Theettalam (P) And (R.V), Ward 1 Arasamara Street
10.Theettalam (P) And (R.V), Ward 1 Kizhakku Street
11.Theettalam (P) And (R.V), Ward 1 Bajanai Koil Street
12.Theettalam (P) And (R.V), Ward 1 Nadu Street
13.Theettalam (P) And (R.V), Ward 1 Mettu Street 999.Overseas Electors",All India Anna Dravida Munnetra Kazhagam,Dravida Munnetra Kazhagam,17,3.300970873786408
50,PANCHAYAT UNION PRIMARY SCHOOL L.ENDATHUR SOUTH FACING EAST SIDE,"1.L. Endathur (P) And (R.V), Ward 2 bharathi nagar mgr nagar
2.L. Endathur (P) And (R.V), Ward 1 Perumal Koil st
3.L. Endathur (P) And (R.V), Ward 1 Mariyamman Koil St
4.L. Endathur (P) And (R.V), Ward 1 Nethaji St
5.L. Endathur (P) And (R.V), Ward 1 Annai Therasa St
6.L. Endathur (P) And (R.V), Ward 1 Bazar St
7.L. Endathur (P) And (R.V), Ward 1 Mettu St
8.L. Endathur (P) And (R.V), Ward 1 Varasakthi Vinayagar Koil St
9.L. Endathur (P) And (R.V), Ward 1 Kanniamman Koil St
10.L. Endathur (P) And (R.V), Ward 1 Osuramman Koil Kurukku St
11.L. Endathur (P) And (R.V), Ward 1 Thropathiamman Koil St
12.L. Endathur (P) And (R.V), Ward 1 Thurkaiamman Koil St
13.L. Endathur (P) And (R.V), Ward 2 Mariamman Koil St 999.Overseas Electors",All India Anna Dravida Munnetra Kazhagam,Dravida Munnetra Kazhagam,38,4.134929270946682
54,"Panchayat Union Middle School, Perumbakkam South facing","1.Perumbakkam (P) And (R.V), Ward 3 Perumbakkam 7st Street
2.Perumbakkam (P) And (R.V), Ward 3 Perumbakkam 8 st Street
3.Perumbakkam (P) And (R.V), Ward 3 Perumbakkam 9th Street
4.Perumbakkam (P) And (R.V), Ward 3 Perumbakkam 10th street
5.Perumbakkam (P) And (R.V), Ward 1 Koodapakkam 1st Street
6.Perumbakkam (P) And (R.V), Ward 1 Koodapakkam 2nd Street
7.Perumbakkam (P) And (R.V), Ward 1 Koodapakkam 3th st
8.Perumbakkam (P) And (R.V), Ward 1 Koodappakkam 4th st
9.Perumbakkam (P) And (R.V), Ward 1 Koodappakkam 5 th st
10.Perumbakkam (P) And (R.V), Ward 1 Koodappakkam 6th St
11.Perumbakkam (P) And (R.V), Ward 1 Koodappakam 7th st
12.Perumbakkam (P) And (R.V), Ward 1 Koodappakam 8th st
13.Perumbakkam (P) And (R.V), Ward1 Reddiyar Street 999.Overseas Electors",Tamilaga Vettri Kazhagam,All India Anna Dravida Munnetra Kazhagam,28,3.530895334174023
55,PANCHAYAT UNION PRIMARY SCHOOL THANDARAIPUDUCHERRY WEST FACING,"1.Thandaraipuducherry (P) And (R.V), Ward 1 Puducherry Udaiyar St
2.Thandaraipuducherry (P) And (R.V), Ward 1 Puducherry Rajiv Gandhi St
3.Thandaraipuducherry (P) And (R.V), Ward 1 Puducherry Villae Dr St
4.Thandaraipuducherry (P) And (R.V), Ward 1 Thiruvalluvar St
5.Thandaraipuducherry (P) And (R.V), Ward 1 Uthukottai St
6.Thandaraipuducherry (P) And (R.V), Ward 1 Kambar St
7.Thandaraipuducherry (P) And (R.V), Ward 1 M G R St
8.Thandaraipuducherry (P) And (R.V), Ward 1 Pillaiyar Koil St
9.Thandaraipuducherry (P) And (R.V), Ward 1 Annai indra St
10.Thandaraipuducherry (P) And (R.V), Ward 1 Puducerry then
11.Thandaraipuducherry (P) And (R.V), Ward 1 Puducherry North
12.Thandaraipuducherry (P) And (R.V), Ward 1 Thandarai village
13.Thandaraipuducherry (P) And (R.V), Ward 1 Thandarai Village Tharuma 999.Overseas Electors",All India Anna Dravida Munnetra Kazhagam,Dravida Munnetra Kazhagam,15,2.021563342318059
57,Panchayat Union Middle School Puthupattu East Facing,"1.Puthupatu (P) Pillanthikuppam (P) And (R.V), Ward 1 pillanthikuppam village st
2.Puthupatu (P) Pillanthikuppam (R.V), Ward 1 Pillanthikuppam Colony St
3.Puthupatu (P) Sathamai and (R.V), Ward 2 Sathamai main Road
4.Puthupatu (P) Sathamai (R.V), Ward 2 East St
5.Puthupatu (P) Sathamai And (R.V), Ward 2 Sathamai Colony Main Road
6.Puthupatu (P) Sathamai (R.V), Ward 2 Sathamai 1st St
7.Puthupatu (P) Sathamai (R.V), Ward 2 Sathamai 2nd St
8.Pudupattu (P) Sathamai (R.V), Ward 2 Malai Mettu Colony St
9.Puthupattu (p) Sathamai (R.V), Ward 2 Village St
10.Puthupattu (P) Sathamai (R.V), Ward 2 Kulakkarai St
11.Puthupattu (P) Sathamai (R.V), Ward 2 Sathamai Mettu St
12.Puthupattu (P) And (R.V), Ward 3 Puthupattu Colony St
13.Puthupattu (P) And (R.V), Ward 3 Puthupattu Mettu Colony
14.Puthupattu (P) And (R.V), Ward 3 Puthupattu Malai Mettu Colony
15.Puthupattu (P) And (R.V), Ward 3 puthupattu old colony Street
16.Puthupattu (P) And (R.V), Ward 3 Millai Nagar St
17.Puthupattu (P) And (R.V), Ward 3 Rankadas Nagar 1st St
18.Puthupattu (P) And (R.V), Ward 3 Rangadas Nagar 2nd St
19.Puthupattu (P) And (R.V), Ward 3 Rangadas Nagar 3rd St 999.Overseas Electors",Tamilaga Vettri Kazhagam,All India Anna Dravida Munnetra Kazhagam,24,2.597402597402597
59,"Panchayat Union Primary School, Melavalampettai west facing North side","1.Melavallam village, Ward1 melavallam pettai china
2.Melavallam village, Ward1 Melavallam Pettai Perriya Street
3.Melavallam village, Ward1 kollu muthali street
4.Melavallam Village, Ward1 Thirukazukundram Bazar Street
5.Melavallam village, Ward2 Melavallam G.S.T. Salai 999.Overseas Electors",Dravida Munnetra Kazhagam,Tamilaga Vettri Kazhagam,1,0.1745200698080279
60,"Panchayat Union Primary School, Melavalampettai North facing East side","1.Melavallam village, Ward1 malavi pettai
2.Melavallam Village, Ward14 Gannakirresvaran Pettai
3.Melavallam village, Ward15 palla pettai 999.Overseas Electors",Dravida Munnetra Kazhagam,All India Anna Dravida Munnetra Kazhagam,17,2.294197031039137
62,Govt.Higher Secondary School Melavalam South Facing Room No 1,"1.Karukuzhi, Ward3 magalakshmi nagar
2.Karukuzhi, Ward3 Thirukazikundaram Arisi Aalai Street
3.Karukuzhi, Ward3 thirukazikundram salai
4.Karukuzhi, Ward3 amothagarpaga vinayagar koil street
5.Karunkuzhi, Ward 3 Melavalam Hr.Sec.School Salai
6.Karukuzhi, Ward5 nesavallar street
7.Karukuzhi, Ward3 Seshama Nagar 999.Overseas Electors",All India Anna Dravida Munnetra Kazhagam,Dravida Munnetra Kazhagam,11,1.864406779661017
63,Govt Hr Sec School Melvalam South Facing Room No 2,"1.Karukuzhi, Ward3 pazaya colony street
2.Karukuzhi, Ward2 Bairavi Street
3.Karukuzhi, Ward2 Kuttai Street
4.Karukuzhi, Ward2 1st street
5.Karukuzhi, Ward2 Mayana Street 999.Overseas Electors",Tamilaga Vettri Kazhagam,All India Anna Dravida Munnetra Kazhagam,18,3.290676416819013
64,Govt.High School Malaipalayam West facing South side I St Standard (Room no.1),"1.Karukuzhi, Ward11 adisan thoppu
2.Karukuzhi, Ward11 Adisan Thoppu Kurukku Street
3.Karukuzhi, Ward11 anumantha kuppam
4.Karukuzhi, Ward11 Mettu Street Anamatha Kuttai
5.Karukuzhi, Ward11 Malaiyadivaram Anumantha Kuppam
6.Karukuzhi, Ward12 eari colony 1st street
7.Karukuzhi, Ward12 Bajanai Koil Kuruku Street
8.Karukuzhi, Ward12 bajanai koil street
9.Karukuzhi, Ward12 1st Quartares Street
10.Karukuzhi, Ward12 2nd Quarters Street
11.Karukuzhi, Ward12 Quarters Cross Street 999.Overseas Electors",Tamilaga Vettri Kazhagam,All India Anna Dravida Munnetra Kazhagam,26,3.303684879288437
65,Govt.High School Malaipalayam West facing South side II nd Standard (Room no.2),"1.Karukuzhi, Ward13 periya colony main road
2.Karukuzhi, Ward13 Periya Palaiyathamman Koil Street
3.Karukuzhi, Ward13 1st sandu Periya Colony
4.Karukuzhi, Ward T.V. Room Street
5.Karukuzhi, Ward13 T.V. Room Opposit Street
6.Karukuzhi, Ward13 2nd Sandu Periya Colony
7.Karukuzhi, Ward 3rd Street Cement Road
8.Karukuzhi, Ward13 Gannabigai Pettai
9.Karukuzhi, Ward11 Bangla Street
10.Karukuzhi, Ward13 theedir nagar 999.Overseas Electors",Tamilaga Vettri Kazhagam,Dravida Munnetra Kazhagam,26,3.286978508217446
67,Govt.High School Malaipalayam West facing North Side,"1.Karungkuzhi, Ward9 Malaiyadivaram
2.Karungkuzhi, Ward10 valluvar street
3.Karungkuzhi, Ward10 Pallikuda Street
4.Karungkuzhi, Ward10 Ellammal Koil Street
5.Karungkuzhi, Ward10 Mettu Street Bangala Colony
6.Karungkuzhi, Ward10 Bangala Thoppu
7.Karungkuzhi, Ward10 Thedeel Nagar
8.Karungkuzhi, Ward10 Lane Street 999.Overseas Electors",Dravida Munnetra Kazhagam,Tamilaga Vettri Kazhagam,2,0.3115264797507788
72,"Govt.High.School, Kallabiranpuram East facing building","1.Kallabiranpuram (P) And (R.V), Ward GST St
2.Kallabiranpuram (P) And (R.V), Ward 3 Mettu St
3.Kallabiranpuram (P) And (R.V), Ward3 Pillaiyar Koil Street
4.Kallabiranpuram (P) And (R.V), Ward3 Selliyamman Koil Street
5.Kallabiranpuram (P) And (R.V), Ward3 Aruthathiyar Street
6.Kallabiranpuram (P) And (R.V), Ward2 Pajanai Koil Street
7.Kallabiranpuram (P) And (R.V), Ward2 colony puthu street
8.Kallabiranpuram (P) And (R.V), Ward2 Colony Mettu Street 999.Overseas Electors",Tamilaga Vettri Kazhagam,Dravida Munnetra Kazhagam,37,4.111111111111112
73,"Govt.High.School, Kallabiranpuram East facing building","1.Kallabiranpuram (P) And (R.V), Ward2 Pallastreet
2.Kallabiranpuram (P) And (R.V), Ward2 colony pillaiyar koil street
3.Kallabiranpuram (P) And (R.V), Ward2 Ottar Street
4.Kallabiranpuram (P) And (R.V), Ward2 Pillaiyar Koil Street
5.Kallabiranpuram (P) And (R.V), Ward2 kuruku street
6.Kallabiranpuram (P) And (R.V), Ward Neyikuppi Village Mettu Street
7.Kallabiranpuram (P) And (R.V), Ward Neyi Village Palla Street
8.Kallabiranpuram (P) And (R.V), Ward1 Throbathiyamman Koil Street
9.Kallabiranpuram (P) And (R.V), Ward2 Anthiyamman Koil Street
10.Kallabiranpuram (P) And (R.V), Ward2 New Colony
11.Kallabiranpuram (P) And (R.V), Ward1 Pazaya Colony 999.Overseas Electors",All India Anna Dravida Munnetra Kazhagam,Tamilaga Vettri Kazhagam,1,0.1420454545454546
74,"Panchayat Union Middle School, Padalam South Facing West Side","1.Padalam (P) And (R.V), Ward 2 kuyavar st
2.Padalam (P) And (R.V), Ward 2 Kanakkar
3.Padalam (P) And (R.V), Ward 2 Chetty medu Main Road
4.Padalam (P) And (R.V), Ward 2 New Colony St
5.Padalam (P) And (R.V), Ward 2 Middle Colony St
6.Padalam (P) And (R.V), Ward 2 Mettu Colony St 999.Overseas Electors",All India Anna Dravida Munnetra Kazhagam,Tamilaga Vettri Kazhagam,9,1.062573789846517
75,"Panchayat Union Middle School, Padalam South Facing East Side","1.Padalam (P) And (R.V), Ward 2 peria st
2.Padalam (P) And (R.V), Ward 2 Chinna St
3.Padalam (P) And (R.V), Ward 2 Vijay Nagar St
4.Padalam (P) And (R.V), Ward 2 Eswaran Koil St
5.Padalam (P) And (R.V), Ward 2 Vettaikarar St
6.Padalam (P) And (R.V), Ward 2 Padalam Alai Qtrs
7.Padalam (P) And (R.V), Ward 2 Kanniamman Koil St
8.Padalam (P) And (R.V), Ward 2 Padalam Cheyyur Road Street 999.Overseas Electors",All India Anna Dravida Munnetra Kazhagam,Tamilaga Vettri Kazhagam,5,0.8710801393728222
77,"Panchayat Union Middle School, Padalam, East Facing South Side","1.Padalam (P) And (R.V), Ward 3 Padalam Uthukkadu Amman Koil St
2.Padalam (P) And (R.V), Ward 3 Padalam Madhakoil St
3.Padalam (P) And (R.V), Ward 3 Padalam Gangaiamman Koil St
4.Padalam (P) And (R.V), Ward 3 Padalam New Colony Main Road 999.Overseas Electors",Tamilaga Vettri Kazhagam,All India Anna Dravida Munnetra Kazhagam,36,4.49438202247191
79,Adi-Dravidar Welfare Primary School Pathur South Facing,"1.Lakshminarayanapuram (P) And (R.V), Ward 3 Arasar Kovil varatharajaparumal St
2.Lakshminarayanapuram (P) And (R.V), Ward 3 Arasar kovil Village Mettu Street
3.Lakshminarayanapuram (P) And (R.V), Ward 2 Chettymedu Padalam cheyyur Road
4.Lakshminarayanapuram (P) And (R.V), Ward 2 chettymedu colany atthoram St
5.Lakshminarayanapuram (P) And (R.V), Ward 2 Chettimedu Patthur Salai
6.Lakshminarayanapuram (P) And (R.V), Ward 2 Chettimedu Colony Kavankarai Street
7.Lakshminarayanapuram (P) And (R.V), Ward 2 Chettymedu Colony Palla Steet
8.Lakshminarayanapuram (P) And (R.V), Ward 2 Chettymedu Village Kavalankarai Street
9.Lakshminarayanapuram (P) And (R.V), Ward 2 Chettymedu Colony Madha Koil Steet
10.Lakshminarayanapuram (P) And (R.V), Ward 1 pathur village mettu street
11.Laksmi narayanapuram (P) And (R.V), Ward 1 paththuoor kalani periya st
12.Lakshmi Narayanapuram (P) And (R.V), Ward 1 Mazhuvankoillai Colony Nadu Steet
999.Overseas Electors",Tamilaga Vettri Kazhagam,Dravida Munnetra Kazhagam,14,1.609195402298851
83,Panchayat Union Middle School Essur north face building,"1.Pudur (P) And (R.V), Ward 1 agrahara st
2.Pudur (P) And (R.V), Ward 1 Theradi St
3.Pudur (P) And (R.V), Ward 2 Bajanai Koil St
4.Pudur (P) And (R.V), Ward 3 Kulakkarai St
5.Pudur (P) And (R.V), Ward 3 Ponniamman Koil St
6.Pudur (P) And (R.V), Ward 3 Thatchoor Neelamangalam Road
7.Pudur (P) And (R.V), Ward 3 Thirukalikundram Road 999.Overseas Electors",All India Anna Dravida Munnetra Kazhagam,Dravida Munnetra Kazhagam,23,3.50609756097561
86,"R.C.Mission High School, Main building, Thatchur East Facing East Side","1.Kunnathur (P) And (R.V), Ward 3 thachur colony thakkaraithangal
2.Kunnathur (P) And (R.V), Ward 3 Thatchoor Colony Sudukadu St
3.Kunnathur (P) And (R.V), Ward 3 Thatchoor Colony Palla St
4.Kunnathur (P) And (R.V), Ward 4 Thatchoor Arunthathi Palayam Vanathu Chinnappar Koil St
5.Kunnathur (P) And (R.V), Ward 4 Thatchur Arunthathiyar Palayam Metu St
6.Kunnathur (P) And (R.V), Ward 4 Thachur Palayam Madhakoil Street
7.Kunnathur (P) And (R.V), Ward 4 Thatchurpalayam Palla St
8.Kunnathur (P) And (R.V), Ward 4 Thatchur Koot Road Mada Koil St
9.Kunnathur (P) And (R.V), Ward 4 Thatchoor KootRoad Madurantagam Salai
10.Kunnathur (P) And (R.V), Ward 4 Thatchur Neelamangalam Salai 999.Overseas Electors",Tamilaga Vettri Kazhagam,Dravida Munnetra Kazhagam,24,3.061224489795918
89,Panchayat Union Primary school Kizhapattu North Facing East Side,"1.Veeranakunnam (P) And (R.V), Ward 1 c s i charch st (colany)
2.Veeranakunnam (P) And (R.V), Ward 3 Meatu Colany
3.Veeranakunnam (P) And (R.V), Ward 3 1st St (Colany)
4.Veeranakunnam (P) And (R.V), Ward 3 2nd St (Colany)
5.Veeranakunnam (P) And (R.V), Ward 3 3rd St (Colany)
6.Veeranakunnam (P) And (R.V), Ward 3 Barathiyar (Yur)
7.Veeranakunnam (P) And (R.V), Ward 3 Mettu St
8.Veeranakunnam (P) And (R.V), Ward 3 Poonniyamman Koil St
9.Veeranakunnam (P) And (R.V), Ward 3 Pillaiyar Koil St
10.Veeranakunnam (P) And (R.V), Ward 3 Ambathkar Nagar
11.Veeranakunnam (P) And (R.V), Ward 3 Irular Colany 999.Overseas Electors",All India Anna Dravida Munnetra Kazhagam,Dravida Munnetra Kazhagam,10,1.715265866209263
90,Panchayat Union Middle School Kinar East facing North Side,"1.Kinar (P) And (R.V), Ward 1 thottanaval highway street
2.Kinar (P) And (R.V), Ward1 Thottanaval 1st Cross Street
3.Kinar (P) And (R.V), Ward1 Thottanaval 2nd Street
4.Kinar (P) And (R.V), Thotanaval 3rd cross street
5.Kinar (P) And (R.V), Ward 1 Thandu Mariyamman Koil Street
6.Kinar (P) And (R.V), Ward1 palli sellum street
7.Kinar (P) And (R.V), Ward1 kinar mettu street
8.Kinar (P) And (R.V), Ward1 Mettu Colony 1st Cross Street
9.Kinar (P) And (R.V), Ward1 Ellaiyamman Koil Street
10.Kinar (P) And (R.V), Ward1 Kinar Mettu Colony Nedusalai Street
11.Kinar (P) And (R.V), Ward1 Bajanai Koil Street
12.Kinar (P) And (R.V), Ward 3 Perumal Koil Street
13.Kinar (P) And (R.V), Ward 3 Muthu Mariamman Koil Street 999.Overseas Electors",All India Anna Dravida Munnetra Kazhagam,Tamilaga Vettri Kazhagam,32,3.242147922998987
91,Panchayat Union Middle School Kinar North facing South Side,"1.Kinar (P) And (R.V), Ward 3 village highway street
2.Kinar (P) And (R.V), Ward 3 Biramanar Veethi
3.Kinar (P) And (R.V), Ward 3 Eswaran Koil Street
4.Kinar (P) And (R.V), Ward 3 gramani street
5.Kinar (P) And (R.V), Ward 3 Oodai Street
6.Kinar (P) And (R.V), Ward 3 Kinar Colony Highway Street
7.Kinar (P) And (R.V), Ward 3 Kinar Colony Keezhandai Street
8.Kinar (P) And (R.V), Ward 3 Gangaiamman Koil Street
9.Kinar (P) And (R.V), Ward 3 kinar colony 1st street
10.Kinar (P) And (R.V), Ward3 Erubakkam Village Railway Street
11.Kinar (P) And (R.V), Ward3 Erupakkam Colony 1st Street
12.Kinar (P) And (R.V), Ward2 erupakkam colony 3rd street
13.Kinar (P) And (R.V), Ward3 Erupakkam Colony 3rd Street
14.Kinar (P) And (R.V), Ward3 Erubakkam Colony Ambathkar Street
15.Kinar (P) And (R.V), Ward3 Thulukanathamman Koil Street 999.Overseas Electors",Dravida Munnetra Kazhagam,All India Anna Dravida Munnetra Kazhagam,4,0.4052684903748734
94,Panchayat Union Middle school Karunkuzhi West Facing South Side,"1.Karunguzhi, Ward6 pavazagaraveethi
2.Karunguzhi, Ward6 Bramana Street
3.Karunguzhi, Ward5 Bajanai Koil Street
4.Karunguzhi, Ward5 Tharmaraja Koil Street
5.Karunguzhi, Ward5 vayani vinayagar koil street
6.Karunguzhi, Ward5 Durai Kullakarai
7.Karunguzhi, Ward5 Settipettai Cement Street 999.Overseas Electors",All India Anna Dravida Munnetra Kazhagam,Tamilaga Vettri Kazhagam,3,0.495049504950495
96,C.S.I.Middle School Karunkuzhi South Facing East Side,"1.Karunguzhi, Ward7 Rettikulam
2.Karunguzhi, Ward G.S.T. Road
3.Karunguzhi, Ward7 Pillaiyar Koil Street West
4.Karunguzhi, Ward7 Pillaiyar Koil Street North
5.Karunguzhi, Ward7 Pillaiyar Koil East
6.Karunguzhi, WArd7 Komutti Street
7.Karunguzhi, Ward7 Old Post Office Street
8.Karunguzhi, Ward8 Saththani Street
9.Karunguzhi, Ward8 Nathavethar Street 999.Overseas Electors",Tamilaga Vettri Kazhagam,Dravida Munnetra Kazhagam,3,0.4665629860031105
98,Agasthiyasamy ITI East facing Madurantakam,"1.Mathuranthagam, Ward6 rangan street
2.Mathuranthagam, Ward1 G.S.T. Road 999.Overseas Electors",All India Anna Dravida Munnetra Kazhagam,Tamilaga Vettri Kazhagam,10,2.73224043715847
99,Agasthiyasamy ITI East facing Madurantakam,"1.Mathuranthagam, Ward1 selliyamman theradi street
2.Mathuranthagam, Ward1 Vengadaeswara Nagar
3.Mathuranthagam, Ward1 Rajabather Nagar 999.Overseas Electors",Tamilaga Vettri Kazhagam,Dravida Munnetra Kazhagam,19,2.741702741702742
102,"PTNVKS Middle School, Chelliamman Theradi Street South Facing West Side","1.Mathuranthagam, Ward5 rangasami street
2.Mathuranthagam, Ward5 Kumith Street
3.Madurantakam M, Ward 4 Mettu Street
4.Mathuranthagam, Ward4 Kambar Street
5.Mathuranthagam, Ward4 Narayanan Street
6.Maduranthagam (T), Ward 2 Mettu Street 999.Overseas Electors",Tamilaga Vettri Kazhagam,All India Anna Dravida Munnetra Kazhagam,10,1.470588235294118
103,"PTNVKS Middle School, Chelliamman Theradi Street South Facing East Side","1.Mathuranthagam, Ward3 Santhikarai Street
2.Mathuranthagam, Ward3,5 Solliyamman Theradi Street
3.Mathuranthagam, Ward3 Solliyamman Theradi 1st Street 999.Overseas Electors",Tamilaga Vettri Kazhagam,All India Anna Dravida Munnetra Kazhagam,6,0.8968609865470852
105,Gengusamy Matriculation High School North Facing,"1.Mathuranthagam, Ward5 kottanagara street
2.Mathuranthagam, Ward9 Rajaji Street
3.Mathuranthagam, Ward Sundarram Nagar
4.Mathuranthagam, Ward10 Santhai 2nd Street 999.Overseas Electors",Tamilaga Vettri Kazhagam,All India Anna Dravida Munnetra Kazhagam,2,0.4597701149425287
107,Saint Josap Matriculation Higher secondary schoolMaduranthagam North facing East Side building,"1.Mathuranthagam, Ward11 Mandabam Cross Street
2.Mathuranthagam, Ward11 bharathiyar nagar main road
3.Mathuranthagam, Ward11 Bharathiyar Nagar 1st Street
4.Mathuranthagam, Ward11 Bharathiyar Nagar 2nd Street
5.Mathuranthagam, Ward11 Bharathiyar Nagar 3rd Street
6.Mathuranthagam, Ward11 Bharathiyar Nagar 4th Street
7.Mathuranthagam, Ward11 Bharathiyar Nagar 5th Street
8.Mathuranthagam, Ward11 Bharathiyar Nagar 6th Street
9.Mathuranthagam, Ward11Bharathiyar Nagar 7th Street
10.Mathuranthagam, Ward11 bharathiyar nagar 8th street
11.Mathuranthagam, Ward11 Bharathiyar Nagar 10th Street
12.Mathuranthagam, Ward11 Bharathiyar Nagar 11th Street
13.Mathuranthagam, Ward11 Bharathiyar 1st Cross Street
14.Mathuranthagam, Ward11 Bharathiyar 3rd Cross Street
15.Maduranthagam (T), Ward 2 Barathiyar Nagar 2nd Cross Street 999.Overseas Electors",Dravida Munnetra Kazhagam,Tamilaga Vettri Kazhagam,21,4.117647058823529
108,SriAgobila madam Samaskirutha collegeMaduranthagam north st building first room,"1.Mathuranthagam, Ward8 bharathsarathi street
2.Mathuranthagam, Ward8 Pazhaya Police Line
3.Mathuranthagam, Ward8 New Police Line
4.Mathuranthagam, Ward8 Perumal Koil Street
5.Mathuranthagam, Ward8 Sanathi Street 999.OVERSEAS ELECTORS",Tamilaga Vettri Kazhagam,Dravida Munnetra Kazhagam,20,3.629764065335753
111,Municipal Primary School Senguntharpettai Madurantakam West Facing North Side,"1.Mathuranthagam, Ward19 Kullakarai 2nd Street
2.Mathuranthagam, Ward19 Kullakarai 1st Street Eurular Appartments
3.Mathuranthagam, Ward18 Ponniyamman Koil Street 999.Overseas Electors",Tamilaga Vettri Kazhagam,All India Anna Dravida Munnetra Kazhagam,23,4.781704781704782
113,Municipal Primary School Senguntharpettai Madurantakam West Facing South Side,"1.Mathuranthagam, Ward19 othiyan kullakarai street
2.Mathuranthagam, Ward18 Devamannar Avenu
3.Mathuranthagam, Ward18 arulaleeswarn koil street
4.Mathuranthagam, Ward18 Arulaleeswaran Koil Street
5.Maduranthagam (T), Ward 2 A.E. Koil Street
6.Mathuranthagam, Ward19 Chinna Colony 999.OVERSEAS ELECTORS",Tamilaga Vettri Kazhagam,Dravida Munnetra Kazhagam,24,3.319502074688797
115,"C.S.I Primary School Acharapakkam Main Roed Maduranthagam West
Facing North Side","1.Mathuranthagam, Ward19 Pazaveri Kuttai
2.Mathuranthagam, Ward19 Acharapakkam Road
3.Mathuranthagam, Ward19 Malattukkuttai Street 1st
4.Mathuranthagam, Ward19 Bangala Colony
5.Mathuranthagam, Ward Malattukuttai Street 2nd 999.Overseas Electors",Dravida Munnetra Kazhagam,Tamilaga Vettri Kazhagam,20,4.77326968973747
116,"C.S.I Primary School Acharapakkam Main Roed Maduranthagam West
Facing South Side","1.Mathuranthagam, Ward15 Arunankullam
2.Mathuranthagam, Ward15 Thiru.V.K. Street
3.Mathuranthagam, Ward14,15 Acharapakkam Road
4.Mathuranthagam, Ward14 pillaiyar koil street
5.Mathuranthagam, Ward14 Variyar Street 999.Overseas Electors",Tamilaga Vettri Kazhagam,All India Anna Dravida Munnetra Kazhagam,2,0.2770083102493075
119,Hindu Garnesan Midde School Mdurantakam South Facing,"1.Mathuranthagam, Ward7 Kachcherry Steert
2.Mathuranthagam, Ward7 Ramanujam Street
3.Mathuranthagam, Ward7 PalliPattu Narasiman Street
4.Mathuranthagam, Ward7 Bharthasarthy Street
5.Mathuranthagam, Ward7 rajagopal street
6.Mathuranthagam, Ward7,9, Sunambedu Road 999.Overseas Electors",Dravida Munnetra Kazhagam,All India Anna Dravida Munnetra Kazhagam,20,3.316749585406302
121,Saint Josap Matriculation Higher secondary schoolMaduranthagam North Facing,"1.Mathuranthagam, Ward1 Kadpperri
2.Mathuranthagam, Ward12 venkatteswaran koil street
3.Mathuranthagam, Ward12 Vivekanathar Street
4.Mathuranthagam, Ward12 Bajanai Koil Street
5.Mathuranthagam, Ward12 Kadpperri Punthottam
6.Madurantakam, Ward12 Amrith Nagar 999.Overseas Electors",Tamilaga Vettri Kazhagam,Dravida Munnetra Kazhagam,31,3.831891223733003
122,Hindu Garnesan Midde School Mdurantakam South Facing,"1.Mathuranthagam, Ward13 Bharthasarthy Street
2.Mathuranthagam, Ward3 appan street
3.Mathuranthagam, Ward13 Bharathy Street
4.Mathuranthagam, Ward13 Mariyamman Koil Street
5.Mathuranthagam, Ward13 illango street
6.Mathuranthagam, Ward13 Thiruvalluvar Street
7.Madurantakam, Ward13 Eri Sai Ram Nagar Street 999.Overseas Electors",Tamilaga Vettri Kazhagam,Dravida Munnetra Kazhagam,31,4.133333333333333
123,"R.C Middle School, Mangalore tiled West facing Room 6","1.Mathuranthagam, Ward22 kalakkapur
2.Mathuranthagam, Ward22 Sathannur Colony
3.Mathuranthagam, Ward22 Sathanur Mariyamman Koil Street
4.Mathuranthagam, Ward22 Sathanur New Street
5.Mathuranthagam, Ward21 Lurthupuram
6.Mathuranthagam, Ward21 Gangaiyamman Koil Street 999.Overseas Electors",Dravida Munnetra Kazhagam,All India Anna Dravida Munnetra Kazhagam,8,1.257861635220126
126,R.C.High School West Facing gandhi nagar Maduranthagam,"1.Mathuranthagam, Ward20 mariyamman koil street
2.Mathuranthagam, Ward20 Railway Station Road
3.Mathuranthagam, Ward20 govt. appartment thirvalluvar street
4.Mathuranthagam, Ward20 Nethaji Street
5.Mathuranthagam, Ward20 Kambar Street
6.Mathuranthagam (t), Ward20 gov.appartment kannadasan street
7.Mathuranthagam (T), Ward 1 Thiruvalluvar Street 999.Overseas Electors",Dravida Munnetra Kazhagam,Tamilaga Vettri Kazhagam,24,4.387568555758683
128,"Municipal Primary school Mampakkam, West facing South side Room No 2","1.Mathuranthagam, Ward23 bajanai koil street
2.Madhurathagam, Ward23 Ghandhiji Street
3.Madhurathagam, Ward23 Mariyamman Koil Street 999.Overseas Electors",Tamilaga Vettri Kazhagam,All India Anna Dravida Munnetra Kazhagam,5,0.8389261744966443
135,"Government Higher Secondary School,Morapakkam West Facing Room 2","1.Morappakkam (P) And (R.V), Mariamman Koil st Colony
2.Morappakkam (P) And (R.V), Ward 4 West st Kalani
3.Morappakkam (P) And (R.V), Ward 4 North st Kalani
4.Morappakkam (P) And (R.V), Ward 4 Nadu st 1 Kalani
5.Morappakkam (P) And (R.V), Ward 4 South st Kalani
6.Morappakkam (P) And (R.V), Ward 4 Nadu st 2 Kalani
7.Morappakkam (P) And (R.V), Ward 4 North st 2 Kalani
8.Morappakkam (P) And (R.V), Ward 1 Buthur Salai, Arunthathipalayam
9.Morappakkam (P) And (R.V), Ward 1 Mariamman Koil st, Arunthathipalayam 999.Overseas Electors",Dravida Munnetra Kazhagam,All India Anna Dravida Munnetra Kazhagam,5,0.8912655971479502
136,PANCHAYAT UNION MIDDLE SCHOOL GUDALORE WEST FACING NORTH SIDE,"1.Kodalur (P) And (R.V), Ward 1 Shcool St
2.Kodalur (P) And (R.V), Ward 1 Bajanai Koil st
3.Kodalur (P) And (R.V), Ward 1 Yadavar St
4.Kodalur (P) And (R.V), Ward 3 Indira Colony St
5.Kodalur (P) And (R.V), Ward 1 Koodalur Colony Salai
6.Kodalur (P) And (R.V), Ward 2 Koodalur Colony Nadu st
7.Kodalur (P) And (R.V), Ward 2 Mariamman Koil st
8.Kodalur (P) And (R.V), Ward 2 2nd Cross st
9.Kodalur (P) And (R.V), Ward 2 3rd Cross st
10.Kodalur (P) And (R.V), Ward 2 Kambar St
11.Kodalur (P) And (R.V), Ward 2 Bathar st
12.Kodalur (P) And (R.V), Ward 3 Periya Andavar St
13.Kodalur (P) And (R.V), Ward 3 Gandhi st 999.Overseas Electors",Tamilaga Vettri Kazhagam,All India Anna Dravida Munnetra Kazhagam,12,1.377726750861079
150,Panchayat Union Middle School Kizhamur North Facing,"1.Keizhamur (P) And (R.V), Keizhamur village main road
2.Keizhamur (P) And (R.V), Ward 4 Pillaiyar Koil st
3.Keizhamur (P) And (R.V), Ward 4 Mettu st
4.Keizhamur (P) And (R.V), Ward 2 Naidu st
5.Keizhamur (P) And (R.V), Ward 2 Tank St
6.Keizhamur (P) And (R.V), Ward 3 Keizhamur colony main road
7.Keizhamur (P) And (R.V), Ward 3 Keizhamur colony Muthumariamman koil st
8.Keizhamur (P) And (R.V), Ward 2 Munamalai pattu village
9.Keizhamur (P) And (R.V), Ward 1 Pasuvankaranai village main road
10.Keizhamur (P) And (R.V), Ward 1 Pasuvankaranai village 1st street
11.Keizhamur (P) And (R.V), Ward 1 Pasuvankaranai village nadu st 999.Overseas Electors",Dravida Munnetra Kazhagam,All India Anna Dravida Munnetra Kazhagam,11,1.326899879372738
151,"PANCHAYAT UNION PRIMARY SCHOOL
ORATHUR East Facing","1.Orathur (P) And (R.V), Ward 4 pillaiyar koil st
2.Orathur (P) And (R.V), Ward 4 Brammanar st
3.Orathur (P) And (R.V), Ward 1 Mariamman koil st
4.Orathur (P) And (R.V), Ward 1 Erikarai st
5.Orathur (P) And (R.V), Ward 3 1st Nedukku st
6.Orathur (P) And (R.V), Ward 3 1 st Cross st
7.Orathur (P) And (R.V), Ward 3 2nd cross st
8.Orathur (P) And (R.V), Ward 1 3rd cross st
9.Orathur (P) And (R.V), Ward 1 2nd Nedukku st
10.Orathur (P) And (R.V), Ward 2 1st Cross st
11.Orathur (P) And (R.V), Ward 2 2nd colony
12.Orathur (P) And (R.V), Ward 2 3rd cross st
13.Orathur (P) And (R.V), Ward 2 Nedukku st 999.Overseas Electors",Tamilaga Vettri Kazhagam,All India Anna Dravida Munnetra Kazhagam,15,2.7124773960217
152,Panchayat Union Middle School Kattukudalore North Facing,"1.Kattukoodalur (P) And (R.V), Ward 1 villi st
2.Kattukoodalur (P) And (R.V), Ward 1 Pillaiyar koil st
3.Kattukoodalur (P) And (R.V), Ward 2 Amman koil st
4.Kattukoodalur (P) And (R.V), Ward 2 Nadu st
5.Kattukoodalur (P) And (R.V), Ward 3 First st
6.Nemam (P) And (R.V), Ward 2 Mariamman koil st 999.OVERSEAS ELECTORS",Tamilaga Vettri Kazhagam,All India Anna Dravida Munnetra Kazhagam,13,1.884057971014493
154,Panchayat Union Primary School Kattukarani East Facing South Side,"1.Kattukaranai (P) And (R.V), Ward 1 vadavandai st
2.Kattukaranai (P) And (R.V), Ward 1 Mettu st
3.Kattukaranai (P) And (R.V), Ward 2 Santhu st
4.Kattukaranai (P) And (R.V), Ward 2 Mariamman koil st
5.Kattukaranai (P) And (R.V), Ward 1 Bajanai koil st
6.Kattukaranai (P) And (R.V), Ward 1 Gangaiamman koil st
7.Kattukaranai (P) And (R.V), Ward Vettaikara st 999.Overseas Electors",Dravida Munnetra Kazhagam,All India Anna Dravida Munnetra Kazhagam,2,0.5376344086021506
156,Panchayat Union Primary School Mogalvadi East Facing,"1.Mogalvadi (P) And (R.V), Ward 1 kattkaranai road
2.Mogalvadi (P) And (R.V), Ward 1 Kurukku st
3.Mogalvadi (P) And (R.V), Ward 1 Mariamman koil st
4.Mogalvadi (P) And (R.V), Ward 1 Mettu st
5.Mogalvadi (P) And (R.V), Ward 1 Pillaiyar koil st
6.Mogalvadi (P) And (R.V), Ward 2 south st
7.Mogalvadi (P) And (R.V), Ward 1 East St
8.Mogalvadi (P) And (R.V), Ward 1 School st
9.Mogalvadi (P) And (R.V), Ward 1 Santhu St
10.Mogalvadi (P) And (R.V), Ward 1 Elappakkam road
11.Mogalvadi (P) And (R.V), Ward 1 Kuripedu road
12.Mogalvadi (P) And (R.V), Ward 2 Sekkilar st
13.Mogalvadi (P) And (R.V), Ward 2 Valluvar St
14.Mogalvadi (P) And (R.V), Ward 2 Kannadasan St
15.Mogalvadi (P) And (R.V), Ward 2 Elango st
16.Mogalvadi (P) And (R.V), Ward 2 Renugambal st
17.Mogalvadi (P) And (R.V), Ward 2 Kamban st
18.Mogalvadi (P) And (R.V), Ward 2 V.O.C, st
19.Mogalvadi (P) And (R.V), Ward 2 Bus Stand st
20.Mogalvadi (P) And (R.V), Ward 2 Tholaikatchi st
21.Mogalvadi (P) And (R.V), Ward 2 Mellandai cross st
22.Mogalvadi (P) And (R.V), Ward 2 Keillandai cross st
23.Mogalvadi (P) And (R.V), Ward 2 Mariammankoil colony st 999.Overseas Electors",Tamilaga Vettri Kazhagam,Dravida Munnetra Kazhagam,31,4.454022988505748
157,Government Higher Secondary school Elapakkam North Side,"1.Elapakkam (P) And (R.V), Ward 1 thorapathi amman koil st
2.Elapakkam (P) And (R.V), Ward 1 Sri mariamman koil st
3.Elapakkam (P) And (R.V), Ward 1 pirathana salai
4.Elapakkam (P) And (R.V), Ward 2 Mada koil st
5.Elapakkam (P) And (R.V), Ward 3 Bazzar st
6.Elapakkam (P) And (R.V), Ward 3 Thatchan kulam st
7.Elapakkam (P) And (R.V), Ward 3 Annaikundram salai
8.Elapakkam (P) And (R.V), Ward 4 Bajanai koil st
9.Elapakkam (P) And (R.V), Ward 4 Mada koil st
10.Elapakkam (P) And (R.V), Ward 4 Sri Mariamman koil st 999.Overseas Electors",All India Anna Dravida Munnetra Kazhagam,Dravida Munnetra Kazhagam,2,0.2164502164502164
158,Government Higher Secondary school Ellapakkam South side,"1.Elapakkam (P) And (R.V), Warad 2 hospital road
2.Elapakkam (P) And (R.V), Ward 2 Sri Balamurugan koil st
3.Elapakkam (P) And (R.V), Ward 2 Cross st
4.Elapakkam (P) And (R.V), Ward 2 Higher secondary school st
5.Elapakkam (P) And (R.V), Ward 2 Sri Subramaniar koil st
6.Elapakkam (P) And (R.V), Ward 3 Kulakarai veethy
7.Elapakkam (P) And (R.V), Ward 3 Post Office st
8.Elapakkam (P) And (R.V), Ward 3 Mettu st
9.Elapakkam (P) And (R.V), Ward 2 Electricity Office st
10.Elapakkam (P) And (R.V), Ward 2 pannaithoppu st 999.Overseas Electors",Dravida Munnetra Kazhagam,All India Anna Dravida Munnetra Kazhagam,18,2.37467018469657
161,Panchayat Union Primary School Baburayanpettai West Face East Side,"1.Baburayanpettai (P) And (R.V), Ward 1 vinayagar koil st
2.Baburayanpettai (P) And (R.V), Ward 1 Andalkuppam st
3.Baburayanpettai (P) And (R.V), Ward 2 Bharathiar Veety
4.Baburayanpettai (P) And (R.V), Ward 2 Mariamman koil st
5.Baburayanpettai (P) And (R.V), Ward 1 Doctor Ambedkar st
6.Baburayanpettai (P) And (R.V), Ward 2 Ratinakinaru st
7.Baburayanpettai (P) And (R.V), Ward 1 Cross st 999.Overseas Electors",Dravida Munnetra Kazhagam,Tamilaga Vettri Kazhagam,6,1.263157894736842
163,Panchayat Union Primary School Koonangarani South Side,"1.Annankal (P) And (R.V), Ward 2 Annankal tar salai st
2.Annankal (P) And (R.V), Ward 2 Annankal village st
3.Annankal (P) And (R.V), Ward 2 annankal village 1st street
4.Annankal (P) And (R.V), Ward 2 Annankal village 2nd st
5.Annankal (P) And (R.V), Ward 2 Annankal colony
6.Annankal (P) And (R.V), Ward 2 Rajapalayam colony
7.Annankal (P) And (R.V), Ward 2 Rajapalayam Mariamman koil st
8.Annankal (P) And (R.V), Ward 2 Rajapalayam mariamman koil st
9.Annankal (P) And (R.V), Ward 2 Rajapalayam mariamman cross st 999.Overseas Electors",All India Anna Dravida Munnetra Kazhagam,Dravida Munnetra Kazhagam,24,4.948453608247423
164,Panchayat Union Primary School Porakal North Facing,"1.Poorakal (P) And (R.V), Ward 1 Annankal poorakal salai
2.Poorakal (P) And (R.V), Ward 1 Poorakal village st
3.Poorakal (P) And (R.V), Ward 1 Annankal poorakal salai
4.Poorakal (P) And (R.V), Ward 2 Old colony 1st street
5.Poorakal (P) And (R.V), Ward 2 Old colony 2nd st
6.Poorakal (P) And (R.V), Ward 2 Old colony 3rd st
7.Poorakal (P) And (R.V), Ward 2 Mariamman koil st
8.Poorakal (P) And (R.V), Ward 2 Elapakkam salai
9.Poorakal (P) And (R.V), Ward 2 New colony 1st st
10.Poorakal (P) And (R.V), Ward 2 New colony 2nd st 999.Overseas Electors",Tamilaga Vettri Kazhagam,All India Anna Dravida Munnetra Kazhagam,23,3.616352201257861
173,Panchayat Union Primary School Vinnampoondi West Facing,"1.Vinnampoondi (P) And (R.V), Ward 2 mettu st
2.Vinnampoondi (P) And (R.V), Ward 2 Sathiyavadi salai
3.Vinnampoondi (P) And (R.V), Ward 2 Pillaiyar koil st
4.Vinnampoondi (P) And (R.V), Ward 2 Palvadi st
5.Vinnampoondi (P) And (R.V), Ward 2 Tholaikatchi st
6.Vinnampoondi (P) And (R.V), Ward 1 1st cross st
7.Vinnampoondi (P) And (R.V), Ward 1 2nd cross st
8.Vinnampoondi (P) And (R.V), Ward 1 Veppankarai st
9.Vinnampoondi (P) And (R.V), Ward 2 kulakarai st 999.Overseas Electors",All India Anna Dravida Munnetra Kazhagam,Dravida Munnetra Kazhagam,11,1.815181518151815
174,Panchayat Union Middle School Thinnalur East Facing,"1.Thinnalur (P) And (R.V), Ward 3 thalayari salai
2.Thinnalur (P) And (R.V), Ward 4 Siruvan Kundram
3.Thinnalur (P) And (R.V), Ward 4 Siruvan Kundram colony
4.Thinnalur (P) And (R.V), Ward 1 Mettu Mariamman koil st
5.Thinnalur (P) And (R.V), Ward 1 Pullianthoppur st
6.Thinnalur (P) And (R.V), Ward 1 Maligaikara st
7.Thinnalur (P) And (R.V), Ward 1 Ottapalayam st
8.Thinnalur (P) And (R.V), Ward 3 Ottapalayam colony
9.Thinnalur (P) And (R.V), Thindivan Salai 999.Overseas Electors",All India Anna Dravida Munnetra Kazhagam,Dravida Munnetra Kazhagam,20,3.802281368821293
176,Panchayat Union Primary School Ananthamangalam South Facing West Side,"1.Ananthamangalam (P) And (R.V), Ward 1 vinayagar st
2.Ananthamangalam (P) And (R.V), Ward 1 Busstand st
3.Ananthamangalam (P) And (R.V), Ward 1 Pallikooda st
4.Ananthamangalam (P) And (R.V), Ward 2 Mandi st
5.Ananthamangalam (P) And (R.V), Ward 2 Ricemill st
6.Ananthamangalam (P) And (R.V), Ward 2 Eswaran koil st
7.Ananthamangalam (P) And (R.V), Ward 2 Chilliamman koil st
8.Ananthamangalam (P) And (R.V), Ward 2 Nadu st
9.Ananthamangalam (P) And (R.V), Ward 2 Post Office st 999.Overseas Electors",All India Anna Dravida Munnetra Kazhagam,Dravida Munnetra Kazhagam,1,0.1234567901234568
184,Panchayat Union Primary School Nedunkal West Facing,"1.Nendunkal And (R.V), Ward 1 voc st
2.Nendunkal (P) And (R.V), Ward 1 APJ Abdul kalam st
3.Nendunkal (P) And (R.V), Ward 1 Bharathiyar st
4.Nendunkal (P) And (R.V), Ward 1 thiruvallur st
5.Nendunkal (P) And (R.V), Ward 1 Vivekandandar st
6.Nendunkal (P) And (R.V), Ward 2 Ambedkar st
7.Nendunkal (P) And (R.V), Ward 2 Nethaji st
8.Nendunkal (P) And (R.V), Ward 2 Kamarajar st
9.Nendunkal (P) And (R.V), Ward 1 Gandhiadikal st
10.Nendunkal (P) And Karasankal (R.V), Ward 2 Erular Quarters 999.Overseas Electors",Dravida Munnetra Kazhagam,All India Anna Dravida Munnetra Kazhagam,10,1.468428781204111
185,Panchayat Union Primary School Karasangal South Facing,"1.Nendunkal (P) And Karasankal (R.V), Ward 1 Cement road
2.Nendunkal And Karasankal (P) (R.V), Ward 1 Mettu st
3.Nendunkal And Karasankal (P) (R.V), Ward 1 Kulakarai st
4.Nendunkal, And Karasankal (P) (R.V), Ward 1 Padasalai st
5.Nendunkal, And Karasankal (P) (R.V), Ward 1 Cross st
6.Nendunkal (P) And Karasankal (R.V), Ward 1 Tar salai
7.Nendunkal (P) And Karasankal (R.V), Ward 1 Reddi st
8.Nendunkal (P) And Karasankal (R.V), Ward 1 Mariamman koil st
9.Nendunkal (P) And Karasankal (R.V), Ward 2 Mada koil st
10.Nendunkal (P) And Karasankal (R.V), Ward 1 colony cross st
11.Nendunkal (P) And Karasankal (R.V), Ward 2 Thulukanam st
12.Nendunkal (P) And Karasankal (R.V), Ward 2 Thalayari st
13.Nendunkal (P) And Karasankal (R.V), Ward 2 Mattukaran st
14.Nendunkal (P) And Karasankal (R.V), Ward 2 Ratinakinaru st
15.Nendunkal (P) And Karasankal (R.V), Ward 2 Colony tar sslai 999.Overseas Electors",Dravida Munnetra Kazhagam,All India Anna Dravida Munnetra Kazhagam,5,0.6915629322268326
188,PANCHAYAT UNION MIDDLE SCHOOL MINNAL CHITHAMUR NORTH FACING,"1.Minnal chithamur (P) Keizhpattu And (R.V), Ward 2 Kailasapuram
2.Minnal chithamur (P) Keizhpattu And (R.V), Ward 2 New Mariamman koil st
3.Minnal chithamur (P) Keizhpattu And (R.V), Ward 2 Karumariamman koil st
4.Minnal chithamur (P) Keizhpattu And (R.V), Ward 2 Old Mariamman koil st
5.Minnal chithamur (P) Keizhpattu And (R.V), Ward 2 4th cross st
6.Minnal chithamur (P) Keizhpattu And (R.V), Ward 2 3rd Cross st
7.Minnal chithamur (P) Keizhpattu And (R.V), Ward 2 2nd Cross st
8.Minnal chithamur (P) Keizhpattu And (R.V), Ward 2 1st cross st
9.Minnal chithamur (P) Keizhpattu And (R.V), Ward 2 Vinayagar koil st
10.Minnal keizh minnal village (P) And (R.V), Ward 3 Boor st
11.Minnal keizh minnal village (P) And (R.V), Ward 3 Samutha Kooda st 999.Overseas Electors",Dravida Munnetra Kazhagam,Tamilaga Vettri Kazhagam,29,3.908355795148248
193,Govt. Higher secondary school Thozhupedu South Facing West Side,"1.Thozhupedu (P) And (R.V), Ward 1 colony 1st street
2.Thozhupedu (P) And (R.V), Ward 1 Colony 2nd st
3.Thozhupedu (P) And (R.V), Ward 1 Colony 3rd st
4.Thozhupedu (P) And (R.V), Ward 1 Colony 4th st
5.Thozhupedu (P) And (R.V), Ward 2 Muthallu amman koil st
6.Thozhupedu (P) And (R.V), Ward 1 Olod colony
7.Thozhupedu (P) And (R.V), Ward 2 Mariamman koil st 999.OVERSEAS ELECTORS",Tamilaga Vettri Kazhagam,All India Anna Dravida Munnetra Kazhagam,11,1.575931232091691
195,Panchayat Union Middle School Kadamalaiputhur West Facing North Side,"1.Kadamalaiputhur (P) And (R.V), Ward 1 national highway (nh45)
2.Kadamalaiputhur (P) And (R.V), Ward 1 Perumber Kandigai salai
3.Kadamalaiputhur (P) And (R.V), Ward 1 2nd Cross st
4.Kadamalaiputhur (P) And (R.V), Ward 1 Orathi salai
5.Kadamalaiputhur (P) And (R.V), Ward 2 Mariamman koil st
6.Kadamalaiputhur (P) And (R.V), Ward 2 1st Cross st
7.Kadamalaiputhur (P) And (R.V), Ward 2 Nadu st
8.Kadamalaiputhur (P) And (R.V), Ward 2 Periya Palayathamman st
9.Kadamalaiputhur (P) And (R.V), Ward 2 Pooniyamman st
10.Kadamalaiputhur (P) And (R.V), Ward 2 Mariamman st (East Paguthi) 999.Overseas Electors",Dravida Munnetra Kazhagam,All India Anna Dravida Munnetra Kazhagam,18,2.650957290132548
199,Panchayat Union Middle School Perumperkandikai Eat Facing,"1.Perumperkandikai (P) And (R.V), Ward 1 karpagavinayagar kovil St
2.Perumperkandikai (P) And (R.V), Ward 2 Erular colony 1st street
3.Perumperkandikai (P) And (R.V), Ward 2 Erular colony 2nd street
4.Perumperkandikai (P) And (R.V), Ward 1 Thropathikoil st
5.Perumperkandikai (P) And (R.V), Ward 1 Sundravinayagar koil st
6.Perumperkandikai (P) And (R.V), Ward 1 Perumal koil st (north paguthi)
7.Perumperkandikai (P) And (R.V), Ward 1 Perumal koil st (south paguthia)
8.Perumperkandikai (P) And (R.V), Ward 1 E.B. Office st
9.Perumperkandikai (P) And (R.V), Ward 1 Post Office st
10.Perumperkandikai (P) And (R.V), Ward 1 Ellaiamman koil st
11.Perumperkandikai (P) And (R.V), Ward 1 Chathira st
12.Perumperkandikai (P) And (R.V), Ward 1 Muthumariamman koil st
13.Perumperkandikai (P) And (R.V), Ward 2 Munieswarar koil st
14.Perumperkandikai (P) And (R.V), Ward 2 Pallikooda st 999.OVERSEAS ELECTORS",Dravida Munnetra Kazhagam,Tamilaga Vettri Kazhagam,23,5.0
201,Panchayat Union Middle School Thimmapuram north Facing,"1.Thimmapuram (P) And (R.V), Mariamman koil st colony
2.Thimmapuram (P) And (R.V), Colony east st
3.Thimmapuram (P) And (R.V), East st colony
4.Thimmapuram (P) And (R.V), Erikarai st
5.Thimmapuram (P) And (R.V), Erikarai cross st
6.Thimmapuram (P) And (R.V), Murugar koil st
7.Thimmapuram (P) And (R.V), Ist Cross st
8.Thimmapuram (P) And (R.V), Cross st 2nd
9.Thimmapuram (P) And (R.V), IIi nd Cross st
10.Thimmapuram (P) And (R.V), Cross st 4th
11.Thimmapuram (P) And (R.V), Cross st 5th
12.Thimmapuram (P) And (R.V), Cross st 6th
13.Thimmapuram (P) And (R.V), Colony salai
14.Thimmapuram (P) And (R.V), Elapakkam salai
15.Thimmapuram (P) And (R.V), Thorapathi amman koil st
16.Thimmapuram (P) And (R.V), Village cross st
17.Thimmapuram (P) And (R.V), Theradi st
18.Thimmapuram (P) And (R.V), Elapakkam colony mariamman koil st
19.Thimmapuram (P) And (R.V), Perumal koil st
20.Thimmapuram (P) And (R.V), Pillaiyar koil st
21.Thimmapuram (P) And (R.V), Mariamman koil cross st 999.Overseas Electors",All India Anna Dravida Munnetra Kazhagam,Dravida Munnetra Kazhagam,13,1.473922902494331
204,Panchayat union primary school Kottakayapakakm North Facing,"1.Villangadu (P) And (R.V), Ward 1 Gangaiamman koil st
2.Villangadu (P) And (R.V), Ward 1 Pooniamman koil st
3.Villangadu (P) And (R.V), Ward 2 Ankalamman koil 1st street
4.Villangadu (P) And (R.V), Ward 2 Ankalamman koil street 2nd st
5.Villangadu (P) And (R.V), Ward 2 Ankalamman koil 3rd st
6.Villangadu (P) And (R.V), Ward 2 Ankalamman koil 4th st
7.Villangadu (P) And (R.V), Ward 3 Ankalamman koil 5th st
8.Villangadu (P) And (R.V), Ward 3 Cement road 1st st
9.Villangadu (P) And (R.V), Ward 3 Cement road 2nd st
10.Villangadu (P) And (R.V), Ward 3 Villangadu colony gangaiamman koil st
11.Villangadu (P) And (R.V), Ward 3 Villangadu colony gangaiamman koil st
12.Villangadu (P) And (R.V), Ward 3 Villangadu colony gangaiamman koil st
13.Villangadu (P) And (R.V), Ward 3 Villangadu colony gangaiamman koil st
14.Villangadu (P) And (R.V), Ward 3 Villangadu colony gangaiamman koil st
15.Villangadu (P) And (R.V), Ward 3 Villangadu colony gangaiamman koil st
16.Villangadu (P) And (R.V), Ward 4 Thandavarayan 1st st
17.Villangadu (P) And (R.V), Ward 4 Thandavarayan 2nd st
18.Villangadu (P) And (R.V), Ward 4 Muthumariamman 1st street
19.Villangadu (P) And (R.V), Ward 4 Muthumariamman 2nd st
20.Villangadu (P) And (R.V), Ward 4 Munusamy st
21.Villangadu (P) And (R.V), Ward 4 Annamalai st
22.Villangadu (P) And (R.V), Ward 5 Kuppusamy 1st street
23.Villangadu (P) And (R.V), Ward 5 Kuppusamy 4th st
24.Villangadu (P) And (R.V), Ward 5 Erular 1st street
25.Villangadu (P) And (R.V), Ward 6 Kottakayapakkam gangaiamman koil st
26.Villangadu (P) And (R.V), Ward 6 Kotta kayapakkanm gangaiamman koil st
27.Villangadu (P) And (R.V), Ward 6 Kottakayapakkam gangaiamman koil st
28.Villangadu (P) And (R.V), Ward 6 Kottakayapakkam gangaiamman koil st 999.Overseas Electors",Tamilaga Vettri Kazhagam,All India Anna Dravida Munnetra Kazhagam,39,4.216216216216216
205,Panchayat Union Primary School Uthamanallur East Facing 5th Standard,"1.Thirumukadu Village (P) And (R.V), Ward 1 reddiar st
2.Thirumukadu Village (P) And (R.V), Ward 1 Mariamman koil back side st
3.Thirumukadu Village (P) And (R.V), Ward 1 West Cross st
4.Thirumukadu Village (P) And (R.V), Ward 1 Mariamman koil st
5.Thirumukadu Village (P) And (R.V), Ward 1 Madakoil st
6.Thirumukadu Village (P) And (R.V), Ward 1 East cross st
7.Thirumukadu Village (P) And (R.V), Ward 1 Road st
8.Thirumukadu Village (P) And (R.V), Ward 1 New colony 1st cross st
9.Thirumukadu Village (P) And (R.V), Ward 1 New colony 2nd cross st
10.Thirumukadu Village (P) And (R.V), Ward 1 Cement salai
11.Thirumukadu Village (P) And (R.V), Ward 1 East st
12.Thirumukadu Village (P) And (R.V), Ward 1 Puravadai st 999.Overseas Electors",Tamilaga Vettri Kazhagam,Dravida Munnetra Kazhagam,6,1.029159519725558
211,Panchayat union Primary schoolJVVD Building Acharapakkam South side,"1.Acharapakkam, Ward 9 Railway Quarters
2.Acharapakkam, Ward 10 Vadakku colony st
3.Acharapakkam, Ward 10 Vadakku colony east st
4.Acharapakkam, Ward 10 Vadakku colony south st
5.Acharapakkam, Ward 12 Nadu st 999.Overseas Electors",Dravida Munnetra Kazhagam,All India Anna Dravida Munnetra Kazhagam,3,0.6012024048096193
215,"MARWAR GOVT.HR.SEC.SCHOOL West
Facing North Side Acharapakkam","1.Acharapakkam, Ward 4 national highway
2.Acharapakkam, Ward 5 Gandhi nagar 1st street
3.Acharapakkam, Ward 5 Gandhinagar 2 nd St
4.Acharapakkam, Ward 4 Gandhi nagar 3 rd st
5.Acharapakkam, Ward 4 Gandhi nagar 4th st
6.Acharapakkam, Ward 4 Gandhi nagar 5th st
7.Acharapakkam, Ward 4 Gandhi nagar 6th st
8.Acharapakkam, Ward 4 Gandhi nagar 7th st
9.Acharapakkam, Ward 3 Kanni koil medu
10.Acharapakkam, Ward 3 Kothandaramar nagar 999.Overseas Electors",Dravida Munnetra Kazhagam,Tamilaga Vettri Kazhagam,29,3.376018626309663
217,Panchayat Union Primary School Pallipettai East Sise,"1.Pallipettai (P) And (R.V), Ward 1 pallipettai melmaruvathur road
2.Pallipettai (P) And (R.V), Ward 1 First st
3.Pallipettai (P) And (R.V), Ward 1 Second st
4.Pallipettai (P) And (R.V), Ward 1 Kuyavar st
5.Pallipettai (P) And (R.V), Ward 1 Third st
6.Pallipettai (P) And (R.V), Ward 1 Masuthi st
7.Pallipettai (P) And (R.V), Ward 1 Erikarai Cross st
8.Pallipettai (P) And (R.V), Ward 1 Pooniamman koil st
9.Pallipettai (P) And (R.V), Ward 1 Pallipettai Maruvur Avenue 999.Overseas Electors",Dravida Munnetra Kazhagam,All India Anna Dravida Munnetra Kazhagam,12,1.395348837209302
218,Panchayat Union Primary School Pallipettai West Side,"1.Pallipettai (P), kalaiger nager And (R.V), Ward 2 elappakkam salai
2.Pallipettai (P), kalaiger nager And (R.V), Ward 2 Mada koil st
3.Pallipettai (P), kalaiger nager And (R.V), Ward 2 Masuthi st
4.Pallipettai (P), kalaiger nager And (R.V), Ward 2 Cross st
5.Pallipettai (P), kalaiger nager And (R.V), Ward 2 Kalaiger Nager
6.Pallipettai (P), kalaiger nager And (R.V), Ward 2 Otravadai Joint st
7.Pallipettai (P), kalaiger nager And (R.V), Ward 2 Mariamman koil st
8.Pallipettai (P) (R.V), Ward 2 EB colony first st
9.Pallipettai (P) (R.V), Ward 2 EB Colony 2 nd st
10.Pallipettai (P) (R.V), Ward 2 EB colony 3rd st
11.Pallipettai (P) (R.V), Ward 2 EB colony 4th st
12.Pallipettai (P) (R.V), Ward 2 EB colony 5th st
13.Pallipettai (P) (R.V), Ward 2 EB colony Palla st
14.Pallipettai (P) (R.V), Ward 2 Gopalapuram First st
15.Pallipettai (P) (R.V), Ward 2 Ambedkar Nagar Chunnambu colony
16.Pallipettai (P) (R.V), Ward 2 Ambedkar Nagar Chunambu colony 999.Overseas Electors",Dravida Munnetra Kazhagam,All India Puratchi Thalaivar Makkal Munnettra Kazhagam,0,0.0
222,Panchayat Union Middle School Unamalai South Facing Room 1,"1.Unamalai (P) And (R.V), Ward 1 erular colony nadu st
2.Unamalai (P) And (R.V), Ward 1 Aruthiyar colony varavu kalvai st
3.Unamalai (P) And (R.V), Ward 1 Old colony morapakkam salai
4.Unamalai (P) And (R.V), Ward 1 Old colony mariamman koil st
5.Unamalai (P) And (R.V), Ward 1 Muniyanthal salai
6.Unamalai (P) And (R.V), Ward 1 Puducolony vadakku veethi
7.Unamalai (P) And (R.V), Ward 1 Puducolony nadu st
8.Unamalai (P) And (R.V), Ward 1 Pallithangal st
9.Unamalai (P) And (R.V), Ward 1 Munianthangal cross st
10.Unamalai (P) And (R.V), Ward 2 Sesharayanpettai vinayagar koil st
11.Unamalai (P) And (R.V), Ward 2 Sesharayanpettai Mariamman Koil st
12.Unamalai (P) And (R.V), Ward 2 Sesharayanpettai Muniyanthangal salai 999.Overseas Electors",Tamilaga Vettri Kazhagam,Dravida Munnetra Kazhagam,32,4.193971166448231
229,Panchayat Union Middle school Silavattam west face,"1.Silavattam (P) And (R.V), Ward 1 MaleSilavattam Cross St
2.Silavattam (P) And (R.V), Ward 1 Ozhuppakkam First St
3.Silavattam (P) And (R.V), Ward 1 Ozhuppakkam G S T Road
4.Silavattam (P) And (R.V), Ward 2 ozhuppakkam vengatesa perumal koil st
5.Silavattam (P) And (R.V), Ward 2 Anna Nagar Nadu St
6.Silavattam (P) And (R.V), Ward 2 Anna Nagar Mettu Colony St
7.Silavattam (P) And (R.V), Ward 3 Silavattam Marriyamman Koil St
8.Silavattam (P) And (R.V), Silavattam Rise Mill Back Side St
9.Silavattam (P) And (R.V), Ward 3 Silavattam Hand Pump St
10.Silavattam (P) And (R.V), Ward 3 Silavattam Thirowpathiamman Koil St
11.Silavattam (P) And (R.V), Ward 3 Silavattam Rice Mill St
12.Silavattam (P) And (R.V), Ward 3 Silavattam Mariamman Koil St 999.Overseas Electors",All India Anna Dravida Munnetra Kazhagam,Tamilaga Vettri Kazhagam,19,3.885480572597137
232,Panchayat union primary school Nethapakkam South Facing East Side,"1.Nethapakkam (P) And (R.V), Ward 2 Nethapakkam Colony 1st St
2.Nethapakkam (P) And (R.V), Ward 2 Nethapakkam Colony 2nd St
3.Nethapakkam (P) And (R.V), Ward 2 Nethapakkam Colony 3rd St
4.Nethapakkam (P) And (R.V), Ward 2 Nethapakkam Colony 4th St
5.Nethapakkam (P) And (R.V), Ward 2 Nethapakkam Colony 5th St
6.Nethapakkam (P) And (R.V), Ward 2 Nethapakkam Colony 6th St
7.Nethapakkam (P) And (R.V), Ward 2 Nethapakkam Colony 7th St
8.Nethapakkam (P) And (R.V), Ward 2 Nethapakkam Puthoor St
9.Nethapakkam (P) And (R.V), Ward 2 Puthina Thottam 1st St
10.Nethapakkam (P) And (R.V), Ward 2 Puthina Thottam 2nd St
11.Nethapakkam (P) And (R.V), Ward 2 Puthina Thottam 3rd St
12.Nethapakkam (P) And (R.V), Ward 2 Koozhamangalam Colony 1st St
13.Nethapakkam (P) And (R.V), Ward 2 Koozhamangalam New Colony 2nd St
14.Nethapakkam (P) And (R.V), Ward 2 Koozhamangalam New Colony 3rd St
15.Nethapakkam (P) And (R.V), Ward 2 Koozhamangalam Pillayar Koil St 999.Overseas Electors",Tamilaga Vettri Kazhagam,All India Anna Dravida Munnetra Kazhagam,23,4.204753199268739
233,"Panchayat union primary school, Vasanthavadi East facing building","1.Nethapakkam (P) And (R.V), Ward 1 Amayampattu Gangaiamman Koil St
2.Nethapakkam (P) And (R.V), Ward 1 Amayampattu Pillyar Koil St
3.Nethapakkam (P) And (R.V), Ward 1 Pulikoradu West St
4.Nethapakkam (P) And (R.V), Ward 1 Pulikoradu LD St
5.Nethapakkam (P) And (R.V), Ward 1 Pulikoradu St
6.Nethapakkam (P) And (R.V), Ward 1 Vasanthavadi Mariamman Koil St
7.Nethapakkam (P) And (R.V), Ward 1 Vasanthavadi Bajanai Koil St
8.Nethapakkam (P) And (R.V), Ward 1 Vasanthavadi Muthumariamman Koil St
9.Nethapakkam (P) And (R.V), Ward 1 Vasanthavadi East St
10.Nethapakkam (P) And (R.V), Ward 1 Vasanthavadi LD St 999.Overseas Electors",Dravida Munnetra Kazhagam,All India Anna Dravida Munnetra Kazhagam,18,2.604920405209841
239,Panchayat Union Middle school Arunkunam North Facing,"1.Arunkunam (P) And (R.V), Ward 3 akathippattu bajanai koil st
2.Arunkunam (P) And (R.V), Ward 2 mariyamman koil st
3.Arunkunam (P) And (R.V), Ward 2 Ambathkar St
4.Arunkunam (P) And (R.V), Ward 2 Pillaiyar Koil St
5.Arunkunam (P) And (R.V), Ward 2 devathudar road
6.Arunkunam (P) And (R.V), Ward 2 Meanavar St 1
7.Arunkunam (P) And (R.V), Ward 2 Meanavar St 2
8.Arunkunam (P) And (R.V), Ward 2 New St
9.Arunkunam (P) And (R.V), Ward 3 Panampattu Pillaiyar Koil St 999.Overseas Electors",All India Anna Dravida Munnetra Kazhagam,Tamilaga Vettri Kazhagam,30,3.537735849056604
243,"R.C. Boys Primary School, Additional Buildin West Side","1.Kinar (P) And (R.V), Ward 4 punitha susaiyappar koil south street
2.Kinar (P) And (R.V), Ward 4 punitha susaiyappar koil north street
3.Kinar (P) And (R.V), Ward 4 Punithasusaiyappar Koil West Street
4.Kinar (P) And (R.V), Ward 4 K K Padhur Tank Street
5.Kinar (P) And (R.V), Ward 4 anthoniyar koil street
6.Kinar (P) And (R.V), Ward 4 K K Pudhur 1st Street 999.Overseas Electors",Tamilaga Vettri Kazhagam,All India Anna Dravida Munnetra Kazhagam,26,3.12124849939976
245,Panchayat Union Middle school kavathur West Facing North Side,"1.Cavathur (P) And (R.V), Ward 2 Cavathur Colany 3rd Cross St
2.Cavathur (P) And (R.V), Ward 2 thachur pradana salai
3.Cavathur (P) And (R.V), Ward 2 4th Cross St
4.Cavathur (P) And (R.V), Ward 2 Lakshmipuram First St
5.Kavathoor Vilagam (P) And (R.V), Ward 1 Pradhana Salai
6.Kavathur Villagam (P) And (R.V), Ward 1 Amman Koil St
7.Kavathoor Villagam (P) And (R.V), Ward 1 Vilagar Crosse St
8.Kavathur Village Murukanchery (P) And (R.V), Ward 1 Atraingkarai St
9.Kavathur Village Kavanchery (P) And (R.V), Ward 1 Ramani Appartment
10.Kavathur Village Murukanchery (P) And (R.V), Ward 1 Mariyamman Koil St 999.Overseas Electors",All India Anna Dravida Munnetra Kazhagam,Tamilaga Vettri Kazhagam,25,4.95049504950495
248,Panchayat Union Primary School Murukkampakkam East Facing,"1.Murukkampakkam (P) And (R.V), Ward 1 VOC street
2.Murukkampakkam (P) And (R.V), Ward 1 Nethaji Street
3.Murukkampakkam (P) And (R.V), Ward 1 Bharathiyar Street
4.Murukkampakkam (P) And (R.V), Ward 1 Kannadasan Street
5.Murukkampakkam (P) And (R.V), Ward 1 Vinayagar Koil Street
6.Murukkampakkam (P) And (R.V), Ward 1 Dr.Radhakrishnan Street
7.Murukkampakkam (P) And (R.V), Ward 1 Sardhar Vallabai patel Street
8.Murukkampakkam (P) And (R.V), Ward 1 Rajaji Street
9.Murukkampakkam (P) And (R.V), Ward 1 Nehru Street
10.Murukkampakkam (P) And (R.V), Ward 1 Avvaiyar Street
11.Murukkampakkam (P) And (R.V), Ward 1 Balagengadharar Street
12.Murukkampakkam (P) And (R.V), Ward 1 kannagi street
13.Murukkampakkam (P) And (R.V), Ward 1 Kovalan Street
14.Murukkampakkam (P) And (R.V), Ward 2 Kakkan Street
15.Murukkampakkam (P) And (R.V), Ward 2 Gandhi Street
16.Murukkampakkam (P) And (R.V), Ward 2 Dr Ambedkar Street
17.Murukkampakkam (P) And (R.V), Ward2 Gengaiyamman Koil Street
18.Murukkampakkam (P) And (R.V), Ward2 Cheran Street
19.Murukkampakkam (P) And (R.V), Ward2 Cholan Street
20.Murukkampakkam (P) And (R.V), Ward 2 Pandiyan St
21.Murukkampakkam (P) And (R.V), Ward 2 mariyyamman koil street
22.Murukkampakkam (P) And (R.V), Ward2 Muthalamman Koil Street
23.Murukkampakkam (P) And (R.V), Ward2 Ganapathy Street
24.Murukkampakkam (P) And (R.V), Ward 2 Ganapathy Street 2
25.Murukkampakkam (P) And (R.V), Ward2 Subash Chandrabose Street 999.Overseas Electors",Dravida Munnetra Kazhagam,All India Anna Dravida Munnetra Kazhagam,13,1.793103448275862
249,Panchayat union primary school Mariputhur West Facing South Side,"1.Kavathur (v) Mariputhur (P) And (R.V), Ward 3 Perumal Koil St
2.Kavathur (V) Mariputhur (P) And (R.V), Ward 3 Vinayagar South St
3.Kavathur (v) Mariputhur (P) And (R.V), Ward 3 South
4.Kavathur (v) Mariputhur (P) And (R.V), Ward 3 School St
5.Kavathur (v) Mariputhur (P) And (R.V), Ward 3 Mettu St
6.Kavathur (v) Mariputhur (P) And (R.V), Ward 3 Vinayagar Koil North St
7.Kavathur (v) Mariputhur (P) And (R.V), Ward 3 Kainkaiyamman Koil St
8.Kavathur (v) Mariputhur (P) And (R.V), Ward 4 Colany Amman Koil St
9.Kavathur (v) Mariputhur (P) And (R.V), Ward 4 Colany South St
10.Kavathur (v) Mariputhur (P) And (R.V), Ward 4 Colany Weast St
11.Kavathur (v) Mariputhur (P) And (R.V), Ward 4 Crosse St
12.Kavathur (v) Mariputhur (P) And (R.V), Ward 3 Cheailliyamman Koil St
13.Kavathur (v) Mariputhur (P) And (R.V), Ward 4 prathana salai
14.Kavathur (v) Mariputhur (P) And (R.V), Ward 4 Colany First Cross St
15.Kavathur (v) Mariputhur (P) And (R.V), Ward 4 Colony 2nd Cross St
16.Kavathur (v) Mariputhur (P) And (R.V), Ward 4 Colony 3rd Cross St
17.Kavathur (v) Mariputhur (P) And (R.V), Ward 4 Colony Kulakkarai St
18.Kavathur (v) Mariputhur (P) And (R.V), Kamsalapuram Salai
19.Kavathur (v) Mariputhur (P) And (R.V), Ward 4 Kamsalapuram Perumal Koil St
20.Kavathur (v) Mariputhur (P) And (R.V), Ward 4 Kamsalapuram Amman Koil St
21.Kavathur (v) Mariputhur (P) And (R.V), Ward 4 Kamsalapuram East st 999.Overseas Electors",All India Anna Dravida Munnetra Kazhagam,Tamilaga Vettri Kazhagam,15,2.403846153846154
250,Panchayat union primary school Puliyaranikottai East Facing North Side,"1.Puliyaranan Kottai (P) And (R.V), Ward 2 Pujjur Main Road
2.Puliyaranan Kottai (P) And (R.V), Ward 2 Pillaiyar Koil St
3.Puliyaranan Kottai (P) And (R.V), Ward 2 School St
4.Puliyaranan Kottai (P) And (R.V), Ward 2 Medil St
5.Puliyaranan Kottai (P) And (R.V), Ward 2 Mariyamman Koil St
6.Puliyaranan Kottai (P) And (R.V), Ward 1 KulakkaraI St
7.Puliyaranan Kottai (P) And (R.V), Ward 1 pillaiyar koil st
8.Puliyaranan Kottai (P) And (R.V), Ward 1 Thiruvalluvar St 999.Overseas Electors",Tamilaga Vettri Kazhagam,Dravida Munnetra Kazhagam,7,1.338432122370937
252,Panchayat union primary school Kizhakandai South Facing East Side,"1.Kizhakkandai, Ward 1 1st st
2.Kizhakkandai, Ward 1, 2th St
3.Kizhakkandai, Ward 1, 3rd st
4.Kizhakkandai, Ward 1, 4th St
5.Kizhakkandai, Ward 1, 5th St
6.Kizhakkandai, Ward 1, 6th St
7.Kizhakkandai, Ward 1, 7th St
8.Kizhakkandai, Ward 1, 8th St
9.Kizhakkandai, Ward 1, 9th St
10.Kizhakkandai, Ward 1, 10 th st
11.Kizhakkandai, Ward 1, 11th St
12.Kizhakkandai, Ward 1, 12 th St
13.Kizhakkandai, Ward 1, 13th St
14.Kizhakkandai, Ward 1, 14th St
15.Kizhakkandai, Ward 1, 15th St
16.Kizhakkandai, Ward 1, 16th St
17.Kizhakkandai, Ward 2, 17th St
18.Kizhakkandai, Ward 2, 18th St
19.Kizhakkandai, Ward 2, 19th St
20.Kizhakkandai, Ward 2, 20th St
21.Kizhakkandai, Ward 2, 21st St
22.Kizhakkandai, Ward 2, 22th St
23.Kizhakkandai, Ward 2, 23th St
24.Kizhakkandai, Ward 2, 24 th St
25.Kizhakkandai, Ward 2, 25th St
26.Kizhakkandai, Ward 2, 26 th St
27.Kizhakkandai, Ward 2, 27th St
28.Kizhakkandai, Ward 2, 28 th St 999.Overseas Electors",Tamilaga Vettri Kazhagam,Dravida Munnetra Kazhagam,25,3.467406380027739
253,Panchayat union primary school Melakandai North Facing East Side,"1.Kizhakkandai, Ward 3, Bharathidasan St
2.Kizhakkandai, Ward 3 Ellamman Koil St
3.Kizhakkandai, Ward 3 Karpagavinayagar Koil St
4.Kizhakkandai, Ward 3 Kulakkarai St
5.Kizhakkandai, Ward 3 Athivakkam Road
6.Kizhakkandai, Ward 3 Dr.Ambedkar St
7.Kizhakkandai, Ward 3 Rajaji St
8.Kizhakkandai, Ward 3 Kamarajar Cross St
9.Kizhakkandai, Ward 3 Gandhiji St
10.Kizhakkandai, Ward 3 Perarignar Anna St 999.Overseas Electors",Tamilaga Vettri Kazhagam,Dravida Munnetra Kazhagam,21,3.338632750397456
257,Panchayat union Middle school Peruveli West Facing North Side,"1.Peruveli (P) And (R.V), Ward 1 Selliamman Koil St
2.Peruveli (P) And (R.V), Ward 1 Pillayar Koil St
3.Peruveli (P) And (R.V), Ward 1 Pillyar Koil Cross St
4.Peruveli (P) And (R.V), Ward 1 Amman Koil Ist St
5.Peruveli (P) And (R.V), Ward 1 Amman Koil 2th St
6.Peruveli (P) And (R.V), Ward 2 Peruveli Village Pillayar Koil St
7.Peruveli (P) And (R.V), Ward 2 Dharmaraja Koil St
8.Peruveli (P) And (R.V), Ward 2 Murugan Koil St
9.Peruveli (P) And (R.V), Ward 2,3 Vinayagar Koil St 999.Overseas Electors",All India Anna Dravida Munnetra Kazhagam,Tamilaga Vettri Kazhagam,25,4.940711462450593
258,Panchayat union Middle school Peruveli South Facing East Side,"1.Peruveli (P) And (R.V), Ward 3 Ponniamman Koil St
2.Peruveli (P) And (R.V), Ward 2 Selliamman Koil St
3.Peruveli (P) And (R.V), Ward 3 Selliamman Cross St
4.Peruveli (P) And (R.V), Ward 3 Mariamman Koil Cross St
5.Peruveli (P) And (R.V), Ward 3 Mariamman Koil St
6.Peruveli (P) And (R.V), Ward 3 Ambedkar St
7.Peruveli (P) And (R.V), Ward 3 Muneeswaran Koil St
8.Peruveli (P) And (R.V), Ward 3 Madurai Veeran Koil St
9.Peruveli (P) And (R.V), Ward 3 Madurai Veeran Koil Cross St 999.Overseas Electors",Tamilaga Vettri Kazhagam,Dravida Munnetra Kazhagam,5,0.9009009009009009
259,Panchayat Union Primary School South facingOzhavetti main building,"1.Zamin Endathur (P) And (R.V), Ward 3 Ozhavetti Kiraman 1st St
2.Zamin Endathur (P) And (R.V), Ward 3 Ozhavetti 2nd St
3.Zamin Endathur (P) And (R.V), Ward 3 Ozhavetti 3rd St
4.Zamin Endathur (P) And (R.V), Ward 3 Ozhavetti Kiramam 4th St
5.Zamin Endathur (P) And (R.V), Ward 3 Ozhavetti Kiramam 5th St
6.Zamin Endathur (P) And (R.V), Ward 3 Lakshmi Narayana Perumal St
7.Zamin Endathur (P) And (R.V), Ward 3 Kirama Cross St
8.Zamin Endathur (P) And (R.V), Ward 3 Reddiyar St
9.Zamin Endathur (P) And (R.V), Ward 3 Gongaiyamman Koil St
10.Zamin Endathur (P) And (R.V), Ward 3 Colony 1st St
11.Zamin Endathur (P) And (R.V), Ward 3 Colony Cross St
12.Zamin Endathur (P) And (R.V), Ward 3 Cross St
13.Zamin Endathur (P) And (R.V), Ward 3 Kullakkarai St
14.Zamin Endathur (P) And (R.V), Ward 3 Newcolony 1st St
15.Zamin Endathur (P) And (R.V), Ward 3 Newcolony 2nd St 999.Overseas Electors",Tamilaga Vettri Kazhagam,Dravida Munnetra Kazhagam,1,0.1277139208173691
262,Adhithiravidar Nala Primary school Netrambakkam South Facing East Side,"1.Netrampakkam (P) And (R.V), Ward 1 anna nagar
2.Netrampakkam (P) And (R.V), Ward 1 Erikkarai St
3.Netrampakkam (P) And (R.V), Ward 1 Road St
4.Netrampakkam (P) And (R.V), Ward 1 Cross St
5.Netrampakkam (P) And (R.V), Ward 1 Bajanai Koil St
6.Netrampakkam (P) And (R.V), Ward 1 North Mada St
7.Netrampakkam (P) And (R.V), Ward 1 Mariamman Koil St
8.Netrampakkam (P) And (R.V), Ward 4, 8th St
9.Netrampakkam (P) And (R.V), Ward 4, 9thSt
10.Netrampakkam (P) And (R.V), Ward 4, 10th St
11.Netrampakkam (P) And (R.V), Ward 4, 11th St
12.Netrampakkam (P) And (R.V), Ward 4, 12th St
13.Netrampakkam (P) And (R.V), Ward 4, 13th St
14.Netrampakkam (P) And (R.V), Ward 4, 14th St
15.Netrampakkam (P) And (R.V), Ward 4, 15th St
16.Netrampakkam (P) And (R.V), Ward 4, 16th St
17.Netrampakkam (P) And (R.V), Ward 4 School St
18.Netrampakkam (P) And (R.V), Ward 4, 18th St
19.Netrampakkam (P) And (R.V), Ward 4,19th St
20.Netrampakkam (P) And (R.V), Ward 4, 20th St
21.Netrampakkam (P) And (R.V), Ward 4, 21th St
22.Netrampakkam (P) And (R.V), Ward 4, Arunthathiar St
23.Netrampakkam (P) And (R.V), Ward 4, Old St 999.Overseas Electors",All India Anna Dravida Munnetra Kazhagam,Tamilaga Vettri Kazhagam,10,1.379310344827586
265,Panchayat Union Middle SchoolNallamur Additional Building West FacingSouth Side,"1.Saravambakkam, Ward 1, 16th St
2.Saravambakkam, Ward 1, 17th St
3.Saravambakkam, Ward 1, 18th St
4.Saravambakkam, Ward 1, 19th St
5.Saravambakkam, Ward 1, 20th St
6.Saravambakkam, Ward 1, 21th St
7.Saravambakkam, Ward 1, 22nd St
8.Saravambakkam, Ward 1, 23rd St
9.Saravambakkam, Ward 1, 24th St
10.Saravambakkam, Ward 1, 25th St
11.Saravambakkam, Ward 1, 26th St
12.Saravambakkam, Ward 2, Kolathur Village St
13.Saravambakkam, Ward 2, 27th St
14.Saravambakkam, Ward 2, 28th St
15.Saravambakkam, Ward 2, 29th St
16.Saravambakkam, Ward 2, 30 St
17.Saravambakkam, Ward 2, 31st St
18.Saravambakkam, Ward 2, 32th st
19.Saravambakkam, Ward 2, 33th St
20.Saravambakkam, Ward 2, 34th St
21.Saravambakkam, Ward 2, 35th St
22.Saravambakkam, Ward 2 bharathi st
23.Saravambakkam, Ward 1, Peruveli Pathai
24.Saravambakkam, Ward 1, 36th St
25.Saravambakkam, Ward 1 Reddiyar St
26.Saravambakkam, Ward 2, 37 St 999.Overseas Electors",Dravida Munnetra Kazhagam,Tamilaga Vettri Kazhagam,26,3.27455919395466
266,Panchayat Union Middle School Nallamur Additional Building South Facing West Side,"1.Nallamoor, Ward 1 chithamoor & chayyar road
2.Nallamoor, Ward 3 Thannadu Road
3.Nallamoor, Ward 1 Nallamoor Yerikarai St
4.Nallamoor, Ward 1 NallaMoor 1st St
5.Nallamoor, Ward 1 Nallamoor 2nd St
6.Nallamoor, Ward 1 Nallamoor 3rd St
7.Nallamoor, Ward 2 Nallamoor 4th St
8.Nallamoor, Ward 2 Nallamoor 5th St
9.Nallamoor, Ward 2 Nallamoor 6th St
10.Nallamoor, Ward 2 Nallamoor 7th St
11.Nallamoor, Ward 2 Nallamoor 8th St
12.Nallamoor, Ward 2 Nallamoor 9th St
13.Nallamoor, Ward 2 Nallamoor 10th St
14.Nallamoor, Ward 2 Nallamoor 11th St
15.Nallamoor, Ward 2 Nallamoor 12th St
16.Nallamoor, Ward 1 Nallamoor 13th St
17.Nallamoor, Ward 2 Nallamoor 14th St
18.Nallamoor, Ward 1 Nallamoor 15th St
19.Nallamoor, Ward 2 Nallamoor 16th St
20.Nallamoor, Ward 2 Nallamoor 17th St
21.Nallamoor, Ward 2 Pillaiyar Koil St
22.Nallamoor, Ward 2 Nallamoor 18th St
23.Nallamoor, Ward 2 Nallamoor 19th St
24.Nallamoor, Ward 3 Chayyur Salai
25.Nallamoor, Ward 3 Nallamoor 20th St
26.Nallamoor, Ward 3 Nallamoor 21th St
27.Nallamoor, Ward 3 Nallamoor 22nd St
28.Nallamoor, Ward 3 Nallamoor 24th St 999.OVERSEAS ELECTORS",Dravida Munnetra Kazhagam,Tamilaga Vettri Kazhagam,18,1.71919770773639
267,Adhithiravidar Nala Primary School West Facing Thonnadu,"1.Thannadu, Ward 1 irular colany
2.Thannadu, Ward 1 Vainniyar St
3.Thannadu, Ward 1 Vainniyar Mettu St
4.Thannadu, Ward 1 vainniyar east st
5.Thannadu, Ward 1 Pillaiyar Koil St
6.Thannadu, Ward 1 Mariyamman Koil St
7.Thannadu, Ward 2 kainkaiyamman koil st
8.Thannadu, Ward 2 Kanniyamman St
9.Thannadu, Ward 2 Palla Colany
10.Thannadu, Ward 2 Color St Colany
11.Thannadu, Ward 1 Arulpuram 999.Overseas Electors",Dravida Munnetra Kazhagam,All India Anna Dravida Munnetra Kazhagam,30,3.663003663003663
268,"Panchayath union primary school, melvasalai South Facing","1.Neerper (P) And (R.V), Ward 1 Ratiyar St
2.Neerper (P) And (R.V), Ward Mettu St
3.Neerper (P) And (R.V), Ward 1 Ponniyamman Koil First St
4.Neerper (P) And (R.V), Ward 1 Poonniyamman Koil Secound St
5.Neerper (P) And (R.V), Ward 2 Madha Koil St
6.Neerper (P) And (R.V), Ward 2 Mariyamman Koil St
7.Neerper (P) And (R.V), Ward 2 Kainkaiyamman Koil St
8.Neerper (P) And (R.V), Ward 3 Vinayagar Koil St
9.Neerper (P) And (R.V), Ward 3 Mariyamman Koil St
10.Neerper (P) And (R.V), Ward 3 Selliyamman Koil St
11.Neerper (P) And (R.V), Ward 3 Malaimetu St
12.Neerper (P) And (R.V), Ward 3 T,V,S Nagar 2nd St 999.Overseas Electors",Dravida Munnetra Kazhagam,All India Anna Dravida Munnetra Kazhagam,21,2.245989304812834
268,286_No_data,286_No_data,Dravida Munnetra Kazhagam,All India Anna Dravida Munnetra Kazhagam,21,2.245989304812834
269,"Panchayath union primary school, melvasalai South Facing West Side","1.Neerper (P) And (R.V), Ward 1 kizhvasalai pradhanasalai
2.Neerper (P) And (R.V), Ward 3 kizhvasalai 1st st
3.Neerper (P) And (R.V), Ward 3 Reatiyar St
4.Neerper (P) And (R.V), Ward 3Kizhvasalai 2nd St
5.Neerper (P) And (R.V), Ward 3 Kizhvasalai 3rd St
6.Neerper (P) And (R.V), Ward 4 nelamangalam first st
7.Neerper (P) And (R.V), Ward 4 Nelamangalam 2nd St
8.Neerper (P) And (R.V), Ward 4 Nelamangalai 3rd St
9.Neerper (P) And (R.V), Ward 4 Vinayagar Koil St
10.Neerper (P) And (R.V), Ward 4 Muthumariyamman Koil St
11.Neerper (P) And (R.V), Ward 4 Muthumariyamman Koil St
12.Neerper (P) And (R.V), Ward 1 t,v,s nagar first st 999.Overseas Electors",Dravida Munnetra Kazhagam,All India Anna Dravida Munnetra Kazhagam,25,4.23728813559322
271,Govt. high school onambakkam West facing,"1.Onnampakkam, Ward 1 Colony 1st Street
2.Onampakam, Ward 1 Colony 2nd St
3.Onampakam, Ward 1 Santhu Veethi
4.Onampakam, Ward 1 Cross St
5.Onampakkam, Ward 1 Colony 5th St
6.Onampakkam, Ward 2 Onampakkam 4th St
7.Onampakkam, Ward 2 Onampakkam 3rd St
8.Onampakkam, Ward 2 Onampakkam Hospital Road
9.Onampakkam, Ward 2 Post Office St
10.Onampakkam, Ward 2 School St
11.Onampakkam, Ward 3 onampakkam cheyyur chithamur salai 999.Overseas Electors",All India Anna Dravida Munnetra Kazhagam,All India Anna Dravida Munnetra Kazhagam,0,0.0
273,PANCHAYAT UNION MIDDLE SCHOOL KATTUDEVADHUR EAST FACING NORTH SIDE,"1.Kattudevadhur (P) And (R.V), Ward 1 kattudevadhur main road
2.Kattudevadhur (P) And (R.V), Orankavali
3.Kattudevadhur (P) And (R.V), Ward 1 Mariyamman Koil St
4.Kattudevadhur (P) And (R.V), Ward 1 School St
5.Kattudevadhur (P) And (R.V), Ward 2 Colony First St
6.Kattudevadhur (P) And (R.V), Ward 2 Colony Main Road
7.Kattudevadhur (P) And (R.V), Ward 2 Colony Secound St
8.Kattudevadhur (P) And (R.V), Ward 1 Kulakkarai St
9.Kattudevadhur (P) And (R.V), Ward 3 Third St
10.Kattudevadhur (P) And (R.V), Ward 3 Secound St
11.Kattudevadhur (P) And (R.V), Ward 3 First St
12.Kattudevadhur (P) And (R.V), Ward 1 Chatti St
13.Kattudevadhur (P) And (R.V), Ward 1 Vilanganur Main Road 999.Overseas Electors",All India Anna Dravida Munnetra Kazhagam,Tamilaga Vettri Kazhagam,12,1.520912547528517
282,"Panchayat Union Middle School, Periyavenmani north facing east side","1.Viraloor (P) And (R.V), Ward 1 malai st
2.Viraloor (P) And (R.V), Ward 1 Nagamalai
3.Viraloor (P) And (R.V), Ward 2 Pillayar Koil St
4.Viraloor (P) And (R.V), Ward 2 Colony
5.Viraloor (P) And (R.V), Ward 2 Vetkadu
6.Viraloor (P) And (R.V), Ward 3 Devanur Vanniyar St
7.Viraloor (P) And (R.V), Ward 3 Mariamman Koil St
8.Viraloor (P) And (R.V), Ward 3 Vellarai Bharathi Nagar 999.Overseas Electors",Tamilaga Vettri Kazhagam,All India Anna Dravida Munnetra Kazhagam,4,0.5291005291005291
285,"Welfare Higher Secondary School, Irumbedu, East facing south side 7th std","1.Irumpedu (P) And (R.V), Ward 2 yadavar St
2.Irumpedu (P) And (R.V), Ward 2 PallaColany Pogum St
3.Irumpedu (P) And (R.V), Ward 2 Pillaiyar Koil St
4.Irumpedu (P) And (R.V), Ward 2 Kulakkarai North St
5.Irumpedu (P) And (R.V), Ward 2 Kulakkari South St
6.Irumpedu (P) And (R.V), Ward 2 Sunampedu
7.Irumpedu (P) And (R.V), Ward 2 Pillaiyar Koil pathi
8.Irumpedu (P) And (R.V), Ward 2 pallacolany maniyamman koil st
9.Irumpedu (P) And (R.V), Ward 2 Pallacolany Cross St 999.Overseas Electors",All India Anna Dravida Munnetra Kazhagam,Dravida Munnetra Kazhagam,8,1.433691756272401
