Locality of Polling Station,Total_Booths_In_Locality,Dominant_Party_In_Sector,Booths_Won_By_Dominant_Party,All India Anna Dravida Munnetra Kazhagam,Desiya Murpokku Dravida Kazhagam,Tamilaga Vettri Kazhagam
Agalur-604203,1,Desiya Murpokku Dravida Kazhagam,1,0,1,0
Agoor-604207,2,All India Anna Dravida Munnetra Kazhagam,1,1,1,0
Alagramam-604302,5,All India Anna Dravida Munnetra Kazhagam,3,3,1,1
Ammakulam-604203,1,All India Anna Dravida Munnetra Kazhagam,1,1,0,0
Ammanampakkam-60420 7,1,Desiya Murpokku Dravida Kazhagam,1,0,1,0
Ammankulathumedu-6043 06,1,All India Anna Dravida Munnetra Kazhagam,1,1,0,0
Anangur-604203,1,All India Anna Dravida Munnetra Kazhagam,1,1,0,0
Ananthur-604202,1,All India Anna Dravida Munnetra Kazhagam,1,1,0,0
Aniladi-605651,2,Desiya Murpokku Dravida Kazhagam,1,0,1,1
Arugavur-604203,2,All India Anna Dravida Munnetra Kazhagam,2,2,0,0
Asoor-604207,2,All India Anna Dravida Munnetra Kazhagam,2,2,0,0
Athikuppam-605652,1,All India Anna Dravida Munnetra Kazhagam,1,1,0,0
Athipakkam-604207,1,Tamilaga Vettri Kazhagam,1,0,0,1
Avaiyarkuppam-604302,1,All India Anna Dravida Munnetra Kazhagam,1,1,0,0
Aviyur-604203,1,All India Anna Dravida Munnetra Kazhagam,1,1,0,0
Avvaiyarkuppam-604302,2,All India Anna Dravida Munnetra Kazhagam,2,2,0,0
Boonthi-604203,1,All India Anna Dravida Munnetra Kazhagam,1,1,0,0
Chendur-604302,2,All India Anna Dravida Munnetra Kazhagam,1,1,0,1
Chinnagaram-604210,1,All India Anna Dravida Munnetra Kazhagam,1,1,0,0
Chinnanerkunam-604302,2,All India Anna Dravida Munnetra Kazhagam,2,2,0,0
Chithani-605652,2,All India Anna Dravida Munnetra Kazhagam,2,2,0,0
Deevanur-604206,2,All India Anna Dravida Munnetra Kazhagam,1,1,0,1
Dhathapuram-604207,3,All India Anna Dravida Munnetra Kazhagam,3,3,0,0
Eachur-604203,2,All India Anna Dravida Munnetra Kazhagam,2,2,0,0
Edapalayam-604302,1,All India Anna Dravida Munnetra Kazhagam,1,1,0,0
Elamangalam-604206,1,All India Anna Dravida Munnetra Kazhagam,1,1,0,0
Ethanemili-604207,2,All India Anna Dravida Munnetra Kazhagam,2,2,0,0
Evalur-604307,1,Desiya Murpokku Dravida Kazhagam,1,0,1,0
Ezhaay-605652,1,All India Anna Dravida Munnetra Kazhagam,1,1,0,0
Ganapathipattu-605652,2,All India Anna Dravida Munnetra Kazhagam,2,2,0,0
Grandipuram-604207,1,Tamilaga Vettri Kazhagam,1,0,0,1
Illodu-604210,2,All India Anna Dravida Munnetra Kazhagam,1,1,1,0
Irumbuli-604208,1,All India Anna Dravida Munnetra Kazhagam,1,1,0,0
Kadambur-604206,2,All India Anna Dravida Munnetra Kazhagam,1,1,0,1
Kadukapattu-604203,1,All India Anna Dravida Munnetra Kazhagam,1,1,0,0
Kalaiyur-604206,2,All India Anna Dravida Munnetra Kazhagam,2,2,0,0
Kalladikuppam-605651,2,All India Anna Dravida Munnetra Kazhagam,2,2,0,0
Kallalippattu-604205,1,All India Anna Dravida Munnetra Kazhagam,1,1,0,0
Kallappuliyur-604208,2,All India Anna Dravida Munnetra Kazhagam,1,1,0,1
Kammandur-604206,2,All India Anna Dravida Munnetra Kazhagam,1,1,1,0
Kandamanalur-604208,1,All India Anna Dravida Munnetra Kazhagam,1,1,0,0
Kanniyam-604304,1,All India Anna Dravida Munnetra Kazhagam,1,1,0,0
Kappai-604205,2,All India Anna Dravida Munnetra Kazhagam,2,2,0,0
Kariyamangalam-604210,1,All India Anna Dravida Munnetra Kazhagam,1,1,0,0
Karunguzhi-604203,1,All India Anna Dravida Munnetra Kazhagam,1,1,0,0
Karuvapakkam-604207,1,All India Anna Dravida Munnetra Kazhagam,1,1,0,0
Kattanchimedu-604306,1,All India Anna Dravida Munnetra Kazhagam,1,1,0,0
Kattusiviri-604207,2,All India Anna Dravida Munnetra Kazhagam,2,2,0,0
Keelkaranai-604307,1,All India Anna Dravida Munnetra Kazhagam,1,1,0,0
Keelmavilangai-604207,1,All India Anna Dravida Munnetra Kazhagam,1,1,0,0
Keezhvailamur-605651,2,All India Anna Dravida Munnetra Kazhagam,1,1,0,1
Kelmampattu-605651,1,All India Anna Dravida Munnetra Kazhagam,1,1,0,0
Kelpappambadi-604205,2,All India Anna Dravida Munnetra Kazhagam,2,2,0,0
Kezhmalaiyanur-604207,1,Tamilaga Vettri Kazhagam,1,0,0,1
Kodium-604207,1,All India Anna Dravida Munnetra Kazhagam,1,1,0,0
Kollar-604206,3,Tamilaga Vettri Kazhagam,2,1,0,2
Kolliyankunam-604304,2,Tamilaga Vettri Kazhagam,2,0,0,2
Konakkampattu-604206,1,All India Anna Dravida Munnetra Kazhagam,1,1,0,0
Konamangalam-604304,1,All India Anna Dravida Munnetra Kazhagam,1,1,0,0
Kongarapattu-604306,3,All India Anna Dravida Munnetra Kazhagam,3,3,0,0
Kooteripattu-604302,1,All India Anna Dravida Munnetra Kazhagam,1,1,0,0
Kootteripattu-604302,4,Tamilaga Vettri Kazhagam,3,1,0,3
Koralur-604304,1,Desiya Murpokku Dravida Kazhagam,1,0,1,0
Koravanandhal-604206,1,All India Anna Dravida Munnetra Kazhagam,1,1,0,0
Kurinjipai-604205,2,All India Anna Dravida Munnetra Kazhagam,2,2,0,0
Mahadevimangalam-6042 10,1,All India Anna Dravida Munnetra Kazhagam,1,1,0,0
Mailam-604304,5,All India Anna Dravida Munnetra Kazhagam,3,3,0,2
Mampakkam-604406,1,All India Anna Dravida Munnetra Kazhagam,1,1,0,0
Mandagapattu-604302,1,All India Anna Dravida Munnetra Kazhagam,1,1,0,0
Maniyampattu-604206,1,All India Anna Dravida Munnetra Kazhagam,1,1,0,0
Marur-605651,1,All India Anna Dravida Munnetra Kazhagam,1,1,0,0
Maruthuvampadi-604210,1,All India Anna Dravida Munnetra Kazhagam,1,1,0,0
Melathanur-604207,1,All India Anna Dravida Munnetra Kazhagam,1,1,0,0
Melathipakkam-604207,2,Desiya Murpokku Dravida Kazhagam,2,0,2,0
Melkalavai-604208,2,All India Anna Dravida Munnetra Kazhagam,2,2,0,0
Melkudalur-605651,1,All India Anna Dravida Munnetra Kazhagam,1,1,0,0
Melmavilangai-604207,1,All India Anna Dravida Munnetra Kazhagam,1,1,0,0
Melolakkur-604203,2,All India Anna Dravida Munnetra Kazhagam,2,2,0,0
Melpakkam-604001,2,All India Anna Dravida Munnetra Kazhagam,2,2,0,0
Melperadikuppam-604206,1,All India Anna Dravida Munnetra Kazhagam,1,1,0,0
Melsevur-604306,3,All India Anna Dravida Munnetra Kazhagam,2,2,0,1
Melsithamur-604206,4,All India Anna Dravida Munnetra Kazhagam,2,2,0,2
Melsiviri-604207,1,All India Anna Dravida Munnetra Kazhagam,1,1,0,0
Modaiyur-604206,4,All India Anna Dravida Munnetra Kazhagam,3,3,0,1
Mukkunam-604203,1,All India Anna Dravida Munnetra Kazhagam,1,1,0,0
Mupuli-604302,1,All India Anna Dravida Munnetra Kazhagam,1,1,0,0
Muttiyur-604302,1,Desiya Murpokku Dravida Kazhagam,1,0,1,0
Naduvananthal-604207,3,All India Anna Dravida Munnetra Kazhagam,3,3,0,0
Naganthur-605651,1,Tamilaga Vettri Kazhagam,1,0,0,1
Nallamur-604302,1,All India Anna Dravida Munnetra Kazhagam,1,1,0,0
Nangiyanandal-604203,1,All India Anna Dravida Munnetra Kazhagam,1,1,0,0
Narerikuppam-604306,1,All India Anna Dravida Munnetra Kazhagam,1,1,0,0
Nattarmangalam-604206,1,All India Anna Dravida Munnetra Kazhagam,1,1,0,0
Nedimozhiyanur-604306,5,All India Anna Dravida Munnetra Kazhagam,4,4,0,1
Neerperunthagaram-6042 07,1,All India Anna Dravida Munnetra Kazhagam,1,1,0,0
Neganur Pudhur-604202,1,All India Anna Dravida Munnetra Kazhagam,1,1,0,0
Neganur-604202,2,All India Anna Dravida Munnetra Kazhagam,2,2,0,0
Neikuppi-604207,2,Tamilaga Vettri Kazhagam,2,0,0,2
Old Sorathur-604205,1,Desiya Murpokku Dravida Kazhagam,1,0,1,0
P.Agaram-605651,1,All India Anna Dravida Munnetra Kazhagam,1,1,0,0
Palapattu-604302,1,Tamilaga Vettri Kazhagam,1,0,0,1
Pallikullam-604203,2,All India Anna Dravida Munnetra Kazhagam,2,2,0,0
Pampoondi-604207,1,All India Anna Dravida Munnetra Kazhagam,1,1,0,0
Panthamangalam-604302,1,Tamilaga Vettri Kazhagam,1,0,0,1
Pathirapuliyur-604304,4,All India Anna Dravida Munnetra Kazhagam,2,2,2,0
Pattanam-604307,3,All India Anna Dravida Munnetra Kazhagam,3,3,0,0
Pelakuppam-604207,2,All India Anna Dravida Munnetra Kazhagam,1,1,0,1
Pennagar-604210,2,All India Anna Dravida Munnetra Kazhagam,2,2,0,0
Peramandur-604302,3,Tamilaga Vettri Kazhagam,2,1,0,2
Perani-605651,3,All India Anna Dravida Munnetra Kazhagam,2,2,0,1
Perapanthangal-604302,1,All India Anna Dravida Munnetra Kazhagam,1,1,0,0
Peraperi-604207,1,Tamilaga Vettri Kazhagam,1,0,0,1
"Periyathachur, Vinayagapuram-605651",1,All India Anna Dravida Munnetra Kazhagam,1,1,0,0
Periyathachur-605651,4,All India Anna Dravida Munnetra Kazhagam,3,3,0,1
Perumbugai-604202,1,All India Anna Dravida Munnetra Kazhagam,1,1,0,0
Perumpoondi-604210,1,All India Anna Dravida Munnetra Kazhagam,1,1,0,0
Puliyanur-604207,2,Tamilaga Vettri Kazhagam,2,0,0,2
Purangarai-604307,1,Desiya Murpokku Dravida Kazhagam,1,0,1,0
Rajampuliyur-604205,1,All India Anna Dravida Munnetra Kazhagam,1,1,0,0
Rettanai-604306,7,All India Anna Dravida Munnetra Kazhagam,5,5,0,2
S.Kadur-604305,1,All India Anna Dravida Munnetra Kazhagam,1,1,0,0
Salai-604206,1,All India Anna Dravida Munnetra Kazhagam,1,1,0,0
Sandisatchi-604210,1,All India Anna Dravida Munnetra Kazhagam,1,1,0,0
Sathanur-604307,1,All India Anna Dravida Munnetra Kazhagam,1,1,0,0
Se.Kothamangalam-60565 1,2,All India Anna Dravida Munnetra Kazhagam,1,1,1,0
Sellapiratti-604210,1,All India Anna Dravida Munnetra Kazhagam,1,1,0,0
Sempakkam-604207,1,All India Anna Dravida Munnetra Kazhagam,1,1,0,0
Sendiyampakkam-604302,1,Tamilaga Vettri Kazhagam,1,0,0,1
Sengamedu-604306,1,All India Anna Dravida Munnetra Kazhagam,1,1,0,0
Servalagam-604206,2,All India Anna Dravida Munnetra Kazhagam,2,2,0,0
Sethuvarayanallur-604203,1,All India Anna Dravida Munnetra Kazhagam,1,1,0,0
Singanikuppam-604207,1,All India Anna Dravida Munnetra Kazhagam,1,1,0,0
Sivananthal-604203,1,All India Anna Dravida Munnetra Kazhagam,1,1,0,0
Sorathur-604205,1,Desiya Murpokku Dravida Kazhagam,1,0,1,0
Sozhangunam-604210,2,All India Anna Dravida Munnetra Kazhagam,2,2,0,0
T.Kenipattu-604302,1,All India Anna Dravida Munnetra Kazhagam,1,1,0,0
T.Panchalam-604307,1,Tamilaga Vettri Kazhagam,1,0,0,1
Thaiyur-604205,2,All India Anna Dravida Munnetra Kazhagam,2,2,0,0
Thalavalappattu-605651,1,Tamilaga Vettri Kazhagam,1,0,0,1
Thalavanur-604205,1,All India Anna Dravida Munnetra Kazhagam,1,1,0,0
Thamanur-604210,1,All India Anna Dravida Munnetra Kazhagam,1,1,0,0
Thaniyal-604207,1,Tamilaga Vettri Kazhagam,1,0,0,1
Thazhuthali-604304,2,All India Anna Dravida Munnetra Kazhagam,2,2,0,0
Thenalapakkam-604304,2,All India Anna Dravida Munnetra Kazhagam,1,1,0,1
Thenkollapakkam-604304,1,All India Anna Dravida Munnetra Kazhagam,1,1,0,0
Thenputhur-604306,2,All India Anna Dravida Munnetra Kazhagam,2,2,0,0
Thiruvampattu-604205,2,All India Anna Dravida Munnetra Kazhagam,1,1,0,1
Thondur-604210,2,All India Anna Dravida Munnetra Kazhagam,2,2,0,0
Thuduppakkam-604205,1,All India Anna Dravida Munnetra Kazhagam,1,1,0,0
Udayanthangal-604208,1,All India Anna Dravida Munnetra Kazhagam,1,1,0,0
Ural-604307,2,All India Anna Dravida Munnetra Kazhagam,2,2,0,0
V.Nallalam-605651,1,Tamilaga Vettri Kazhagam,1,0,0,1
V.Panchalam-605651,1,Tamilaga Vettri Kazhagam,1,0,0,1
Vadampoondi-604207,1,All India Anna Dravida Munnetra Kazhagam,1,1,0,0
Vadasiruvalur-604207,2,All India Anna Dravida Munnetra Kazhagam,1,1,1,0
Vairapuram-604207,1,All India Anna Dravida Munnetra Kazhagam,1,1,0,0
Vallam-604206,2,All India Anna Dravida Munnetra Kazhagam,2,2,0,0
Veedur-605652,5,All India Anna Dravida Munnetra Kazhagam,3,3,1,1
Veeranamur-604203,3,All India Anna Dravida Munnetra Kazhagam,2,2,0,1
Vellimedupettai-604207,3,All India Anna Dravida Munnetra Kazhagam,3,3,0,0
Vempoondi-604302,2,All India Anna Dravida Munnetra Kazhagam,1,1,0,1
Venganthur-604306,4,All India Anna Dravida Munnetra Kazhagam,3,3,0,1
Venmaniyathur-604207,2,All India Anna Dravida Munnetra Kazhagam,2,2,0,0
Vilangambadi-604302,1,All India Anna Dravida Munnetra Kazhagam,1,1,0,0
Virapuram-604207,1,All India Anna Dravida Munnetra Kazhagam,1,1,0,0
Virpattu-604206,1,All India Anna Dravida Munnetra Kazhagam,1,1,0,0
Vizhukkam-604206,2,All India Anna Dravida Munnetra Kazhagam,1,1,0,1
kallalippattu-604205,1,All India Anna Dravida Munnetra Kazhagam,1,1,0,0
