Location and name of building in which Polling Station located,Total_Booths_In_Locality,Dominant_Party,Dominant_Party_Booths_Won
"Anganwadi Center, Muthaiampatti 638702,North facing building (Separate Poration)",1,All India Anna Dravida Munnetra Kazhagam,1
"Anganwadi Centre Kullaipalayam,West Facing Building (Separate Portion)",1,All India Anna Dravida Munnetra Kazhagam,1
"Anganwadi Centre, Akkaraipalayam, South facing Building",1,All India Anna Dravida Munnetra Kazhagam,1
"Anganwadi Centre, Kondarasampalayam, South Facing Building",1,All India Anna Dravida Munnetra Kazhagam,1
"Anganwadi Centre, Vengipalayam-638702, East facing Building",1,All India Anna Dravida Munnetra Kazhagam,1
"Anganwadi Certer, Bajanai Mada Street, Dharapuram,Building facing South (Separate Portion)",1,Tamilaga Vettri Kazhagam,1
"Anganwadi Maiyam, Kulukkapalayam 638673 West Facing Building",1,All India Anna Dravida Munnetra Kazhagam,1
"C S I Boys Higher Secondary  School, Pollachi Road, Dharapuram, North facing Building (Middle
Portion)",1,Dravida Munnetra Kazhagam,1
"C.S.I Boys Hr.Sec.School, Pollachi Road, dharapuram, Building facing East (Centre Portion)",1,All India Anna Dravida Munnetra Kazhagam,1
"C.S.I Boys Hr.Sec.School, Pollachi Road, dharapuram, Building facing East (North side)",1,Dravida Munnetra Kazhagam,1
"C.S.I Boys Hr.Sec.School, Pollachi Road, dharapuram, Building facing West (South Portion)",1,Dravida Munnetra Kazhagam,1
"C.S.I. Primary School, Somanuthu-638672,East facing Terraced Building",1,All India Anna Dravida Munnetra Kazhagam,1
"C.S.I.Ele.School, Chinnaputhur-
638657 East facing Building",1,All India Anna Dravida Munnetra Kazhagam,1
"C.S.I.Ele.School, Kamankovil Street,Building facing South (Western side)",1,Dravida Munnetra Kazhagam,1
"C.S.I.Ele.School, Kammankovil Street, Dharapuram,Building facing
South (East Portion)",1,Tamilaga Vettri Kazhagam,1
"C.S.I.Ele.School, Kammankovil Street, Dharapuram,Building facing West (2nd Std)",1,Tamilaga Vettri Kazhagam,1
"C.S.I.Elementary School, Alampalayam,East Facing Building",1,All India Anna Dravida Munnetra Kazhagam,1
"C.S.I.Elementary School, Kamankovil St,Dharapuram 638656, West facing building (North
Portion)",1,Dravida Munnetra Kazhagam,1
"C.S.I.Girls Hr.Sec.School, Udumalai Road, Dharapuram-638 656,Building facing East (North Portion)",1,Dravida Munnetra Kazhagam,1
"C.S.I.Girls Hr.Sec.School, Udumalai Road, Dharapuram-638 656,Building facing East (South Portion)",1,Dravida Munnetra Kazhagam,1
"C.S.I.Girls Hr.Sec.School, Udumalai Road, Dharapuram-638 656,Building facing South (West Portion)",1,All India Anna Dravida Munnetra Kazhagam,1
"Govt High School , Nanjiampalayam 638657,Building facing West (North Portion)",1,All India Anna Dravida Munnetra Kazhagam,1
"Govt High School , Nanjiampalayam-638657,Building facing North (East Portion)",1,All India Anna Dravida Munnetra Kazhagam,1
"Govt High School Nallimadam-638706, North facing Building (East Portion)",1,All India Anna Dravida Munnetra Kazhagam,1
"Govt High School, Nanjiampalayam-638657,Building facing South (East Portion)",1,Tamilaga Vettri Kazhagam,1
"Govt High School, Pottickampalayam,South facing building (East Portion)",1,All India Anna Dravida Munnetra Kazhagam,1
"Govt High School, Pottickampalayam,South facing building (West Portion)",1,All India Anna Dravida Munnetra Kazhagam,1
"Govt High School, Sesaiyanpalayam 638106,South Facing Building",1,All India Anna Dravida Munnetra Kazhagam,1
"Govt High.School, Manakkadavu,Building facing North (South side)",1,All India Anna Dravida Munnetra Kazhagam,1
"Govt High.School, Manakkadavu,West facing building (North side)",1,Dravida Munnetra Kazhagam,1
"Govt Hr Sec School ,Moolanur 638106,West Facing Main Building North Part",1,All India Anna Dravida Munnetra Kazhagam,1
"Govt Hr Sec School ,Moolanur 638106,West Facing Main Building South Part",1,Dravida Munnetra Kazhagam,1
"Govt Hr Sec School, Elugamvalasu,Building facing west (Center Room)",1,Dravida Munnetra Kazhagam,1
"Govt Hr Sec School, Moolanur 638106,East Facing Main Building North Portion",1,All India Anna Dravida Munnetra Kazhagam,1
"Govt Hr Sec School, Moolanur 638106,East Facing Main Building South Portion",1,Tamilaga Vettri Kazhagam,1
"Govt.Aided Elementary School, Rakkiavalasu, North facing Building",1,All India Anna Dravida Munnetra Kazhagam,1
"Govt.High School, Nanjiampalayam-638657,Building facing South (West Portion)",1,Tamilaga Vettri Kazhagam,1
"Govt.High School, Nanjiampalayam-638657,West facing building (South Portion)",1,All India Anna Dravida Munnetra Kazhagam,1
"Govt.High School, Punjaithalaiyur,Building facing South",1,All India Anna Dravida Munnetra Kazhagam,1
"Govt.Higher Sec.School, Dharapuram,North facing Building, East Portion (Room No.51)",1,Tamilaga Vettri Kazhagam,1
"Govt.Higher Sec.School, Dharapuram,South facing RCC building (East Portion) Room No-21",1,Dravida Munnetra Kazhagam,1
"Govt.Higher Sec.School, Dharapuram,South facing RCC building (West Portion) Room No-23",1,Tamilaga Vettri Kazhagam,1
"Govt.Higher Sec.School, Dharapuram-638656,North facing building West Portion (Room No.52)",1,All India Anna Dravida Munnetra Kazhagam,1
"Govt.Higher Sec.School, Kundadam,South facing building (West side)",1,All India Anna Dravida Munnetra Kazhagam,1
"Govt.Higher Sec.School, Kundadam,West facing building (Center Portion)",1,All India Anna Dravida Munnetra Kazhagam,1
"Govt.Hr.Sec.School, Alangiam 638657, North facing Building (East Portion)",1,Dravida Munnetra Kazhagam,1
"Govt.Hr.Sec.School, Alangiam 638657, North facing Building (West Portion)",1,Dravida Munnetra Kazhagam,1
"Govt.Hr.Sec.School, Alangiam,Building facing North (West Portion)",1,Dravida Munnetra Kazhagam,1
"Govt.Hr.Sec.School, Kolathupalayam-638 661,Building facing South (West side) West Room",1,Dravida Munnetra Kazhagam,1
"Govt.Hr.Sec.School, Kolathupalayam-638 661,Building facing South East Side (East Room)",1,All India Anna Dravida Munnetra Kazhagam,1
"Govt.Hr.Sec.School, Kolathupalayam-638 661,Building facing South East side (West Room)",1,All India Anna Dravida Munnetra Kazhagam,1
"Govt.Hr.Sec.School, Kolathupalayam-638 661,Building facing South West side (East Room)",1,All India Anna Dravida Munnetra Kazhagam,1
"Govt.Hr.Sec.School, Moolanur-638106,Building facing East (North Portion)",1,Tamilaga Vettri Kazhagam,1
"Govt.Hr.Sec.School, Moolanur-638106,Building facing East (South Portion)",1,All India Anna Dravida Munnetra Kazhagam,1
"Govt.Hr.Sec.School,Elugamvalasu, East facing Building (South Portion)",1,All India Anna Dravida Munnetra Kazhagam,1
"Mpl.Ele.School, Bajanai Mada
Street, Dharapuram, Building facing North (West Portion)",1,Dravida Munnetra Kazhagam,1
"Mpl.Ele.School, Bajanai Mada Street, Dharapuram,Building facing East",1,Dravida Munnetra Kazhagam,1
"Mpl.Ele.School, Bajanai Mada Street, Dharapuram,Building facing North (East Portion) 2nd Std",1,Tamilaga Vettri Kazhagam,1
"Mpl.Middle School, Kolinjivadi-638673,Building Facing North (East Portion)",1,All India Anna Dravida Munnetra Kazhagam,1
"Mpl.Middle School, Kolinjivadi-638673,Building facing North (Center Room) Eastern side building
of North-South Road",1,Dravida Munnetra Kazhagam,1
"Mpl.Middle School, Kolinjivadi-638673,Building facing North (East side Room) Eastern side building of North South Road) (Store Room)",1,Dravida Munnetra Kazhagam,1
"Mpl.Middle School, Kolinjivadi-638673,Building facing North (East side Room) Eastern side building of North South Road)(5th Std)",1,All India Anna Dravida Munnetra Kazhagam,1
"Mpl.Middle School, Kolinjivadi-638673,Building facing North (West side Room) Eastern side building of North-South Road)",1,Dravida Munnetra Kazhagam,1
"Mpl.Middle School, Kolinjivadi-638673,South Facing Building (West Portion)",1,Dravida Munnetra Kazhagam,1
"Mpl.Middle School, OPS Street, Dharapuram,Building Facing West (Separate Building) 8th Std",1,Dravida Munnetra Kazhagam,1
"Mpl.Middle School, OPS Street, Dharapuram,Building facing East (North Portion) 5th Std",1,Tamilaga Vettri Kazhagam,1
"Mpl.Middle School, OPS Street, Dharapuram,Building facing East (South Portion) 2nd Std",1,Dravida Munnetra Kazhagam,1
"Mpl.Middle School,Chittravuthanpalayam,North Facing Building (East Portion) 8th Std",1,Dravida Munnetra Kazhagam,1
"Mpl.Middle School,Chittravuthanpalayam,West Facing Building (Middle Portion) 7th Std",1,All India Anna Dravida Munnetra Kazhagam,1
"Municipal Middle School, Chittravuthanpalayam, Dharapuram 638656, West Facing Building (North Portion)",1,Tamilaga Vettri Kazhagam,1
"Municipal Middle School, Chittravuthanpalayam, Dharapuram, South facing Building (West Portion)",1,Tamilaga Vettri Kazhagam,1
"Municipal Middle School, Chittravuthanpalayam, Dharapuram,Building facing South (Eastern side)",1,Tamilaga Vettri Kazhagam,1
"Municipal Middle School, Chittravuthanpalayam, Dharapuram-638656,West facing building (South Portion)",1,Tamilaga Vettri Kazhagam,1
"Municipal Middle School, O.P.S.Road, Dharapuram 638656, East facing Building (Middle Portion)",1,Dravida Munnetra Kazhagam,1
"Municipal Middle School, O.P.S.Road, Dharapuram 638656, West facing building, South Portion,7 th Standard Room",1,Tamilaga Vettri Kazhagam,1
"Municipal Middle School, O.P.S.Road, Dharapuram, West facing building, North Portion",1,Tamilaga Vettri Kazhagam,1
"Municipal Middle School, Valaiyakaran Street,Dharapuram-638656,West facing Building",1,Dravida Munnetra Kazhagam,1
"Municipal Middle School, Valaiyakkara Street, Dharapuram-638656,Building facing South (West Portion)",1,Dravida Munnetra Kazhagam,1
"Municipal Middle School, Valayakkar street, Dharapuram, East facing Building (South Portion)",1,Tamilaga Vettri Kazhagam,1
"N.C.P.Mpl.Hr.Sec.School, Pollachi Road, Dharapuram,Building facing East (South Side)",1,All India Anna Dravida Munnetra Kazhagam,1
"N.C.P.Mpl.Hr.Sec.School, Pollachi Road, Dharapuram,Building facing West (Centre Portion)",1,Dravida Munnetra Kazhagam,1
"Noon Meal Centre, Jinnamaidanam, Dharapuram,Building Facing East",1,Dravida Munnetra Kazhagam,1
"P U E School , Chinniyagoundempalayam 638657,East Facing Building (North Portion)",1,All India Anna Dravida Munnetra Kazhagam,1
"P U E School , Chinniyagoundempalayam 638657,East Facing Building (South Portion)",1,All India Anna Dravida Munnetra Kazhagam,1
"P U E School ,Ganapathypalayam 638673,South Facing Building",1,All India Anna Dravida Munnetra Kazhagam,1
"P U E School ,Koneripatti 638673,East Facing Building",1,All India Anna Dravida Munnetra Kazhagam,1
"P U E School Mulaiyampoondi
638111,East Facing Terraced Building Southern Side",1,Dravida Munnetra Kazhagam,1
"P U E School Mulaiyampoondi 638111,East Facing Terraced Building Northern Side",1,All India Anna Dravida Munnetra Kazhagam,1
"P U E School Peramiam 638661,North facing Tiled Building (Western side)",1,All India Anna Dravida Munnetra Kazhagam,1
"P U E School, Anaipalayam 638673,South Facing Building",1,All India Anna Dravida Munnetra Kazhagam,1
"P U E School, Ayegoundanpalayam 639201,North Facing Building (West Side)",1,All India Anna Dravida Munnetra Kazhagam,1
"P U E School, Chinnakampati 638661,East Facing Building",1,All India Anna Dravida Munnetra Kazhagam,1
"P U E School, Chinnamaruthur 638106,North Facing Building",1,All India Anna Dravida Munnetra Kazhagam,1
"P U E School, Ellapalayam 638673,West Facing Building",1,All India Anna Dravida Munnetra Kazhagam,1
"P U E School, Erachappadi 639202,North Facing Building",1,All India Anna Dravida Munnetra Kazhagam,1
"P U E School, Eragampatti 638673,North Facing Building",1,All India Anna Dravida Munnetra Kazhagam,1
"P U E School, Illiyampati 638106,South Facing Building",1,All India Anna Dravida Munnetra Kazhagam,1
"P U E School, Kalipalayam 638106,North Facing Building",1,Dravida Munnetra Kazhagam,1
"P U E School, Kathakotai
639202,North Facing Building",1,All India Anna Dravida Munnetra Kazhagam,1
"P U E School, Kathasamipalayam 639204,South Facing Building",1,All India Anna Dravida Munnetra Kazhagam,1
"P U E School, Kolanthagoundenvalasu 638106,South Facing Building",1,All India Anna Dravida Munnetra Kazhagam,1
"P U E School, M Kambaliampatti 638106,North Facing Building",1,All India Anna Dravida Munnetra Kazhagam,1
"P U E School, M Komarapalayam 638106,North Facing Building",1,All India Anna Dravida Munnetra Kazhagam,1
"P U E School, Madathupalayam 638657,East Facing Building",1,All India Anna Dravida Munnetra Kazhagam,1
"P U E School, Madhukkampalayam 638673,East Facing Building",1,All India Anna Dravida Munnetra Kazhagam,1
"P U E School, Monganallampalayam 639202,North Facing Building",1,All India Anna Dravida Munnetra Kazhagam,1
"P U E School, Muthugoundenvalasu 638106,North Facing Building",1,All India Anna Dravida Munnetra Kazhagam,1
"P U E School, Muthugoundenvalasu,North Facing Building",1,All India Anna Dravida Munnetra Kazhagam,1
"P U E School, Nanjaithalaiyur 639204,North Facing Building",1,All India Anna Dravida Munnetra Kazhagam,1
"P U E School, Olapalayam, East
Facing Building",1,Dravida Munnetra Kazhagam,1
"P U E School, Orathuppalayam 638106,West Facing Building",1,All India Anna Dravida Munnetra Kazhagam,1
"P U E School, Osapalayam 639201,East Facing Building",1,All India Anna Dravida Munnetra Kazhagam,1
"P U E School, Palanigoundenvalasu 638661,North Facing Building",1,All India Anna Dravida Munnetra Kazhagam,1
"P U E School, Pitchaikkalapatti 638106,North Facing Building",1,All India Anna Dravida Munnetra Kazhagam,1
"P U E School, Ponnivadi 638673,North Facing Building",1,All India Anna Dravida Munnetra Kazhagam,1
"P U E School, Rettaravalasu
638661,East Facing Building",1,All India Anna Dravida Munnetra Kazhagam,1
"P U E School, Sagunipalayam
638657,North Facing Building",1,All India Anna Dravida Munnetra Kazhagam,1
"P U E School, Seerampalayam 638673,South Facing Building West Part",1,All India Anna Dravida Munnetra Kazhagam,1
"P U E School, Semagoundenpudur 638106,North Facing Building",1,All India Anna Dravida Munnetra Kazhagam,1
"P U E School, Semmankarai 638106,North Facing Building",1,All India Anna Dravida Munnetra Kazhagam,1
"P U E School, Senapathypalayam 639202,East Facing Building",1,All India Anna Dravida Munnetra Kazhagam,1
"P U E School, Silukkanaickanpatti 638106,East Facing Building",1,All India Anna Dravida Munnetra Kazhagam,1
"P U E School, Valaiyakaranvalasu 638106,East Facing Building",1,All India Anna Dravida Munnetra Kazhagam,1
"P U E School, Vanjivalasu 638106,South Facing Building",1,Dravida Munnetra Kazhagam,1
"P U E School, Vannapatti 638106,West Facing Building",1,All India Anna Dravida Munnetra Kazhagam,1
"P U E School,Kottai Moolanur 638106,North Facing Building",1,All India Anna Dravida Munnetra Kazhagam,1
"P U E School,Thoddampalayam 638106,South Facing Building",1,All India Anna Dravida Munnetra Kazhagam,1
"P U E School,Vellavavipudhur 638661,North Facing Building",1,All India Anna Dravida Munnetra Kazhagam,1
"P U M School, Arikaranvalasu 639201,North Facing Building",1,All India Anna Dravida Munnetra Kazhagam,1
"P U M School, Erasinampalayam 638106,Building facing East",1,All India Anna Dravida Munnetra Kazhagam,1
"P U M School, Gandhijinagar,
Kalipalayam 638661,South Facing Building",1,Dravida Munnetra Kazhagam,1
"P U M School, Karuppanvalasu 638111,North Facing Building East side",1,All India Anna Dravida Munnetra Kazhagam,1
"P U M School, Karuppanvalasu 638111,North Facing Building West Side",1,All India Anna Dravida Munnetra Kazhagam,1
"P U M School, Nathapalayam 638106,East Facing Building West Side",1,Dravida Munnetra Kazhagam,1
"P U M School, Nathapalayam 638106,North Facing Building West Wing",1,All India Anna Dravida Munnetra Kazhagam,1
"P U M School, Somankottai 638661,South Facing Building",1,All India Anna Dravida Munnetra Kazhagam,1
"P.U Ele.School, Puduppai,Building facing North (West Building)",1,All India Anna Dravida Munnetra Kazhagam,1
"P.U.E.S Sakkaraivalasu,North Facing Building",1,All India Anna Dravida Munnetra Kazhagam,1
"P.U.E.S(Old School Building), Kottapulipalayam,Building facing East (separate Building)",1,All India Anna Dravida Munnetra Kazhagam,1
"P.U.E.S,
Vellaigoundenvalasu,Building facing East",1,All India Anna Dravida Munnetra Kazhagam,1
"P.U.E.S, Alangiam,Building facing North (West Portion)",1,Dravida Munnetra Kazhagam,1
"P.U.E.S, Alangiam,Building facing South",1,Dravida Munnetra Kazhagam,1
"P.U.E.S, Ammapatti,South facing
Building (East Portion)",1,Tamilaga Vettri Kazhagam,1
"P.U.E.S, Bommanaickenpatti,North facing Tiled Building",1,All India Anna Dravida Munnetra Kazhagam,1
"P.U.E.S, Dasanaickenpatti,Tiled building facing East (South Portion)",1,All India Anna Dravida Munnetra Kazhagam,1
"P.U.E.S, Devanallur,North facing Tiled Building (East Side)",1,All India Anna Dravida Munnetra Kazhagam,1
"P.U.E.S, Devarajpattinam-638702,Building facing North",1,All India Anna Dravida Munnetra Kazhagam,1
"P.U.E.S, Dhalavaipattinam,Building facing North (East Portion)",1,Dravida Munnetra Kazhagam,1
"P.U.E.S, Dhalavaipattinam,Building facing South (East Portion)",1,Dravida Munnetra Kazhagam,1
"P.U.E.S, Dhalavaipattinam,Building facing South (West Portion)",1,Dravida Munnetra Kazhagam,1
"P.U.E.S, Kilangundal-638106,North Facing Terraced Building (West Building)",1,All India Anna Dravida Munnetra Kazhagam,1
"P.U.E.S, Kollapatti,Building facing
North (East Portion)",1,All India Anna Dravida Munnetra Kazhagam,1
"P.U.E.S, Kollapatti,Building facing
North (West Portion)",1,Dravida Munnetra Kazhagam,1
"P.U.E.S, Kondarasampalayam-638657,East Facing Terraced Building Southern Side",1,All India Anna Dravida Munnetra Kazhagam,1
"P.U.E.S, Mettupalayam,Building
facing North",1,All India Anna Dravida Munnetra Kazhagam,1
"P.U.E.S, Nattukkalpalayam,Building facing South",1,All India Anna Dravida Munnetra Kazhagam,1
"P.U.E.S, Pethampatti,Building
facing North (East Portion)",1,All India Anna Dravida Munnetra Kazhagam,1
"P.U.E.S, Selampalayam,Building facing North (East Portion)",1,All India Anna Dravida Munnetra Kazhagam,1
"P.U.E.S, Sundakkampalayam,South facing RCC building (Western side)",1,All India Anna Dravida Munnetra Kazhagam,1
"P.U.E.S, Thottianthurai,Building facing East",1,All India Anna Dravida Munnetra Kazhagam,1
"P.U.E.S, Thottianthurai,Building facing North",1,All India Anna Dravida Munnetra Kazhagam,1
"P.U.E.S,Kilangundal-638106,North facing Tiled Building (East Building )",1,All India Anna Dravida Munnetra Kazhagam,1
"P.U.E.School Karaipalayam 638702,South facing Building",1,All India Anna Dravida Munnetra Kazhagam,1
"P.U.E.School Nochipalayam 638706,Eastfacing Building",1,All India Anna Dravida Munnetra Kazhagam,1
"P.U.E.School Pungadurai 638706,Eastfacing Building",1,All India Anna Dravida Munnetra Kazhagam,1
"P.U.E.School Puthupalayam 638706
,Northfacing Building",1,All India Anna Dravida Munnetra Kazhagam,1
"P.U.E.School Sankarandampalayam 638706,Northfacing Building",1,All India Anna Dravida Munnetra Kazhagam,1
"P.U.E.School Sirukinnar-638706,East facing Building (South wing)",1,All India Anna Dravida Munnetra Kazhagam,1
"P.U.E.School Vadugamaravapalayam 638706
,Northfacing Building",1,All India Anna Dravida Munnetra Kazhagam,1
"P.U.E.School, (Hindu) Chennakkalpalayam,North facing
building (Eastern side)",1,All India Anna Dravida Munnetra Kazhagam,1
"P.U.E.School, Dhalavoipattinam 638672,Norht Facing Building (West
portion)",1,Dravida Munnetra Kazhagam,1
"P.U.E.School, Dhalavoipattinam 638672,North Facing Building (East Side)",1,Dravida Munnetra Kazhagam,1
"P.U.E.School, Goundachipudur,Building Facing South (East Side)",1,All India Anna Dravida Munnetra Kazhagam,1
"P.U.E.School, Goundachipudur,Building Facing South (West Side)",1,Dravida Munnetra Kazhagam,1
"P.U.E.School, Kallivalasu,East facing Tiled Building",1,All India Anna Dravida Munnetra Kazhagam,1
"P.U.E.School, Kannivadi,Building facing North (West Side)",1,All India Anna Dravida Munnetra Kazhagam,1
"P.U.E.School, Kumarapalayam,South Facing Building",1,All India Anna Dravida Munnetra Kazhagam,1
"P.U.E.School, Naranapuram-
638657,Building facing East",1,Dravida Munnetra Kazhagam,1
"P.U.E.School, P.Kothanur-638706,North facing Building (East Portion)",1,Dravida Munnetra Kazhagam,1
"P.U.E.School, Panamarathupalayam,Building facing East (South side)",1,All India Anna Dravida Munnetra Kazhagam,1
"P.U.E.School, Peramiam,Building facing East",1,All India Anna Dravida Munnetra Kazhagam,1
"P.U.E.School, Peranaickenvalasu,North facing Building (West Portion)",1,All India Anna Dravida Munnetra Kazhagam,1
"P.U.E.School, Puduppai,Building
facing West",1,All India Anna Dravida Munnetra Kazhagam,1
"P.U.E.School, Puduppai,Building facing North (East Building)",1,All India Anna Dravida Munnetra Kazhagam,1
"P.U.E.School, Seerampalayam
,Building facing South (East Portion)",1,Tamilaga Vettri Kazhagam,1
"P.U.E.School, Selampalayam 638672,Building facing North (Center Portion)",1,Dravida Munnetra Kazhagam,1
"P.U.E.School, Undarapatti ,Building Facing North West Side",1,All India Anna Dravida Munnetra Kazhagam,1
"P.U.E.School, West Sadayapalayam,South facing building",1,All India Anna Dravida Munnetra Kazhagam,1
"P.U.Elementary School,
Panamarathupalayam,Building facing East (North side)",1,All India Anna Dravida Munnetra Kazhagam,1
"P.U.M School,Ponnapuram,East Facing Terraced Building South Side",1,All India Anna Dravida Munnetra Kazhagam,1
"P.U.M School,Ponnapuram,South Facing Building ( Middle Portion)",1,All India Anna Dravida Munnetra Kazhagam,1
"P.U.M.S Periaputhur,Building facing
East (Northern side)",1,All India Anna Dravida Munnetra Kazhagam,1
"P.U.M.S, Kalipalayam-638 661,Building facing South (East Portion)",1,Dravida Munnetra Kazhagam,1
"P.U.M.S, Kallivalasu-638702,Building facing North",1,All India Anna Dravida Munnetra Kazhagam,1
"P.U.M.School Edaiyapatti 638702,North facing Building (West Poration)",1,All India Anna Dravida Munnetra Kazhagam,1
"P.U.M.School Edaiyapatti 638702,South facing Building",1,All India Anna Dravida Munnetra Kazhagam,1
"P.U.M.School, Chikkinapuram,North facing RCC Building",1,All India Anna Dravida Munnetra Kazhagam,1
"P.U.M.School, Chikkinapuram,South facing Building",1,Dravida Munnetra Kazhagam,1
"P.U.M.School, Erasinampalayam,Building facing North",1,All India Anna Dravida Munnetra Kazhagam,1
"P.U.M.School, Govindapuram-
638657,Building facing South",1,All India Anna Dravida Munnetra Kazhagam,1
"P.U.M.School, Govindapuram-638657,North facing building (Eastern side)",1,Dravida Munnetra Kazhagam,1
"P.U.M.School, Govindapuram-638657,North facing building (Western side)",1,All India Anna Dravida Munnetra Kazhagam,1
"P.U.M.School, Kangayampalayam,East facing building (South side building)",1,All India Anna Dravida Munnetra Kazhagam,1
"P.U.M.School, Manoorpalayam-641
671,Building facing East",1,All India Anna Dravida Munnetra Kazhagam,1
"P.U.M.School, Manoorpalayam-641 671,Building facing West",1,All India Anna Dravida Munnetra Kazhagam,1
"P.U.M.School, Narasingapuram,
South facing Building",1,All India Anna Dravida Munnetra Kazhagam,1
"P.U.M.School, Narasingapuram,Building facing South",1,All India Anna Dravida Munnetra Kazhagam,1
"P.U.M.School, Pattuthurai-638106,North Facing Building (East Portion)",1,All India Anna Dravida Munnetra Kazhagam,1
"P.U.M.School, Thalakarai,Building facing South (Eastern side)",1,All India Anna Dravida Munnetra Kazhagam,1
"P.U.M.School, Thalakarai,Building facing South (Western side)",1,All India Anna Dravida Munnetra Kazhagam,1
"P.U.M.School, Thoppampati-638657,East Facing Building (North Portion)",1,All India Anna Dravida Munnetra Kazhagam,1
"P.U.M.School, Thoppampati-638657,East Facing Building (South Portion)",1,All India Anna Dravida Munnetra Kazhagam,1
"P.U.M.School, Veerachimangalam
,South Facing Building (East Portion)",1,All India Anna Dravida Munnetra Kazhagam,1
"P.U.M.School, Veerachimangalam,South Facing Building (Centre Portion)",1,Dravida Munnetra Kazhagam,1
"P.U.Middle School, Vellakovil Road, Moolanur,Building facing East",1,Dravida Munnetra Kazhagam,1
"P.U.Middle School, Vellakovil Road, Moolanur,North Facing Building",1,All India Anna Dravida Munnetra Kazhagam,1
"PUES Chinniyagoundenvalasu 638106,East Facing Building",1,All India Anna Dravida Munnetra Kazhagam,1
"PUES, Bellampatti-638702 ,Building facing west",1,All India Anna Dravida Munnetra Kazhagam,1
"PUES, Chinniyagoundenvalasu-638106,South Facing Building",1,All India Anna Dravida Munnetra Kazhagam,1
"PUES, Kullaipalayam,North facing
building",1,All India Anna Dravida Munnetra Kazhagam,1
"PUES, Pachapalayam-638673,East facing building (Separate Portion)",1,All India Anna Dravida Munnetra Kazhagam,1
"PUES, Therpatti-638673,East facing
building",1,All India Anna Dravida Munnetra Kazhagam,1
"PUMS Kalipalayam-638 661,Building facing East (North
Portion)",1,Dravida Munnetra Kazhagam,1
"PUMS Kalipalayam-638 661,Building facing South (West Portion)",1,Dravida Munnetra Kazhagam,1
"PUMS Vengipalayam 638702,North Facing Building (East Portion)",1,All India Anna Dravida Munnetra Kazhagam,1
"PUMS Vengipalayam 638702,North Facing Building (West Portion)",1,All India Anna Dravida Munnetra Kazhagam,1
"PUMS, Eragampatti - 638702,East facing building (North side)",1,All India Anna Dravida Munnetra Kazhagam,1
"PUMS, Eragampatti-638702,North Facing Building",1,All India Anna Dravida Munnetra Kazhagam,1
"PUMS, Periyaputhur-638657,Building facing East (South Portion)",1,All India Anna Dravida Munnetra Kazhagam,1
"Panchayat Service Centre, Akkaraipalayam 638106, North Facing Building",1,All India Anna Dravida Munnetra Kazhagam,1
"Panchayat Union Ele School, Bellampatti-638702,Building facing North",1,All India Anna Dravida Munnetra Kazhagam,1
"Panchayat Union Ele. School, Pudu Ayyappanaickenpalayam,East Facing Terraced Building (Northern Side)",1,All India Anna Dravida Munnetra Kazhagam,1
"Panchayat Union Ele.School Ottapalayam 638702,North Facing Tiled Building (Eastern Side)",1,All India Anna Dravida Munnetra Kazhagam,1
"Panchayat Union Ele.School Ottapalayam 638702,North Facing Tiled Building Western Side",1,All India Anna Dravida Munnetra Kazhagam,1
"Panchayat Union Ele.School,
Sedapalayam,West facing building North Side638702",1,All India Anna Dravida Munnetra Kazhagam,1
"Panchayat Union Ele.School, Jothiampatti,North facing building",1,All India Anna Dravida Munnetra Kazhagam,1
"Panchayat Union Ele.School, Kungumampalayam,North facing building Eastern side",1,All India Anna Dravida Munnetra Kazhagam,1
"Panchayat Union Ele.School, Kuppanaickenpatti-642201,Building facing South",1,All India Anna Dravida Munnetra Kazhagam,1
"Panchayat Union Ele.School, Marudur-642206,Building facing North",1,All India Anna Dravida Munnetra Kazhagam,1
"Panchayat Union Ele.School, Munduvelampatti,Tiled building facing East",1,All India Anna Dravida Munnetra Kazhagam,1
"Panchayat Union Ele.School, Muthaiampatti 638702,North facing building",1,All India Anna Dravida Munnetra Kazhagam,1
"Panchayat Union Ele.School, Muthanampatti-638702,East facing building (North Portion)",1,All India Anna Dravida Munnetra Kazhagam,1
"Panchayat Union Ele.School, Muthanampatti-638702,East facing building (South Portion)",1,All India Anna Dravida Munnetra Kazhagam,1
"Panchayat Union Ele.School, Nandavanampalayam,East facing building",1,All India Anna Dravida Munnetra Kazhagam,1
"Panchayat Union Ele.School, S.Kanchipuram-638702,Building facing South",1,All India Anna Dravida Munnetra Kazhagam,1
"Panchayat Union Ele.School, Sedapalayam,West facing building (South side)",1,All India Anna Dravida Munnetra Kazhagam,1
"Panchayat Union Ele.School, Thambureddipalayam-638716,Building facing East (North Portion)",1,All India Anna Dravida Munnetra Kazhagam,1
"Panchayat Union Ele.School, Thambureddipalayam-638716,Building facing East (South
Portion)",1,All India Anna Dravida Munnetra Kazhagam,1
"Panchayat Union Ele.School, Thumbalapatti,Building west side",1,All India Anna Dravida Munnetra Kazhagam,1
"Panchayat Union Ele.School, Varapalayam ,Building facing East (North Portion)",1,All India Anna Dravida Munnetra Kazhagam,1
"Panchayat Union Ele.School, Varapalayam ,East facing building (South Portion)",1,All India Anna Dravida Munnetra Kazhagam,1
"Panchayat Union Elementary
School, Aachiyur 638673 South facing Building (West Portion)",1,Tamilaga Vettri Kazhagam,1
"Panchayat Union Elementary
School, Alangiam 638657,North facing Building,(East Portion)",1,Dravida Munnetra Kazhagam,1
"Panchayat Union Elementary School Nanjaikalipalayam -639201,East Facing Building(North Portion)",1,All India Anna Dravida Munnetra Kazhagam,1
"Panchayat Union Elementary School, Aachiyur 638673 South Facing Building (East Portion )",1,All India Anna Dravida Munnetra Kazhagam,1
"Panchayat Union Elementary School, Akkaraipalayam 638106, North Facing Building",1,All India Anna Dravida Munnetra Kazhagam,1
"Panchayat Union Elementary School, Chinnakkampalayam 638657 North facing Building (West Portion)",1,Dravida Munnetra Kazhagam,1
"Panchayat Union Elementary School, Chinnakkampalayam 638657 North facing Building (West Portion) HM Room",1,Dravida Munnetra Kazhagam,1
"Panchayat Union Elementary School, Dhalavoipattinam 638672, North facing Building, West Port-East Portion",1,All India Anna Dravida Munnetra Kazhagam,1
"Panchayat Union Elementary School, Dhalavoipattinam, East facing Building",1,Dravida Munnetra Kazhagam,1
"Panchayat Union Elementary School, Erukkalampalayam, East facing Building",1,All India Anna Dravida Munnetra Kazhagam,1
"Panchayat Union Elementary School, Gethelrew,Building faciing East (South side)",1,All India Anna Dravida Munnetra Kazhagam,1
"Panchayat Union Elementary School, Gethelrew,Building facing East (North side)",1,All India Anna Dravida Munnetra Kazhagam,1
"Panchayat Union Elementary School, Jothiampatti, South facing building (West Portion)",1,All India Anna Dravida Munnetra Kazhagam,1
"Panchayat Union Elementary School, Kallipalayam, North facing Tiled Building (West Portion)",1,All India Anna Dravida Munnetra Kazhagam,1
"Panchayat Union Elementary School, Kannikampatti, East Facing Building (South Portion)",1,All India Anna Dravida Munnetra Kazhagam,1
"Panchayat Union Elementary School, Kannivadi, North Facing Building (East Portion)",1,All India Anna Dravida Munnetra Kazhagam,1
"Panchayat Union Elementary School, Kattampatti-638673, North facing Building (West portion)",1,All India Anna Dravida Munnetra Kazhagam,1
"Panchayat Union Elementary School, Kondarasampalayam 638657 South Facing Building(West Portion)",1,All India Anna Dravida Munnetra Kazhagam,1
"Panchayat Union Elementary School, Kondarasampalayam 638657, East facing Building,(North
Portion)",1,All India Anna Dravida Munnetra Kazhagam,1
"Panchayat Union Elementary School, Kondarasampalayam 638657, South facing Building,East Portion",1,All India Anna Dravida Munnetra Kazhagam,1
"Panchayat Union Elementary School, Kullakalipalayam 638706 South Facing Building",1,All India Anna Dravida Munnetra Kazhagam,1
"Panchayat Union Elementary School, Mettuvalasu-638673, North facing Building",1,All India Anna Dravida Munnetra Kazhagam,1
"Panchayat Union Elementary School, Muthugoundanpalayam, North facing Terraced Building (East Portion)",1,All India Anna Dravida Munnetra Kazhagam,1
"Panchayat Union Elementary School, Naranapuram, East facing Building (North Portion)",1,All India Anna Dravida Munnetra Kazhagam,1
"Panchayat Union Elementary School, Nattarmangalam, East facing Building (North side)",1,All India Anna Dravida Munnetra Kazhagam,1
"Panchayat Union Elementary School, Panchapatti,North facing Building (East Portion)",1,All India Anna Dravida Munnetra Kazhagam,1
"Panchayat Union Elementary School, Puliavalasu, North Facing Building",1,All India Anna Dravida Munnetra Kazhagam,1
"Panchayat Union Elementary School, Ramapatinam 638661 South Facing Building",1,Dravida Munnetra Kazhagam,1
"Panchayat Union Elementary School,Ammapalayam, East facing Building (South Portion)",1,All India Anna Dravida Munnetra Kazhagam,1
"Panchayat Union Elementary School,Angitholuvu,East facing Tiled Building",1,All India Anna Dravida Munnetra Kazhagam,1
"Panchayat Union Elementary School,Kallivalasu, East facing Tiled Building (North Portion)",1,All India Anna Dravida Munnetra Kazhagam,1
"Panchayat Union Elementary school, Nattarmangalam, East facing Building (South side)",1,All India Anna Dravida Munnetra Kazhagam,1
"Panchayat Union Elementary, School, Kottamuthampalayam-638672, West facing Building",1,All India Anna Dravida Munnetra Kazhagam,1
"Panchayat Union Library, Chinnaputhur,Building Facing East",1,All India Anna Dravida Munnetra Kazhagam,1
"Panchayat Union M.School, Kasilngampalayam-641671, North facing building",1,All India Anna Dravida Munnetra Kazhagam,1
"Panchayat Union Middle School Surianallur 638702,West Facing Terraced Building",1,All India Anna Dravida Munnetra Kazhagam,1
"Panchayat Union Middle School, D.Kumarapalayam, West Facing Building (South Portion)",1,All India Anna Dravida Munnetra Kazhagam,1
"Panchayat Union Middle School, Kasilngampalayam,South facing building",1,All India Anna Dravida Munnetra Kazhagam,1
"Panchayat Union Middle School, Pattuthurai 638106 North Facing Building (West Portion)",1,Dravida Munnetra Kazhagam,1
"Panchayat Union Middle School, Periyakumarapalayam, East facing Building (South Portion)",1,All India Anna Dravida Munnetra Kazhagam,1
"Panchayat Union Middle School, Periyakumarapalayam,Building facing East (North side)",1,All India Anna Dravida Munnetra Kazhagam,1
"Panchayat Union Middle School, Pudurutharavathi,North facing building (East side)",1,All India Anna Dravida Munnetra Kazhagam,1
"Panchayat Union Middle School, Pudurutharavathi,West facing building",1,All India Anna Dravida Munnetra Kazhagam,1
"Panchayat Union Middle School, Suriyanallur,East facing building
(Center Portion)",1,All India Anna Dravida Munnetra Kazhagam,1
"Panchayat Union Middle School,D.Kumarapalayam, West Facing Building (North Portion)",1,All India Anna Dravida Munnetra Kazhagam,1
"Panchayat Union Middle School,Veerachimangalam, East Facing Building (North building of South campus)",1,Dravida Munnetra Kazhagam,1
"Panchayat Union Middle School,Veruvedampalayam., South facing building",1,All India Anna Dravida Munnetra Kazhagam,1
"Panchayat Union middle School, Veerachimangalam, East facing Building (South Building of South Campus)",1,All India Anna Dravida Munnetra Kazhagam,1
"Panchayat. Union Ele.School Pudu Ayyappanaickenpalayam ,East facing building (South side)",1,All India Anna Dravida Munnetra Kazhagam,1
Pathumalaigurukrishnan Nursery School Malamedu 639201 West Facing Building,1,All India Anna Dravida Munnetra Kazhagam,1
"Ponnu Govt Girls High School, Bajanai Mada Street, Dharapuram, West facing Building(Middle Portion)",1,Dravida Munnetra Kazhagam,1
"Ponnu Govt. Girls High School,Bajanai Mada St, Dharapuram,Building facing West (South Portion)",1,Dravida Munnetra Kazhagam,1
"Ponnu Govt.Girls High School, Bajanai Mada Street, Dharapuram
,Building facing West (North Portion)",1,Dravida Munnetra Kazhagam,1
"Srinivasa Aided School, Bheemar Agraharam,Dharapuram 638656,East Facing Building (North Portion)",1,Tamilaga Vettri Kazhagam,1
"Srinivasa Aided School, Bheemar Agraharam,Dharapuram 638656,East Facing Building (South Portion)",1,Tamilaga Vettri Kazhagam,1
"St Aloysius Girls Higher Sec School, Church road, Dharapuram, South facing Building (East Portion-First Room)",1,Tamilaga Vettri Kazhagam,1
"St Antony Middle School, Poolavadi Road, Dharapuram, East facing Building (Middle Portion)",1,Tamilaga Vettri Kazhagam,1
"St.Alocious Elementary School, Church Road, Dharapuram-638 656,Building facing East (North Portion)",1,Tamilaga Vettri Kazhagam,1
"St.Alocious Elementary School, Church Road, Dharapuram-638 656,Building facing East (South
Portion)",1,Dravida Munnetra Kazhagam,1
"St.Alocious Girls Hr.Sec.School, Church Road, Dharapuram-638656,South facing building (East Portion) Room No-4",1,Dravida Munnetra Kazhagam,1
"St.Alocious Girls.Hr.Sec.School, Church Road, Dharapuram-638656,Building facing South (West
Portion) Room No-2",1,Tamilaga Vettri Kazhagam,1
"St.Aloycious Girls.Hr.Sec.School, Church Street, Dharapuram-638656,West facing building (Room No-54)",1,Tamilaga Vettri Kazhagam,1
"St.Aloysius Girls.Higher Sec
.School, Church road, Dharapuram, Church Road, 638656 South facing Building (East Portion 2nd Room)",1,Tamilaga Vettri Kazhagam,1
"St.Antony Middle School, Poolavadi Road, Dharapuram,Building facing East (North Portion)",1,Dravida Munnetra Kazhagam,1
"St.Antony Middle School, Poolavadi Road, Dharapuram,Building facing East (South Portion)",1,Dravida Munnetra Kazhagam,1
"St.Antony Middle School, Poolavadi Road, Dharapuram,Building facing South (East Portion)",1,Tamilaga Vettri Kazhagam,1
"St.Antony Middle School, Poolavadi Road, Dharapuram,Building facing South (West Portion)",1,Tamilaga Vettri Kazhagam,1
"Village Porverty Reduction Committee Building, Karuppattipalayam, East Facing
Building",1,All India Anna Dravida Munnetra Kazhagam,1
"Village Porverty Reduction Committee Building, chinnaputhur-638657, South Facing Building (Centre Portion)",1,All India Anna Dravida Munnetra Kazhagam,1
