Serial No. Of Polling Station,Polling Station Name,Polling Areas,Winner_Party,Winner_Votes,Runner_Up_Votes,Margin_Percentage
158,"Corporation Elementary School East Facing  West Side Building
Karumpukkadai Coimbatore 641008",1.Ward  No 86  Palli Street 999.Overseas Elector,Dravida Munnetra Kazhagam,667,147,58.95691609977324
159,"Corporation Elementary School
North Facing  Building  West Side Room1 Karumpukkadai Coimbatore 641008","1.Ward  No86  MCR   Colony  (Kudisai Paguthi)
2.Madeena  Nagar",Dravida Munnetra Kazhagam,599,108,64.94708994708994
160,Corporation Elementary School North Facing  Building Karumpukkadai Coimbatore 641008,1.Thippu Nagar   1st Street,Dravida Munnetra Kazhagam,339,75,58.02197802197803
161,Corporation Elementary School  West Facing East Room  No.1 Karumpukkadai Coimbatore 641008,"1.Ward  No 86  Mgr Nagar
2.Ward  No 54  New Colony, Thippu Nagar
3.Wardno54 Nataraj Petrol Bunk  Backside
4.Ward  No 86  Chella  Ravuthar Street
5.Ward  No 86  New Colony Karumbukadai 999.Overseas Elector",Dravida Munnetra Kazhagam,620,149,55.608028335301064
162,"Corporation Elementary School
West Facing Building East Side Room  No.2 Karumpukkadai Coimbatore 641008","1.Ward  No 86  Sowkar Nagar Street 1
2.Ward  No 86  Sowhar Nagar 3rd Street
3.Wardno 86 Sowhar Nagar 2nd Street
4.Ward  No 86  Muthu Colony",Dravida Munnetra Kazhagam,583,109,61.478599221789885
163,"Athar Jamath High School
North Facing  Building  West Side   3rd  Room Karumpukkadai Coimbatore 641008",1.Ward  No 86  Thippu Nagar   2nd  Street 999.Overseas Elector,Dravida Munnetra Kazhagam,599,107,61.65413533834586
164,"Athar Jamath High School
North Facing  Building  West Side   2nd Room Karumpukkadai Coimbatore 641008",1.Ward  No 86  Saramedu Main Road,Dravida Munnetra Kazhagam,580,108,64.04341926729987
165,"Falaq  Public School
North Side South Facing  Building  Room1 Karumpukkadai Coimbatore 641008","1.Ward  No 86  Thippu Nagar   2nd  Street
2.Ward  No 86  Bharath Nagar   3rd  Street Saramedu Main Road
3.Wardno 86 Bharath Nagar   2nd  Street Saramedu Main Road",Dravida Munnetra Kazhagam,553,114,60.7192254495159
166,"Athar Jamath High School
North Facing  South Building   2nd Room  From East Side
Karumpukkadai Coimbatore 641008","1.Ward  No 86  Royal Nagar
2.Ward  No 54  Asath   1st Nagar Cross",Dravida Munnetra Kazhagam,539,108,62.73653566229985
167,"Falaq  Public School
North Side South Facing  Building  Room2 Karumpukkadai Coimbatore 641008","1.Ward  No 86  Bharath Nagar   1st Street Saramedu Main
Road
2.Ward  No 86  Bharath Nagar 4Th Street Saramedu Main Road
3.Ward  No 86  Asath   1st Street",Dravida Munnetra Kazhagam,538,84,69.31297709923663
168,"Athar Jamath High School
North Facing  South Building 6Th Room From  East Side
Karumpukkadai Coimbatore 641008","1.Ward  No 86  Pallikooda  Pathai (West)
2.Anna Colony  Road 999.Overseas Electors",Dravida Munnetra Kazhagam,601,120,61.273885350318466
169,"Athar Jamath High School
North Facing  South Building 4Th Room From  West Side
Karumpukkadai Coimbatore 641008","1.Ward  No 86  Pallikooda  Pathai (East)
2.Ward  No 86  Cheran Nagar
3.Ward  No 86, Pothanur Road 999.Overseas Elector",Dravida Munnetra Kazhagam,483,123,53.973013493253376
170,"Athar Jamath Primary  School
North Facing  South Building 2Nd  Room From West Side
Karumpukkadai Coimbatore 641008",1.Ward  No 86  Asad Nagar 2Nd 999.Overseas Electors,Dravida Munnetra Kazhagam,537,146,53.05291723202171
171,"Athar Jamath Primary  School
North Facing  South Building 1St Room From  West Side
Karumpukkadai Coimbatore 641008","1.Ward  No 86  Asad Nagar 6Th Street
2.Ward  No 86  Asad Nagar 7Th Street
3.Ward  No 86  Asad Nagar 8Th Street
4.Ward  No 86  Asad Nagar 9Th Street 999.Overseas Electors",Dravida Munnetra Kazhagam,530,207,38.22485207100591
172,"Holy  Family Convent Matriculation Higher
Secondary  School
East Facing  West Building 1St Room From  North Side
Ukkadam  Coimbatore 641001",1.Ward  No 86  Bypass Road Anna  Nagar 999.Overseas Electors,Dravida Munnetra Kazhagam,559,148,52.423469387755105
173,"Holy  Family Convent Matriculation Higher
Secondary  School
East Facing  West Building 2Nd Room  From  North Side
Ukkadam  Coimbatore 641001",1.Ward  No 86  Anna  Nagar 1 999.Overseas Electors,Dravida Munnetra Kazhagam,466,201,34.68586387434555
174,"Holy  Family Convent Matriculation Higher
Secondary  School
East Facing  West Building 4Th Room  From  North Side
Ukkadam  Coimbatore 641001","1.Ward  No 86  Alamin Colony 1
2.Kannimary  Kovil Street, Ward  No.86
3.Kazhivuneer Pannai Kudiyiruppu, Ward  No.86 999.Overseas Electors",Dravida Munnetra Kazhagam,607,147,56.930693069306926
175,"Holy  Family Convent Matriculation Higher
Secondary  School
East Facing  West Building 6th Room  From  North Side
Ukkadam  Coimbatore 641001","1.Ward  No 86, Alamin Colony 2
2.Ward  No 86  Murugaiah Devar Colony
3.Ward  No 86  Thomas Thottam",Dravida Munnetra Kazhagam,550,100,65.69343065693431
176,"Holy  Family Convent Matriculation Higher
Secondary  School
East Facing  Building  East Side 5th Room Ukkadam  Coimbatore 641001",1.Ward  No 86  Bilal Nagar,Dravida Munnetra Kazhagam,613,99,69.17900403768506
177,"Holy  Family Convent Matriculation Higher
Secondary  School
East Facing  Building  East Side 6Th Room Ukkadam  Coimbatore 641001",1.Ward  No 86  Bilal Estate 1,Dravida Munnetra Kazhagam,563,95,67.43515850144092
178,"Anganwadi Center North Facing  Room
Ukkadam  Coimbatore 641001","1.Ward  No 86  Rose Garden 1
2.Ward  No 86  Rosegarden 2",Dravida Munnetra Kazhagam,778,156,63.729508196721305
179,"Holy  Family Convent Matriculation Higher
Secondary  School
East Facing  West Building 7Th Room  From  North Side
Ukkadam  Coimbatore 641001","1.Ward  No 86  Anna  Nagar 2
2.Ward  No 86  Alamin Colony 3",Dravida Munnetra Kazhagam,578,77,72.71407837445574
180,"Holy  Family Convent Matriculation Higher
Secondary  School
East Facing  North Side Building 1St Room Ukkadam  Coimbatore 641001",1.Anbu Nagar Ward  No.86 999.Overseas Electors,Dravida Munnetra Kazhagam,808,199,57.29068673565381
181,"Holy  Family Convent Matriculation Higher
Secondary  School
East Facing  North Side Building 2nd Room Ukkadam  Coimbatore 641001","1.Ward  No 86  Kolanthe Gounder Vayal Bilal Estate 3
2.Ward  No 86  Anna  Nagar 3
3.Ward  No 86  Bilal Nagar",Dravida Munnetra Kazhagam,576,118,60.823373173970786
182,"Holy  Family Convent Matriculation Higher
Secondary  School
East facing  North Side Building 2nd Room Ukkadam  Coimbatore 641001",1.Ponvizha  Nagar Ward No.86 999.Overseas Electors,Dravida Munnetra Kazhagam,741,140,62.86610878661087
183,"Holy  Family Convent Matriculation Higher
Secondary  School
West Facing East Building  2nd   room  from  North side
Ukkadam  Coimbatore 641001","1.J.K.Garden Ward No.86
2.Ward  No 86  Kolenthe Gounder Vayal Bilal Estate",Dravida Munnetra Kazhagam,623,113,66.23376623376623
335,"Nirmala Matha Convent Matric Higher Secondary School
North Facing  Building  West Side 1St Room Edayarpalayam Kuniyamuthur Coimbatore 641008","1.Ward  No 93  E.B.Colony
2.Ward  No 93  Poonthottam 999.Overseas Electors",Dravida Munnetra Kazhagam,314,145,27.479674796747965
337,"Corporation Primary  School
West Facing Building South Side   2nd  Room Ricemill Road  Kuniyamuthur Coimbatore 641008","1.Ward  No 88  Shanmuga  Velayutham St
2.Ward  No 87  Sornapuri Layout
3.Ward  No 87  Nellukarar Thottam
4.Ward  No 87  Kalavai Naickar Thottam
5.Ward  No 87  Vashantham  Nagar",Dravida Munnetra Kazhagam,518,179,41.19076549210207
353,"Government Higher Secondary School
East Facing  Building  South Side 2Nd Room Kuniyamuthur Coimbatore 641008",1.Ward  No 87  Kurinji Nagar 999.Overseas Electors,Dravida Munnetra Kazhagam,472,176,38.642297650130544
355,Government Higher Secondary School South Facing Building West Side   1st Room Kuniyamuthur Coimbatore 641008,1.Ward  No 87  Gandhi Nagar,Dravida Munnetra Kazhagam,526,185,42.36024844720497
356,"Government Higher Secondary School
West Facing Building North side from  Room1 Kuniyamuthur Coimbatore 641008","1.Ward  No 87  Black  Mariyamman Kovil Street
2.Ward  No 87  Kp  Shanmugapannadi St
3.Ward  No 87  Rangasamy  Pannadi St
4.Ward  No 87  Pechimuthu Line
5.Ward  No 87  Nalankilli St
6.Ward  No 87  Kr Shanmugapannadi St
7.Ward  No 87  Kasthuri Nagar Yosana St",Dravida Munnetra Kazhagam,460,203,32.44949494949495
357,Government Higher Secondary School South Facing Building West Side 2  Room Kuniyamuthur Coimbatore 641008,1.Ward  No 87  Thiruvalluvar Nagar Kudisai Poguthi,Dravida Munnetra Kazhagam,422,168,34.794520547945204
359,Government Higher Secondary School South Facing Building West Side 4  Room Kuniyamuthur Coimbatore 641008,1.Ward  No 87  Birundhavan Circle 999.Overseas Elector,Dravida Munnetra Kazhagam,572,154,51.1002444987775
360,Government Higher Secondary School West Facing Building North side Room2 Kuniyamuthur Coimbatore 641008,"1.Ward  No 87  Annanagar (Sulthan Colony)
2.Ward  No 87  K P  P Nagar
3.Ward  No 87  Adhisakthi Nagar",Dravida Munnetra Kazhagam,408,167,32.70013568521031
361,Government Higher Secondary School South Facing Building West Side 5  Room Kuniyamuthur Coimbatore 641008,1.Ward  No 87  Thiruvalluvar Nagar Continue 999.Overseas Elector,Dravida Munnetra Kazhagam,449,120,51.40625
362,"Government Higher Secondary School
West Facing Building North Side   2nd  Room Kuniyamuthur Coimbatore 641008",1.Ward  No 87  Thirumoorthi Nagar 999.Overseas Elector,Dravida Munnetra Kazhagam,423,160,36.12637362637363
363,"Government Higher Secondary School
West Facing Building North Side   3rd  Room Kuniyamuthur Coimbatore 641008","1.Ward  No 87  Kaidamillath Street
2.Ward  No1 Kaveri Nagar
3.Ward  No18  Gandhinagar 999.Overseas Elector",Dravida Munnetra Kazhagam,480,163,43.01221166892809
365,Government Higher Secondary School West Facing North  Side 8Th Building Kuniyamuthur Coimbatore 641008,"1.Ward  No 87  Periyasamy  St
2.Ward  No 87  Thiruvalluvar Nagar Extension",Dravida Munnetra Kazhagam,565,166,48.837209302325576
366,Government Higher Secondary School West facing Building North side Room3 Kuniyamuthur Coimbatore 641008,"1.Ward  No 87  Muthusamy Udayar St
2.Ward  No 87  Satham Nagar
3.Ward  No 87  Ramasamy Naidu St
4.Ward  No 87  Palakkad  Main Road",Dravida Munnetra Kazhagam,423,214,26.092384519350816
371,"Nirmala Matha Convent Matric Higher Secondary School
South Facing Building East Side 2Nd  Room Edayarpalayam Kuniyamuthur Coimbatore 641008","1.Ward  No 87  Min Nagar
2.Ward  No 93  Rangasamy  Naidu Nagar
3.Ward  No 93  Statebank Avenue
4.Ward  No 87  Sri Saigarden 999.Overseas Electors",Dravida Munnetra Kazhagam,450,179,33.581164807930605
