Serial No. Of Polling Station,Locality,Building  in  Which  it  will  be  Located,Polling  Area,Winner_Party,Margin_Percentage
1,Onamakkulam,"Panchayat  Union  Primary  School  ,SSA Building,North  portion,Onamakkulam","1.Onamakkulam  (R.V)  And  (P)  Onamakkulam  Block  1, 2.Onamakkulam  (R.V)  And  (P)  Onamakkulam  Block  2, 999.OVERSEAS  ELECTORS",Amma Makkal Munnettra Kazagam,4.241071428571429
3,V.P.Thalaiyuthu,"Panchayat  Union  Primary  School, V.P.Thalaiyuthu","1.Onamakkulam  (R.V),  Onamakkulam  &  Thennampatti  (P)
V.P.Thalaiyouthu  Block  5,  2.Onamakkulam  (R.V),  Thennampatti  (P) V.P.Thalaiyothu  Block  6,
3.Onmakkulam  (R.V),  Thennampatti  (P)  V.P.Thalaiyouthu  Block  7,
999.OVERSEAS  ELECTORS",Amma Makkal Munnettra Kazagam,6.647398843930636
5,Ayiravanpatti,T.N.D.T.A.Primary  School  Ayiravanpatti,"1.Ilavelangal  (R.V)  And  (P)  Ayiravanpatti  Block  4, 2.Ilavelangal  (R.V)  And  (P)  Ayiravanpatti  Block  5, 999.OVERSEAS  ELECTORS",Amma Makkal Munnettra Kazagam,15.46762589928058
6,Thennampatti,Panchayat  Union  Primary  School  East Building  Thennampatti,"1.Thennampatti  (R.V)  And  (P)  Thennampatti  Block  1, 2.Thennampatti  (R.V)  And  (P)  Thennampatti  Block  2, 3.Thennampatti  (R.V)  And  (P)  Thennampatti  Block  3, 4.Thennampatti  (R.V)  And  (P)  Gopalapuram  Block  4, 999.OVERSEAS  ELECTORS",Tamilaga Vettri Kazhagam,24.86111111111111
7,Kothali,"Panchayat  Union  Primary  School,  SSA Building  ,  East  portion,  Kothali","1.Kothali  (R.V)  And  (P)  Kothali  Block  1,
2.Kothali  (R.V)  And  (P)  Kothali  Block  2,
3.Kothali  (R.V)  And  (P)  Kothali  Block  3, 999.OVERSEAS  ELECTORS",Tamilaga Vettri Kazhagam,3.89344262295082
25,Ottanatham,"Ramanujam  Hindu  Middle  school  ,East Portion  Ottanatham","1.Ottanatham  (R.V)  And  (P)  Block  4, 2.Ottanatham(R.V)  And  (P)  Block  5, 3.Ottanatham  (R.V)  And  (P)  Block  6, 999.OVERSEAS  ELECTORS",Tamilaga Vettri Kazhagam,0.3710575139146568
26,Maniyachi,"R.C.  Primary  School  ,South  Portion, Maniyachi","1.Maniyachi  (R.V)  And  (P)  Maniachei  Block  1,
2.Maniachei  (R.V)  And  (P)  Maniachi  Kasbha  Block  2, 3.Maniachei  (R.V)  And  (P)  Vadamalapuram  Block  3,
4.Maniachi  (R.V)  And  (P)  Maniachi  Railway  Station  Block  5,  5.Maniachi (R.V)  And  (P)  Sundararajapuram  Block  6,
999.OVERSEAS  ELECTORS",Tamilaga Vettri Kazhagam,3.538461538461538
28,Paraikuttam,"T.N.D.T.A.Primary  School,Paraikuttam","1.Paraikuttam  (R.V)  And  (P)  Paraikuttam  Block  1, 2.Paraikuttam  (R.V)  And  (P)  Paraikuttam  Block  2, 999.OVERSEAS  ELECTORS",Tamilaga Vettri Kazhagam,7.096774193548387
31,Therku  Araikkulam,"Panchayat  Union  Middle  School,North Building,  Therku  Araikkulam.","1.Innam  Aaraikulam  (R.V)  And  (P)  South  Aaraikulam  Block  1,  2.Innam Aaraikulam  (R.V)  And  (P)  Noth  Aaraikulam  Block  2,  999.OVERSEAS ELECTORS",Tamilaga Vettri Kazhagam,4.136690647482014
36,Savarimangalam,"T.N.D.T.A.  Primary  school,  Savarimangalam.","1.S.kailasapuram  (R.V)  And  (P)  Savarimangalam  Block  1, 2.S.Kailasapuram  (R.V)  And  (P)  Savarimangalam  Block  2,
3.S.  Kailasapuram  (R.V)  And  (P)  Savarimangalam  Block  3,
999.OVERSEAS  ELECTORS",Amma Makkal Munnettra Kazagam,14.08450704225352
42,Ottapidaram,"T.M.P.Meckvai  Higher  Secondary  School
,(Swish  Red  Cross  Memorial  Hall  South Portion)  Ottapidaram","1.Ottapidaram  (R.V)  And  (P)  V.O.C.  Street  Block  2,
2.Ottapidaram  (R.V)  And  (P)  South  Parambur,  colony  &  Muppulivetti (West),
999.OVERSEAS  ELECTORS",Tamilaga Vettri Kazhagam,5.933250927070458
43,Ottapidaram,"T.M.P.Meckvai  Higher  Secondary  School
,Memorial  West  Side  Portion,  Ottapidaram","1.Ottapidaram  (R.V)  And  (P)  North  parumboor  Hospital  street  Block  8, 999.OVERSEAS  ELECTORS",Tamilaga Vettri Kazhagam,15.311004784689
44,Ottapidaram,"T.M.P.Meckvai  Higher  Secondary  School
,Memorial  East  Side  Portion,  Ottapidaram","1.Ottapidaram  (R.V)  And  (P)  Mettur  part  Block  7,
2.Ottapidaram  (R.V)  And  (P)  South  parumboor  Ricemill  colony  Block  8, 999.OVERSEAS  ELECTORS",Tamilaga Vettri Kazhagam,3.079416531604538
45,Muppilivetti,"Panchayat  Union  Primary  School  ,West Building,  Muppilivetti","1.Ottapidaram  (R.V)  And  (P)  Muppulivetti  Block  10,
2.Ottapidaram  (R.V)  And  (P)  Muppulivetti  Yadavar  Street  Block  11, 999.OVERSEAS  ELECTORS",Amma Makkal Munnettra Kazagam,1.731601731601732
48,Panchalankurichi,"Amber  sarkar  Main  Building,  Agathigal Colony,  Panchalankurichi","1.Panjalankurichi  (R.V)  And  (P)  Panjalankurichi  selon  colony  Block  1 (Door  No:  1  -  60)
999.OVERSEAS  ELECTORS",Tamilaga Vettri Kazhagam,19.95708154506438
69,Therku Veerapandiapuram,"Panchayat  Union  Middle  School,South Facing  Building,North  Portion,Therku Veerapandiapuram.","1.TherkuVeerapandiapuram  (R.V)  And  (P)  A,  Kumareddeyapuram  Block  3, 2.TherkuVeerapandiapuram  (R.V)  And  (P)  Kumaragri  Block  4,
999.OVERSEAS  ELECTORS",Tamilaga Vettri Kazhagam,10.95890410958904
71,Nainarpuram,"T.N.D.T.A.  Primary  School,  Nainarpuram","1.Sillanatham  (R.V)  And  (P)  Nainarpuram  Block  3, 2.Sillanatham  (R.V)  And  (P)  Nainarpuram  Block  4, 999.OVERSEAS  ELECTORS",Tamilaga Vettri Kazhagam,9.074074074074074
72,Valasamuthiram,Hindu  primary  school  Valasamuthiram,"1.Valasamuthiram  ((R.V)  And  (P)  Valasamuthiram  Block  1, 2.Valasamuthiram  (R.V)  And  (P)  Venkataeswarapuram  Block  2, 999.OVERSEAS  ELECTORS",Tamilaga Vettri Kazhagam,15.26104417670683
76,A.Kumarapuram,"Hindu  Primary  School,  A.Kumarapuram Mela  Arasadi","1.K.  Shunmugapuram  (R.V)  And  (P)  Melamaruthur  Block  1, 2.Melarasaradi  (R.V)  And  (P)  Kumarapuram  Block  2,
3.Melarasaradi  (R.V)  And  (P)  Kumarampuram  Block  3,
999.OVERSEAS  ELECTORS",Tamilaga Vettri Kazhagam,18.46153846153846
83,Tharuvaikulam,Punitha  Catherin  Primary  School  New Building  West  Portion  Tharuvaikulam,"1.Tharuvaikulam  (R.V)  And  (P),Sundan  pachichery  block  6  , 999.OVERSEAS  ELECTORS",Dravida Munnetra Kazhagam,0.0
87,Thuppaspatti,"Panchayat  Union  Primary  School, Thuppaspatti","1.Keelaarasaradi  (R.V)  And  (P)  Keelaarasaradi  Block  1, 2.Keelaarasaradi  (R.V)  And  (P)  Ayyanarpuram  Block  2, 3.Keelaarasaradi  (R.V)  And  (P)  Thuppachipatti  Block  4, 4.Keelaarasaradi  (R.V)  And  (P)  Thuppachipatti  Block  5, 999.OVERSEAS  ELECTORS",Tamilaga Vettri Kazhagam,21.65289256198347
94,Sankaraperi,"St.Antony's  Matriculation  Hr.  Sec.School, Sangaraperi.","1.(Thoothukudi  Corporation)  Sankaraperi  block1,  (Door  No:  Above  1/130)",Tamilaga Vettri Kazhagam,21.89655172413793
164,Keela  Poovani,"Government  Higher  Secondary  School,  North Building,  West  Side,  1st  Room,  Keela  Poovani","1.Poovani  (R.V)  And  (P)  Keelapoovani  Block  3,
2.Poovani  (R.V)  And  (P)  Keelapoovani  Block  4,
3.Poovani  (R.V)  And  (P)  Keelapoovani  Block  5,
4.Poovani  (R.V)  And  (P)  Keelapoovani  Sethuramalingapuram  Block  6, 999.OVERSEAS  ELECTORS",Amma Makkal Munnettra Kazagam,11.18530884808013
166,Chockkalingapuram,"Hindu  Primary  School  South  Portion, Chockkalingapuram","1.Sekkarakudi  2  (R.V)  Sekkarakudi  (P)  Middle  Street,  East  Street  Block  4, 2.Sekkarakudi  2  (R.V)  Sekkarakudi  (P)  West  Street  Block  5,
3.Sekkarakudi  2  (R.V)  Sekkarakudi  (P)  North  Street  Block  6,
4.Sekkarakudi  2  (R.V)  Sekkarakudi  (P)  Chokalingapuram  Ammankovil East  Stret  Block  3,  999.OVERSEAS  ELECTORS",Tamilaga Vettri Kazhagam,20.23952095808383
167,Sekkarakudi  1,"Govt  Higher  secondary  School,  Teacher  Staff Room,  North  Building  ,  East  Side  from  2nd room  Sekkarakudi","1.Sekkarakudi  1  (R.V)  Sekkarakudi  (P)  Middle  Street  Block  7, 2.Sekkarakudi  1  (R.V)  Sekkarakudi  (P)  East  Street  Block  7,
3.Sekkarakudi  1  (R.V)  Sekkarakudi  (P)  Sekarakudi  Block  9, 4.Sekkarakudi  1  (R.V)  Sekkarakudi  (P)  East  Street  Block  8,
999.OVERSEAS  ELECTORS",Tamilaga Vettri Kazhagam,4.340277777777778
168,Sekkarakudi  1,"Govt  Higher  secondary  School,  Teacher  Staff Room,  North  Building  ,  west  side  from  2nd room  Sekkarakudi","1.Sekkarakudi  1  (R.V)  Sekkarakudi  (P)  South  Street  Block  8, 2.Sekkarakudi  1  (R.V)  Sekkarakudi  (P)  West  Street  Block  8, 3.Sekkarakudi  1  (R.V)  Sekkarakudi  (P)  East  Street  Block  9,
4.Sekkarakudi  1  (R.V)  Sekkarakudi  (P)  Indaian  Bank  Street  Block  9, 5.Sekkarakudi  1  (R.V)  Sekkarakudi  (P)  West  Street  Block  9,
999.OVERSEAS  ELECTORS",Amma Makkal Munnettra Kazagam,6.59090909090909
169,Sekkarakudi  1,"Govt  Higher  secondary  School,  south Building  1st  Room  from  East,  Sekkarakudi","1.Sekkarakudi  1  (R.V)  Sekkarakudi  (P)  East  Street  Block  13, 2.Sekkarakudi  1  (R.V)  Sekkarakudi  (P)  West  Street  Block  13, 3.Sekkarakudi  1  (R.V)  Sekkarakudi  (P)  South  Street  Block  13, 4.Sekkarakudi  1  (R.V)  Sekkarakudi  (P)  East  Street  Block
14,5.Sekkarakudi  1  (R.V)  Sekkarakudi  (P)  West  Street  Block  14, 6.Sekkarakudi  1  (R.V)  Sekkarakudi  (P)  Middle  Street  Block  14,
7.Sekkarakudi  1  (R.V)  Sekkarakudi  (P)  Nadusekkarakudi,  South  Street
Block  15,  999.OVERSEAS  ELECTORS",Tamilaga Vettri Kazhagam,8.382526564344746
170,Sekkarakudi  1,"Govt  Higher  secondary  School,  ,Eastern Wing  Sekkarakudi","1.Sekkarakudi  1  (R.V)  Sekkarakudi  (P)  Mela  Street  Block  10,
2.Sekkarakudi  1  (R.V)  Sekkarakudi  (P)  Middle  Street  Block  10, 3.Sekkarakudi  1  (R.V)  Sekkarakudi  (P)  Keela  Street  Block  10, 4.Sekkarakudi  1  (R.V)  Sekkarakudi  (P)  North  street  Block  12, 999.OVERSEAS  ELECTORS",Tamilaga Vettri Kazhagam,3.982300884955752
171,Sekkarakudi  1,"Govt  Higher  secondary  School,  Center building  Middle  Portion,  Sekkarakudi","1.Sekkarakudi  1  (R.V)  Sekkarakudi  (P)  Main  street  Block  11, 2.Sekkarakudi  1  (R.V)  Sekkarakudi  (P)  North  street  Block  11,
3.Sekkarakudi  1  (R.V)  Sekkarakudi  (P)  Middle  Street  Block  12,
4.Sekkarakudi  1  (R.V)  Sekkarakudi  (P)  South  Street  Block  12, 999.OVERSEAS  ELECTORS",Amma Makkal Munnettra Kazagam,8.99854862119013
172,Umerikottai,"Panchayat  Union  Primary  School  ,East Building,Umerikottai","1.Umarikottai  (R.V)  And  (P)  Complete  Umarikottai  Block  1,  2.Umarikottai (R.V)  And  (P)  Complete  Umarikottai  Block  2,  3.Umarikottai  (R.V)  And  (P) Complete  Varatharajapuram  Block  4,999.OVERSEAS  ELECTORS",Tamilaga Vettri Kazhagam,1.065719360568384
175,Melathattapparai,"Panchayat  Union  Primary  School  ,  North Building,  Campthattapparai","1.Melathattaparai  (R.V)  And  (P)  Melathattaparai  Kasbha  Block  1, 2.Melathattaparai  (R.V)  And  (P)  Melathattaparai  Kasbha  Block  2, 999.OVERSEAS  ELECTORS",Dravida Munnetra Kazhagam,1.182033096926714
178,Therkusilukkanpatt i,"Panchayat  Union  Primary  School  ,  East Block  Therkusilukkanpatti","1.Therkusilukanpatti  (R.V)  And  (P)  Middle  Street  Block  1, 2.Therkusilukanpatti  (R.V)  And  (P)  Thoppu  Street  Block  2, 3.Therkusilukanpatti  (R.V)  And  (P)  West  Street  Block  2,
4.Therkusilukanpatti  (R.V)  And  (P)  Adidravider  Street  Block  2,
5.Therkusilukanpatti  (R.V)  And  (P)  East  Street  Block  5,  999.OVERSEAS ELECTORS",Tamilaga Vettri Kazhagam,10.59245960502693
205,Deivaseyelpuram,"Panchayat  Union  Primary  School,  North Building,  Eastern  side,Deivaseyelpuram","1.Deivaseyalpuram  (R.V),Ellainayakkanpatti  (P)  Deivaseyalpuram  North Street  Block  1,  2.Deivaseyalpuram  (R.V),  Ellainayakkanpatti  (P) Deivaseyalpuram  Middle  Street  Block  1,  3.Deivaseyalpuram  (R.V),
Ellainayakkanpatti  (P)  Deivaseyalpuram  JothiStreet  Block  2, 4.Deivaseyalpuram  (R,V),  Ellainayakkanpatti  (P)  Deivaseyalpuram
SouthStreet  Block  2,  5.Deivaseyalpuram  (R.V)  Ellainayakkanpatti  (P) Deivaseyalpuram  East  Street  Block  2,
6.Keelavallanadu  (R.V)  And  (P)  Thoothukudi  Water  Works  Block  1, 7.Keelavallanadu  (R.V)  And  (P)  Thiruvenkadapuram,  Pandarapuram
Block  2,
8.Keelavallanadu  (R.V)  And  (P)  Piramiyarkulam  Block  2, 999.OVERSEAS  ELECTORS",Tamilaga Vettri Kazhagam,6.724782067247821
209,Singathakurichi,"Panchayat  Union  Primary  School,  New Building,  West  Facing,  Singatthakurichi","1.Singathakurichi  (R.V)  And  (P)  Singhathakurichi  kasbha  block  1, 2.Singathakurichi  (R.V)  And  (P)  Singhathakurichi  Kasbha  block  2, 3.Singathakurichi  (R.V)  And  (P)  Singhathakurichi  Kasbha  BLock  3, 4.Singathakurichi  (R.V)  And  (P)  Singhathakurichi  Block  4, 999.OVERSEAS  ELECTORS",Tamilaga Vettri Kazhagam,8.439897698209718
214,Kaliyavur,"Panchayat  Union  Primary  School,  New Building  South  Side,  Kaliavur","1.Kaliyavoor  (R.V)  And  (P)  Christen,  velalar,  harijanstreet  block  5, 2.Kaliyavoor  (R.V)  And  (P)  Harijancolony  CenterStreet  Block  6, 3.Kaliyavoor  (R.V)  And  (P)  Kalangarai  Block  7,
999.OVERSEAS  ELECTORS",Tamilaga Vettri Kazhagam,4.159733777038269
216,Vallanadu,"Panchayat  Union  Primary  School  ,Main Building,West  sideVallanadu","1.Vadavallanadu  (R.V)  And  (P)  Vadavallanadu  (P)  Block  1, 2.Vadavallanadu  (R.V)  And  (P)  Vadavallanadu  (P)  Block  2, 3.Vadavallanadu  (R.V)  And  (P)  Thiruvenkadam  Block  3,
Paraikadu  999.OVERSEAS  ELECTORS",Tamilaga Vettri Kazhagam,10.24691358024691
218,Vallanadukasba,Panchayat  Union  Primary  School  East Building  North  Portion  Facing  North Vallanadu,"1.Vallanadukasba  (R.V)  And  (P)  Vadavallanadu  Kasbha  Block  2, 2.Vallanadukasba  (R.V)  And  (P)  Vadavallanadu  Kasbha  Block  3, 999.OVERSEAS  ELECTORS",Tamilaga Vettri Kazhagam,0.7614213197969544
219,Vallanadukasba,"Desapandu  V.D.V  Deivanayagampillai  Govt Hr  Sec  School  ,  North  Building,  East  Portion, Vallandu  kusba","1.Vallanadukasba  (R.V)  And  (P)  North  muthuramamman  kovil  street block  6,
2.Vallanadukasba  (R.V)  And  (P)  MayandiKovil  Street  Block  7, 3.Vallanadukasba  (R.V)  And  (P)  Kaniyar  Street  Block  6,
999.OVERSEAS  ELECTORS",Dravida Munnetra Kazhagam,0.4431314623338257
224,Agaram,"Panchayat  Union  Primary  School,  Agaram","1.Vallanadukasba  (R.V)  And  (P)  Agaram  block  12, 2.Vallanadukasba  (R.V)  And  (P)  Agaram  Block  13, 999.OVERSEAS  ELECTORS",Tamilaga Vettri Kazhagam,10.67415730337079
225,Murappanadu,"Panchayat  Union  Middle  School  ,Main Building,  South  Portion  Murappanadu","1.MurappanaduKovilpathu  (R.V)  And  (P)  Murappanadu  kasbha  Block  1, 2.MurappanaduKovilpathu  (R.V)  And  (P)  Puducolony  padukaiur  Block  2, 999.OVERSEAS  ELECTORS",Dravida Munnetra Kazhagam,3.338391502276176
230,Anavarathanallur,"Govt  High  School  ,New  South  Building  from West  1st  Room,  Anavarathanallur","1.Vasavappuram  (R.V)  And  (P)  Anavarathanallur  Block  4, 2.Vasavappuram  (R.V)  And  (P)  Anavarathanallur  Block  5, 3.Vasavappuram  (R.V)  And  (P)  Anawarathanallur  Block  6, 4.Vasavappuram  (R.V)  And  (P)  Anavarathanallur  Block  7, 999.OVERSEAS  ELECTORS",Tamilaga Vettri Kazhagam,10.31518624641834
232,Anavarathanallur,"Govt  High  School  west  Building  ,(South Portion)Anavarathanallur","1.Vasavappuram  (R.V)  And  (P)  Vasavappuram  Block  1, 2.Vasavappuram  (R.V)  And  (P)  Vasavappuram  Block  2, 999.OVERSEAS  ELECTORS",Tamilaga Vettri Kazhagam,3.516819571865443
236,Vittilapuram,"Panchayat  Union  Primary  School  Main  Hall
,South  building  North  portion,  Vittilapuram","1.Vettilapuram  (R.V)  And  (P)  Vettilapuram  Kasbha  Block  1, 2.Vettilapuram  (R.V)  And  (P)  Vettilapuram  Kasbha  Block  2, 999.OVERSEAS  ELECTORS",Dravida Munnetra Kazhagam,0.3846153846153846
238,Vittilapuram,"Panchayat  Union  Primary  School,  North Building,South  Portion,Vittilapuram","1.Aallikudi  (R.V)  And  (P)  Aallikudi  Block  1, 2.Aallikudi  (R.V)  And  (P)  Aallikudi  Block  2, 999.OVERSEAS  ELECTORS",Tamilaga Vettri Kazhagam,0.9025270758122744
243,Ananthanambi-kur uchi,"Panchayat  Union  Primary  School, Ananthanambikuruchi","1.Manakkarai  (R.V)  And  (P)  East  Street  Block  7,
2.Manakkarai  (R.V)  And  (P)  Pattamuthu  Street  Block  7, 3.Manakkarai  (R.V)  And  (P)  West  Street  Block  7,
4.Manakkarai  (R.V)  And  (P)  South  Street  Block  7, 5.Manakkarai  (R.V)  And  (P)  North  Street  Block  8, 6.Manakkarai  (R.V)  And  (P)  New  Colony  Block  8, 7.Manakkarai  (R.V)  And  (P)  Vadakkoor  Block  8,
8.Manakkarai  (R.V)  And  (P)  Killikulam  Howsing  Board  Block  8,
999.OVERSEAS  ELECTORS",Dravida Munnetra Kazhagam,3.270223752151463
252,Mudivaithanandal,"Govt  Hr  Sec,  School  ,  North  West  Building, South  Portion,  Mudivaithanenthal","1.Mudivaithanendal  (R.V)  And  (P)  Mudivaithanendal  yadavar  street  block 4,
2.Mudivaithanendal  (R.V)  And  (P)  Keelastreet  Block  5,
999.OVERSEAS  ELECTORS",Tamilaga Vettri Kazhagam,13.54330708661417
254,Mudivaithanandal,"Hindu  Middle  School  ,North  Building  ,Noth Room,Mudivaithanandal","1.Mudivaithanendal  (R.V)  And  (P)  Part  Melastreet  block  10, 2.Mudivaithanendal  (R.V)  And  (P)  Part  MelaStreet  Block  11, 999.OVERSEAS  ELECTORS",Tamilaga Vettri Kazhagam,25.87155963302752
281,Kootampuli,"T.N.D.T.A  Middle  School,  North  Building from  East  Portion  1'st  Room,  Kootampuli","1.Kumaragiri  (R.V)  And  (P)  North  Street  Block  7,  2.Kumaragiri  (R.V)  And
(P)  Ramasamyapuram  North  Street  Block  7,  3.Kumaragiri  (R.V)  And  (P) School  Street  Block  7,  999.OVERSEAS  ELECTORS",Tamilaga Vettri Kazhagam,1.179245283018868
283,Atthimarapatti,"T.N.D.T.A.  Primary  School  ,  North  Building East  Side  Atthimarapatti","1.(Thoothukudi  Corporation)  Athimarappatti  Block  4, 999.OVERSEAS  ELECTORS",Tamilaga Vettri Kazhagam,15.06591337099812
293,Podammalpuram,Hindu  Primary  School  Podammalpuram,"1.Kulaiyankarisal  (R.V)  And  (P)  Diraviapuram  South  Street  Block  10,
2.Kulaiyankarisal  (R.V)  And  (P)  Podammalpuram  South  Street  Block  10, 3.Kulaiankarisal  (R.V)  And  (P)  Podammalpuram  North  Street  Block 11,999.OVERSEAS  ELECTORS",Tamilaga Vettri Kazhagam,0.2188183807439825
296,Kulaiyankarisal,"T.N.D.T.A.  Abiseganathar  Hr.  Sec  School  , New  Building  South  Room-1  Kulaiankarisel","1.Kulaiyankarisal  (R.V)  And  (P)  East  Street  Block  7,
2.Kulaiyankarisal  (R.V)  And  (P)  East  Street  Continues  West  Block  7, 999.OVERSEAS  ELECTORS",Tamilaga Vettri Kazhagam,18.27309236947791
