Serial No. Of Polling Station,Locality,Building in Which it will be Located,Polling Area,Winner_Party,Margin_Percentage
7,"Bharathi  Nagar, Meelavittan  Road (Near  4th  Railway gate)","Kiddies  World  Play  School,  West  Building, 1st  room  from  South,  Bharathi  Nagar, Meelavittan  Road  (Near  4th  Railway  gate)","1.Thoothukudi  Corporation  Ettayapuram  road  -  Ward  40  (Door  No.  From 1  to  73)  ,  999.OVERSEAS  ELECTORS",Tamilaga Vettri Kazhagam,11.75406871609403
10,"Bharathi  Nagar, Meelavittan  Road (Near  4th  Railway gate)","Kiddies  World  Play  School,  North  Building, 3rd  room  from  West,  Bharathi  Nagar, Meelavittan  Road  (Near  4th  Railway  gate)","1.Thoothukudi  Corporation  Ettayapuram  Road  (K.V.K.)  Nagar  -  Ward  39 (Door  No.  From  55-2M-7  to  Last)  ,  999.OVERSEAS  ELECTORS",Tamilaga Vettri Kazhagam,24.45652173913043
11,Madathur,"T.N.D.T.A  Middle  School,  1st  room  from south  side,  Madathur","1.Thoothukudi  Corporation  Madathur  Yadhavar  Street  -  Ward  34  ,
2.Thoothukudi  Corporation  Madathur  Arundhathiar  Street  -  Ward  34  , 3.Thoothukudi  Corporation  Madathur  Maravar  Street  -  Ward  34  , 999.OVERSEAS  ELECTORS",Tamilaga Vettri Kazhagam,37.00440528634361
13,Madathur,ICDS  centreMadathur,"1.Thoothukudi  Corporation  Yezhumalaiyan  Nagar  -  Ward  34  ,
2.Thoothukudi  Corporation  Kalloori  Nagar  -  Ward  34  ,  3.Thoothukudi Corporation  Bypass  Road  -  Ward  34  ,  4.Thoothukudi  Corporation  Central Excise  Staff  Quarters  -  Ward  34  ,  5.Thoothukudi  Corporation  Baby  Merin Quarters  -  Ward  34  ,  6.Thoothukudi  Corporation  Duraikani  Nagar Madathur  -  Ward  34  ,  7.Thoothukudi  Corporation  Min  Nagar  -  Ward  34  , 8.Thoothukudi  Corporation  Sundaram  Nagar  -  Ward  34  ,  9.  Thoothukudi Corporation  Sterlite  Quarters  -  Ward  3  -Thamira  2,  999.OVERSEAS ELECTORS",Tamilaga Vettri Kazhagam,17.04545454545454
14,Madathur,"Bon  Secours  Nursery  and  Primary  School, North  building,  2nd  room  from  East, Madathur,  Thoothukudi","1.Thoothukudi  Corporation  Murugesa  Nagar  -  Ward  34  ,
2.  Thoothukudi  Corporation  Thiraviaratna  Nagar, 999.OVERSEAS  ELECTORS",Tamilaga Vettri Kazhagam,18.50170261066969
15,Postal  Telegraph Colony,"Eben  Nursery  and  Primary  School,  South building,  1st  room  from  west,  Postal Telegraph  Colony","1.Thoothukudi  Corporation  Telegram  Employees  colony  -  Ward  35  (Door No.  from  1  to  2F-310)  ,  2.Thoothukudi  Corporation  Kokkur  -  Ward  34  , 3.Thoothukudi  Corporation  Mani  Nagar  -  Ward  34  ,  4.Thoothukudi Corporation  Gandhi  Nagar  -  Ward  34  ,  999.OVERSEAS  ELECTORS",Tamilaga Vettri Kazhagam,23.76237623762376
16,Postal  Telegraph Colony,"Eben  Nursery  and  Primary  School,  South building,  Middle  portion,  Postal  Telegraph Colony","1.Thoothukudi  Corporation  Telegram  Employees  colony  -  Ward  35  (Door No.  after  2F-310)  ,  999.OVERSEAS  ELECTORS",Tamilaga Vettri Kazhagam,27.72808586762075
24,"Tamil  nadu  Housing Board  Colony, Millerpuram","B.M.C.  Hr.  Sec.  School,  North  Building,  2nd room  from  East,  TNHB  Colony,  Millerpuram","1.Thoothukudi  Corporation  Magilchipuram  -  Ward  3  ,  999.OVERSEAS ELECTORS",Tamilaga Vettri Kazhagam,29.6218487394958
27,"Tamil  nadu  Housing Board  Colony, Millerpuram","B.M.C.  Hr.  Sec.  School,  North  Building,  5th room  from  East,  TNHB  Colony,  Millerpuram","1.Thoothukudi  Corporation  Rajagopal  Nagar  -  Ward  3  (Door  No.  1G-451 to  1G-720)  ,  999.OVERSEAS  ELECTORS",Tamilaga Vettri Kazhagam,22.64752791068581
28,"Tamil  nadu  Housing Board  Colony, Millerpuram","B.M.C.  Hr.  Sec.  School,  North  Building,  6th room  from  East,  (Next  to  Office  room),  TNHB Colony,  Millerpuram","1.Thoothukudi  Corporation  Rajagopal  Nagar  -  Ward  3  (Door  No.  After 1G-721)  ,  999.OVERSEAS  ELECTORS",Tamilaga Vettri Kazhagam,25.14734774066797
31,"Tamil  nadu  Housing Board  Colony, Millerpuram","B.M.C.  Hr.  Sec.  School,  West  Building,  6th room  from  North,  TNHB  Colony,  Millerpuram","1.Thoothukudi  Corporation  Millerpuram  Housing  Board  -  Ward  3  (Door No.  After  1K-1)  ,  999.OVERSEAS  ELECTORS",Tamilaga Vettri Kazhagam,22.31404958677686
33,"Tamil  nadu  Housing Board  Colony, Millerpuram","BMC  Matriculation  Hr.  Sec.  School,  GB Block,  Main  Building,  Room  No.  24,TNHB Colony,  Millerpuram","1.Thoothukudi  Corporation  Annanagar  12th  Street  West  Magilchipuram  - Ward  37  ,  2.Thoothukudi  Corporation  Annanagar  West  Mangalapuram  - Ward  37  ,  3.Thoothukudi  Corporation  Burma  Colony  -  Ward  3  ,
4.Thoothukudi  Corporation  Vishnupuri  -  Ward  34  ,  999.OVERSEAS
ELECTORS",Tamilaga Vettri Kazhagam,27.02265372168285
38,"Kamaraj  Nagar  2nd Street,  3rd  Mile,
Thoothukudi","Sakthi  Vidyalaya  Matriculation  School,  Main Building  West  Portion,  Kamaraj  Nagar  2nd Street,  3rd  Mile,  Thoothukudi","1.Thoothukudi  Corporation  Indira  Nagar  -  Ward  48  ,  999.OVERSEAS ELECTORS",Tamilaga Vettri Kazhagam,18.44532279314888
39,"Kamaraj  Nagar  2nd Street,  3rd  Mile,
Thoothukudi","Sakthi  Vidyalaya  Matriculation  School,  Main Building  East  Portion,  Kamaraj  Nagar  2nd Street,  3rd  Mile,  Thoothukudi","1.Thoothukudi  Corporation  Thiru.V.K.  Nagar  -  Ward  48  ,  999.OVERSEAS ELECTORS",Tamilaga Vettri Kazhagam,17.53607103218646
43,Millerpuram,"V.O.  Chidambaram  College,  Geology
department  block,  Class:  GG3-II  B.Sc., Geology,  Millerpuram","1.Thoothukudi  Corporation  3rd  Mile  Pudukudi  Street  2  -  Ward  35  , 2.Thoothukudi  Corporation  Teacher  Colony  Main  -  Ward  35  ,
3.Thoothukudi  Corporation  Teacher  Colony  West  -  Ward  35  ,
999.OVERSEAS  ELECTORS",Tamilaga Vettri Kazhagam,12.21198156682028
44,Millerpuram,"V.O.  Chidambaram  College,  Geology
department  block,  Class:  GG4-III  B.Sc., Geology,  Millerpuram,","1.Thoothukudi  Corporation  Palai  Road  West  Main  -  Ward  35  ,
2.Thoothukudi  Corporation  Palai  road  West  Pathinathapuram  -  Ward  35  , 3.Thoothukudi  Corporation  Palai  Road  West  3rd  Mile  Polytechnic Compound  -  Ward  35  ,  4.Thoothukudi  Corporation  V.O.C  College Quarters  -  Ward  35  ,  5.Thoothukudi  Corporation  Sankar  Colony  -  Ward 35  ,  6.Thoothukudi  Corporation  Kandan  Colony  -  Ward  35  ,
7.Thoothukudi  Corporation  Ganesh  Nagar  -  Ward  48  ,  8.Thoothukudi Corporation  N.G.O.Colony  Main  -  Ward  48  ,  9.Thoothukudi  Corporation N.G.O.Colony  -  Ward  48  ,  10.Thoothukudi  Corporation  All  India  Radio Quaters  -  Ward  35  ,  11.Thoothukudi  Corporation  T.M.B  Colony  -  Ward  36
,  999.OVERSEAS  ELECTORS",Tamilaga Vettri Kazhagam,20.62588904694168
47,Millerpuram,"St.  Marys  Boys  Hr.sec.school,  Administrative Block,  1st  room  from  East  STD  XII  D, Millerpuram","1.Thoothukudi  Corporation  Chinnamani  Nagar  -  Ward  35  ,
2.Thoothukudi  Corporation  Annanagar  3rd  Street  West  -  Ward  36  , 999.OVERSEAS  ELECTORS",Tamilaga Vettri Kazhagam,18.07909604519774
48,Millerpuram,"St.  Marys  Boys  Hr.sec.school,  Centenary Block,  1st  room  from  West  STD  XII  E, Millerpuram","1.Thoothukudi  Corporation  Ceylon  Colony  -  Ward  48  , 2.Thoothukudi  Corporation  Millerpuram  -  Ward  35, 999.OVERSEAS  ELECTORS",Tamilaga Vettri Kazhagam,24.5045045045045
54,Millerpuram,"St.Marys  Primary  School,  South  Building, 3rd  room  from  West,  Millerpuram","1.Thoothukudi  Corporation  Anna  Nagar  -  Ward  37  ,  2.Thoothukudi Corporation  T.M.B.  Colony  -  Ward  36  (Door  No.  1  to  107-50),
3.Thoothukudi  Corporation  Rajeev  Nagar  Main  -  Ward  3  ,  999.OVERSEAS
ELECTORS",Tamilaga Vettri Kazhagam,20.17353579175705
57,Millerpuram,"St.Marys  Primary  School,  North  Building, 2nd  room  from  West,  Millerpuram","1.Thoothukudi  Corporation  Palai  Road  West  Main  -  Ward  35  , 2.Thoothukudi  Corporation  T.M.B  Colony  Main  -  Ward  36  ,
3.Thoothukudi  Corporation  Chinnamani  Nagar  -  Ward  35  ,
999.OVERSEAS  ELECTORS",Tamilaga Vettri Kazhagam,11.51241534988713
60,Millerpuram,"The  Vikasa  School,  North  East  Portion,  Room No.  19,  Millerpuram","1.Thoothukudi  Corporation  Rajeev  Nagar  -  Ward  35  (Door  No.  1  to 2G-500)  ,  999.OVERSEAS  ELECTORS",Tamilaga Vettri Kazhagam,23.05295950155763
65,Annanagar  10th street,"Thangam  Middle  School,  North  Building,  4th room  from  East,  (STD  VII),  Annanagar  10th street","1.Thoothukudi  Corporation  Anna  Nagar  4th  Street  -  Ward  36  (Door  No. After  31)  ,  999.OVERSEAS  ELECTORS",Tamilaga Vettri Kazhagam,12.84153005464481
68,Annanagar  10th street,"Thangam  Middle  School,  South  Building,  1st room  from  East  (STD  I),  Annanagar  10th
street","1.Thoothukudi  Corporation  Anna  Nagar  3rd  Street  -  Ward  36  , 999.OVERSEAS  ELECTORS",Tamilaga Vettri Kazhagam,16.33605600933489
72,Polpettai,"Thangammal  Memorial  Hr.  Sec.School,  Main Building,  1st  room  from  East,  Polpettai","1.Thoothukudi  Corporation  Sakthivinayagarpuram  -  Ward  6  (Door  No.  1 to  111-66-30)  ,  999.OVERSEAS  ELECTORS",Tamilaga Vettri Kazhagam,31.53013910355487
73,Polpettai,"Thangammal  Memorial  Hr.  Sec.School,  Main Building,  2nd  room  from  East,  Polpettai","1.Thoothukudi  Corporation  Sakthivinayagarpuram  -  Ward  6  (Door  No. After  111-66-30)  ,  999.OVERSEAS  ELECTORS",Tamilaga Vettri Kazhagam,22.91220556745182
86,Kandasamypuram,"R.C.  Bethani  Primary  School,  North  Building, 1st  room  from  East,  Kanthasamypuram","1.Thoothukudi  Corporation  Nanthagopalapuram  West  -  Ward  7  , 999.OVERSEAS  ELECTORS",Tamilaga Vettri Kazhagam,13.76811594202899
87,Kandasamypuram,"R.C.  Bethani  Primary  School,  North  Building, 2nd  room  from  East,  Kanthasamypuram","1.Thoothukudi  Corporation  Kandhasamypuram  -  Ward  9  ,  2.Thoothukudi Corporation  Innasiyapuram  Block  4  -  Ward  9  ,  999.OVERSEAS ELECTORS",Tamilaga Vettri Kazhagam,26.72998643147897
88,Kandasamypuram,"R.C.  Bethani  Primary  School,  North  Building, Middle  Portion,  Kanthasamypuram","1.Thoothukudi  Corporation  Selvanayagapuram  Street  1  -  Ward  7  , 2.Thoothukudi  Corporation  Selvanayagapuram  Street  2  -  Ward  7  , 3.Thoothukudi  Corporation  Selvanayagapuram  Street  3  -  Ward  7  , 999.OVERSEAS  ELECTORS",Tamilaga Vettri Kazhagam,14.68428781204112
89,Kandasamypuram,"R.C.  Bethani  Primary  School,  North  Building, 3rd  room  from  West,  Kanthasamypuram","1.Thoothukudi  Corporation  Nandagopalapuram  East  Block  3  -  Ward  8  , 2.Thoothukudi  Corporation  Selvanayagapuram  T.M.C.  Colony  Block  2  - Ward  7  ,  999.OVERSEAS  ELECTORS",Tamilaga Vettri Kazhagam,21.9672131147541
90,Kandasamypuram,"R.C.  Bethani  Primary  School,  West  Building, 1st  room  from  south,  Kanthasamypuram","1.Thoothukudi  Corporation  Selvanayagapuram  Street  1  -  Ward  7  , 2.Thoothukudi  Corporation  Selvanayagapuram  street  2  -  Ward  7, 999.OVERSEAS  ELECTORS",Tamilaga Vettri Kazhagam,14.67505241090147
92,Sundaramapuram,"Tagore  Memorial  middle  School,  Main Building,  1st  room  from  North, Sundararamapuram","1.Thoothukudi  Corporation  Natrajapuram  1st  street  -  Ward  8  ,
2.Thoothukudi  Corporation  Sundaravelpuram  -  Ward  6  ,  3.Thoothukudi Corporation  Ambedhkar  Nagar  -  Ward  6  ,  4.Thoothukudi  Corporation Sathya  Nagar  -  Ward  6  ,  5.Thoothukudi  Corporation  Natrajapuram  2nd Street  -  Ward  8  ,  999.OVERSEAS  ELECTORS",Tamilaga Vettri Kazhagam,22.60273972602739
93,Sundaramapuram,"Tagore  Memorial  middle  School,  Main Building,  2nd  room  from  North, Sundararamapuram","1.Thoothukudi  Corporation  Sundararamapuram-Block  3  -  Ward  8  , 999.OVERSEAS  ELECTORS",Tamilaga Vettri Kazhagam,22.98136645962733
98,Innasiarpuram,"St.  Thomas  Matricultion  Hr  Sec,  School,  B.P. Peters  Block,  2nd  room  from  North,  Room No.  2,  Innasiarpuram","1.Thoothukudi  Corporation  krishnarajapuram  7th  street  -  Ward  11  , 3.Thoothukudi  Corporation  krishnarajapuram  9th  street  -  Ward  11  , 999.OVERSEAS  ELECTORS",Tamilaga Vettri Kazhagam,20.92130518234165
99,Innasiarpuram,"St.  Thomas  Matricultion  Hr  Sec,  School,  B.P. Peters  Block,  3rd  room  from  South,  Room No.  5,  Innasiarpuram","2.Thoothukudi  Corporation  Krishnarajapuram  8th  street  -  Ward  11  , 999.OVERSEAS  ELECTORS",Tamilaga Vettri Kazhagam,39.58944281524926
104,Innasiarpuram,"St.  Thomas  CBSC  School,  Main  Building  4th room  from  west,  Innasiarpuram","1.Thoothukudi  Corporation  Sundravelpuram  3rd  Street  -  Ward  10  ,
2.Thoothukudi  Corporation  Sundravelpuram  3rd  Street  West  -  Ward  10  , 3.Thoothukudi  Corporation  Sundravelpuram  4th  Street  -  Ward  10  , 999.OVERSEAS  ELECTORS",Tamilaga Vettri Kazhagam,28.15934065934066
105,Innasiarpuram,"St.  Ignatious  Primary  School,  North  Portion, Innasiarpuram","1.Thoothukudi  Corporation  Sundaravelpuram  Block  5  -  Ward  6  , 999.OVERSEAS  ELECTORS",Tamilaga Vettri Kazhagam,11.84510250569476
107,Innasiarpuram,"St.  Ignatious  Primary  School,  South  Portion, Innasiarpuram","1.Thoothukudi  Corporation  Ambedhkar  Nagar  Street  2  -  Ward  6  , 2.Thoothukudi  Corporation  Ambedhkar  Nagar  Street  3  -  Ward  6  , 999.OVERSEAS  ELECTORS",Tamilaga Vettri Kazhagam,23.21644498186215
108,Innasiarpuram,"St.  Ignatious  Hr.Sec.  School,  St.Marys  Hall (STD  XII  A),  Innasiarpuram","1.Thoothukudi  Corporation  Muthukrishnapuram  3rd  Lane  -  Ward  12  , 2.Thoothukudi  Corporation  Muthukrishnapuram  4th  Lane  -  Ward  12  , 3.Thoothukudi  Corporation  MuthuKrishnapuram  5th  Lane  -  Ward  12  , 4.Thoothukudi  Corporation  Krishnarajapuram  3rd  Street  -  Ward  10  , 5.Thoothukudi  Corporation  Krishnarajapuram  4th  Street  -  Ward  10  , 999.OVERSEAS  ELECTORS",Tamilaga Vettri Kazhagam,16.21951219512195
113,Alagesapuram,"Malar  Nursery  and  Primary  School,  Main Building,  1st  room  from  West, Alagesapuram,  Thoothukudi","1.Thoothukudi  Corporation  Ponnagaram  (Door  No.  from  1  to  70B)  -  Ward 13  ,  999.OVERSEAS  ELECTORS",Tamilaga Vettri Kazhagam,21.39737991266376
114,Alagesapuram,"Malar  Nursery  and  Primary  School,  Main Building,  2nd  room  from  West, Alagesapuram,  Thoothukudi","1.Thoothukudi  Corporation  Ponnagaram  (Door  No.  after  70B)  -  Ward  13  , 999.OVERSEAS  ELECTORS",Tamilaga Vettri Kazhagam,10.1419878296146
115,Thiraviapuram,"T.N.D.T.A  Middle  School,  South  Building,  1st room  from  west,  Thiraviapuram","1.Thoothukudi  Corporation  Muthukrishnapuram  2nd  Sandhu  -  Ward  12  , 999.OVERSEAS  ELECTORS",Tamilaga Vettri Kazhagam,19.42934782608696
116,Thiraviapuram,"T.N.D.T.A  Middle  School,  East  Building,  2nd room  from  North,  Thiraviapuram","1.Thoothukudi  Corporation  Thiraviapuram  4th  Sandhu  -  Ward  13  , 2.Thoothukudi  Corporation  Thiraviapuram  5th  Sandhu  -  Ward  13  , 3.Thoothukudi  Corporation  Thiraviapuram  6th  Sandhu  -  Ward  13  , 4.Thoothukudi  Corporation  Thiraviapuram  2nd  Street  -  Ward  13  , 5.Thoothukudi  Corporation  Thiraviapuram  3rd  Street  -  Ward  13  , 999.OVERSEAS  ELECTORS",Tamilaga Vettri Kazhagam,23.15789473684211
117,Thiraviapuram,"T.N.D.T.A  Middle  School,  East  Building,  1st room  from  North,  Thiraviapuram","1.Thoothukudi  Corporation  Boobalarayarpuram  10th  Street  -  Ward  12  , 2.Thoothukudi  Corporation  Boobalarayarpuram  9th  Street  -  Ward  12  , 3.Thoothukudi  Corporation  Boobalarayarpuram  8th  Street  -  Ward  12  , 4.Thoothukudi  Corporation  Boobalarayarpuram  7th  Street  -  Ward  12  , 5.Thoothukudi  Corporation  Boobalarayarpuram  6th  Street  -  Ward  12  , 6.Thoothukudi  Corporation  Boobalarayarpuram  5th  Street  -  Ward  12  , 999.OVERSEAS  ELECTORS",Tamilaga Vettri Kazhagam,20.7492795389049
119,Muthukrishnapura m,"Sathya  Nursery  and  Primary  School,  North building,  East  portion  room, Muthukrishnapuram","1.Thoothukudi  Corporation  Boobalarayarpuram  1st  street  -  Ward  12  , 2.Thoothukudi  Corporation  Boobalarayarpuram  1st  Street  Lane  1  -
Ward  12  ,
3.Thoothukudi  Corporation  Muthukrishnapuram  1st  Sandhu  -  Ward  12
,
4.Thoothukudi  Corporation  Muthukrishnapuram  6th  Street  -  Ward  11  , 999.OVERSEAS  ELECTORS",Tamilaga Vettri Kazhagam,26.33637548891786
120,Muthukrishnapura m,"Sathya  Nursery  and  Primary  School,  North building,  West  portion  2nd  room, Muthukrishnapuram","1.Thoothukudi  Corporation  Boobalarayarpuram  2nd  Street  -  Ward  12  , 2.Thoothukudi  Corporation  Boobalarayarpuram  4th  Street  -  Ward  12, 999.OVERSEAS  ELECTORS",Tamilaga Vettri Kazhagam,23.9089184060721
122,Alangarathattu,"ICDS  Centre,  (R.C.  Primary  School  Campus) Alangarathattu","1.Thoothukudi  Corporation  Koilpillaivilai  Block  1  -  Ward  17  , 999.OVERSEAS  ELECTORS",Tamilaga Vettri Kazhagam,22.76422764227642
129,Krishnarajapuram,"Infant  Matric.  Hr.  Sec.  School,  South Building,  5th  room  from  East, Krishnarajapuram","1.Thoothukudi  Corporation  Krishnarajapuram  -  Ward  18  (Door  No.  1  to 7-30A)  ,  999.OVERSEAS  ELECTORS",Tamilaga Vettri Kazhagam,33.47107438016529
145,Samuelpuram,"Corporation  Primary  School,  East  Building North  portion  2nd  room  (STD  UKG  A), Samuelpuram","1.Thoothukudi  Corporation  Boobalarayarpuram  2nd  Street  -  Ward  19  , 2.Thoothukudi  Corporation  Boobalarayarpuram  3rd  Street  -  Ward  19  , 3.Thoothukudi  Corporation  Boobalarayarpuram  8th  Street  -  Ward  19  , 4.Thoothukudi  Corporation  Boobalarayarpuram  11th  Street  -  Ward  19  , 999.OVERSEAS  ELECTORS",Tamilaga Vettri Kazhagam,22.17090069284065
148,Samuelpuram,"Corporation  Primary  School,  West  Building, 2nd  room  from  South  (STD  1  B), Samuelpuram","1.Thoothukudi  Corporation  Boobalarayarpuram  6th  Street  -  Ward  20  , 2.Thoothukudi  Corporation  Boobalarayarpuram  7th  Street  -  Ward  20  , 3.Thoothukudi  Corporation  Boobalarayarpuram  8th  Street  -  Ward  20  , 4.Thoothukudi  Corporation  Boobalarayarpuram  9th  Street  -  Ward  20  , 5.Thoothukudi  Corporation  Boobalarayarpuram  10th  Street  -  Ward  20  , 6.Thoothukudi  Corporation  Boobalarayarpuram  11th  Street  -  Ward  20  , 999.OVERSEAS  ELECTORS",Tamilaga Vettri Kazhagam,23.49486049926578
149,Boopalrayerpuram (RV  Puram),"Johnson  Nursery  and  primary  School,  East Building,  2nd  room  from  North, Boopalrayerpuram  (RV  Puram)","1.Thoothukudi  Corporation  Boobalarayarpuram  4th  Street  -  Ward  20  , 2.Thoothukudi  Corporation  Boobalarayarpuram  3rd  Street  -  Ward  20  , 3.Thoothukudi  Corporation  Boobalarayarpuram  5th  Street  -  Ward  20  , 4.Thoothukudi  Corporation  Boobalarayarpuram  6th  Street  -  Ward  20  , 5.Thoothukudi  Corporation  Boobalarayarpuram  7th  Street  -  Ward  20  , 999.OVERSEAS  ELECTORS",Tamilaga Vettri Kazhagam,25.18987341772152
159,Beach  Road,"Caldwell  Hr  Sec  School,  East  Building,  2nd room  from  South  (STD  XII  A1  Bio  and  CS), Beach  Road","1.Thoothukudi  Corporation  Narayanan  Street  -  Ward  22  ,  999.OVERSEAS ELECTORS",Tamilaga Vettri Kazhagam,21.64502164502164
162,Beach  Road,"Caldwell  Primary  School  New  Building,  1st room  from  North,Vadi  Street","1.Thoothukudi  Corporation  Nattukottai  Chetti  Street  -  Ward  23, 2.Thoothukudi  Corporation  Thattar  Street  Extension  -  Ward  24  , 999.OVERSEAS  ELECTORS",Tamilaga Vettri Kazhagam,27.74774774774775
165,North  Gopalsamy Street,"S.A.V.Primary  School,  West  Building,  North Portion,  North  Gopalsamy  Street","1.Thoothukudi  Corporation  Ayyalu  lane  -  Ward  23  ,  2.Thoothukudi Corporation  Ayyalu  Street  -  Ward  23  ,  3.Thoothukudi  Corporation Tharuvai  Street  -  Ward  23  ,  999.OVERSEAS  ELECTORS",Tamilaga Vettri Kazhagam,27.83964365256125
171,Cruzpuram,"R.C.  Primary  School,  South  Building,  2nd room  from  East,  Cruzpuram","1.Thoothukudi  Corporation  Sathya  Nadar  Street  -  Ward  22  ,
2.Thoothukudi  Corporation  Vadakku  Pillaiar  Koil  Street  -  Ward  23  ,
3.Thoothukudi  Corporation  Sethuraja  Street  -  Ward  23  ,  999.OVERSEAS ELECTORS",Tamilaga Vettri Kazhagam,24.40944881889764
179,Rathinapuram,"R.C.  Primary  School,  East  New  Building, North  Portion,  Rathnapuram","1.Thoothukudi  Corporation  Alagesapuram  1st  street  -  Ward  9  , 999.OVERSEAS  ELECTORS",Tamilaga Vettri Kazhagam,26.96148359486448
181,Rathinapuram,"R.C.  High  School,  North  New  Building,  3rd room  from  West,  Rathnapuram","1.Thoothukudi  Corporation  Thiraviapuram  1st  street  -  Ward  13  , 2.Thoothukudi  Corporation  Thiraviapuram  3rd  Street  -  Ward  13  ,
3.Thoothukudi  Corporation  Parvathiamman  Koil  Street  -  Ward  13  ,
999.OVERSEAS  ELECTORS",Tamilaga Vettri Kazhagam,14.0983606557377
184,Pandurengan  street,"Corporation  Middle  School,  North  Building West  Portion,  Melur  Pandurengan  Street","1.Thoothukudi  Corporation  Alagesapuram  1st  street  -  Ward  9  ,
2.Thoothukudi  Corporation  Alagesapuram  2nd  Sandhu  -  Ward  9  , 999.OVERSEAS  ELECTORS",Tamilaga Vettri Kazhagam,26.625
189,Chatram  street,"S.A.V.  Hr.  Sec.  School,  Centenary  Hall,  3rd room  from  West,  Chatram  Street","1.Thoothukudi  Corporation  Nammalwar  street  -  Ward  15  ,  2.Thoothukudi Corporation  Chathram  Street  -  Ward  15  ,  999.OVERSEAS  ELECTORS",Tamilaga Vettri Kazhagam,23.07692307692308
190,Chatram  street,"S.A.V.  Hr.  Sec.  School,  West  Building,  3rd room  from  South  (STD  XI  B),  Chatram  Street","1.Thoothukudi  Corporation  Pandurangan  street  -  Ward  15  , 2.Thoothukudi  Corporation  Sarankapani  Street  -  Ward  15  , 999.OVERSEAS  ELECTORS",Tamilaga Vettri Kazhagam,19.85611510791367
191,Chatram  street,"S.A.V.  Hr.  Sec.  School,  West  Building,  4th room  from  South  (STD  XII  C),  Chatram
Street","1.Thoothukudi  Corporation  Rajamannar  street  -  Ward  15  ,  2.Thoothukudi Corporation  Keelarathaveethi  Extension  -  Ward  15  ,  999.OVERSEAS ELECTORS",Tamilaga Vettri Kazhagam,19.95841995841996
192,Chatram  street,"S.A.V.  Hr.  Sec.  School,  West  Building,  5th room  from  South  (STD  XII  D),  Chatram
Street","1.Thoothukudi  Corporation  Andal  Street  -  Ward  15  ,  2.Thoothukudi Corporation  Kathiresan  Koil  Street  -  Ward  15  ,  999.OVERSEAS ELECTORS",Tamilaga Vettri Kazhagam,19.6
194,Renganathapuram,"C.M.  Hr  Sec.  School,  South  Building,  East portion,  Renganathapuram","1.Thoothukudi  Corporation  Pathirakaliamman  Koil  Street  -  Ward  25  ,  , 999.OVERSEAS  ELECTORS",Tamilaga Vettri Kazhagam,23.04283604135894
195,Renganathapuram,"C.M.  Primary  School,  North  Building,  West Portion,  Renganathapuram","1.Thoothukudi  Corporation  Renganathapuram  West  -  Ward  25  , 999.OVERSEAS  ELECTORS",Tamilaga Vettri Kazhagam,27.9236276849642
196,Melarathaveethi,"Victoria  Girls  Hr.  Sec  School,  South  building, 1st  room  from  East,  (STD  VII  D),  Mela  Ratha Veethi,  Thoothukudi","1.Thoothukudi  Corporation  Vadakku  Ratha  Veethi  -  Ward  25  , 999.OVERSEAS  ELECTORS",Tamilaga Vettri Kazhagam,20.92555331991952
198,Melarathaveethi,"Victoria  Girls  Hr.  Sec  School,  South  building, 3rd  room  from  East,  (STD  VIII  C),  Mela  Ratha Veethi,  Thoothukudi","1.Thoothukudi  Corporation  Keelaratha  veethi  -  Ward  26  ,  2.Thoothukudi Corporation  Perumal  Koil  Street  -  Ward  26  ,  3.Thoothukudi  Corporation Vadakku  Sambanthamoorthy  Street  -  Ward  26  ,  4.Thoothukudi Corporation  Mela  Peria  Cotton  Road  -  Ward  25  ,  999.OVERSEAS ELECTORS",Tamilaga Vettri Kazhagam,20.83333333333334
202,T.R.  Naidu  Street,"C.M.  High  School,  Main  Building  4th  room from  East  (STD  IX  B),  T.R.  Naidu  Street,
Thoothukudi","1.Thoothukudi  Corporation  Ganagasabapathi  Street  -  Ward  26  , 2.Thoothukudi  Corporation  Theppakulam  Street  -  Ward  26  ,
3.Thoothukudi  Corporation  Theppakulam  2nd  Sandhu  -  Ward  26  , 4.Thoothukudi  Corporation  Sivan  Koil  Sandhu  -  Ward  26  ,
999.OVERSEAS  ELECTORS",Tamilaga Vettri Kazhagam,11.2565445026178
242,Gin  Factory  Road,"Anganvadi  Centre  (Centre  No.  56  - Corporation  Middle  School  campus),  Gin Factory  Road,  Thoothukudi","1.Thoothukudi  Corporation  Balavinayagar  Koil  Street  -  ward  40  ,
2.Thoothukudi  Corporation  Avudaiarpuram  -  ward  40  ,  3.Thoothukudi Corporation  Gibsonpuram  -  ward  25  ,  4.Thoothukudi  Corporation
Palayamkottai  Road  -  ward  40  ,  999.OVERSEAS  ELECTORS",Tamilaga Vettri Kazhagam,21.61016949152543
253,Tiruchendur  Road,"Annammal  College  of  Education  for  Women,
D.  Shenbagamurthi  Hall,  West  Portion,  Room No.  GF-3,  Tiruchendur  Road,  Thoothukudi","1.Thoothukudi  Corporation  Coats  Nagar  -  ward  50  ,  2.Thoothukudi Corporation  Sakthi  Nagar  -  ward  48  ,  3.Thoothukudi  Corporation  S.N.R. Nagar  -  ward  49  ,  999.OVERSEAS  ELECTORS",Tamilaga Vettri Kazhagam,29.36962750716333
256,Rajapandi  Nagar,"Nirmal  Rural  Development  Centre  Project Office  (SCAD),  South  Building,  2nd  Room from  East,  Rajapandi  Nagar","1.Thoothukudi  Corporation  Sathya  Nagar  -  ward  50  ,  2.Thoothukudi Corporation  Mudukkukadu  -  ward  50  ,  999.OVERSEAS  ELECTORS",Tamilaga Vettri Kazhagam,18.69031377899045
258,Rajapandi  Nagar,"Nirmal  Rural  Development  Center  Project Office  (SCAD),  South  Building,  3rd  Room from  West,  Rajapandi  Nagar","1.  Thoothukudi  Corporation  Periyasamy  Nagar
2.  Thoothukudi  Corporation  MGR  Nagar  ,  999.OVERSEAS  ELECTORS",Tamilaga Vettri Kazhagam,24.7557003257329
259,Caldwell  Colony  4th Street,"Infant  Jesus  Nursery  and  Primary  School, 1st  room  from  East,  Caldwell  Colony  4th Street","1.Thoothukudi  Corporation  Anthonyarpuram  -  ward  50  (Door  No.  1  to 44-346)  ,  999.OVERSEAS  ELECTORS",Tamilaga Vettri Kazhagam,19.40509915014164
266,Caldwell  Colony  4th Street,"Thiru  Kudumbam  Tamil  Middle  School,  East Building,  3rd  room  from  North,  (STD  II)
Caldwell  Colony  4th  Street","1.Thoothukudi  Corporation  Vallinayagapuram  Block  4  -  ward  49  (Door No.  After  3C-150),  999.OVERSEAS  ELECTORS",Tamilaga Vettri Kazhagam,27.60736196319019
267,Caldwell  Colony  4th Street,"Thiru  Kudumbam  Tamil  Middle  School,  East Building,  2nd  room  from  South,  (STD  I  E)
Caldwell  Colony  4th  Street","1.Thoothukudi  Corporation  Amutha  Nagar  -  ward  48  (Door  No.  1  to 5D-250)  ,  999.OVERSEAS  ELECTORS",Tamilaga Vettri Kazhagam,31.3458262350937
269,Tiruchendur  Road,"Bharat  Ratna  Kamarajar  Matriculation  Hr. Sec.  School,  Main  Block,  Room  No.  105, Tiruchendur  Road,  Thoothukudi","1.Thoothukudi  Corporation  Muniasamypuram  2nd  street  -  ward  46  ,
2.  Thoothukudi  Corporation  Muniasamypuram  West  -  Ward  46 999.OVERSEAS  ELECTORS",Tamilaga Vettri Kazhagam,13.7434554973822
271,Tiruchendur  Road,"Bharat  Ratna  Kamarajar  Matriculation  Hr. Sec.  School,  Main  Block,  6th  Room  from East,  Tiruchendur  Road,  Thoothukudi","1.Thoothukudi  Corporation  Levenchipuram  -  ward  47  ,  2.Thoothukudi Corporation  Levenchipuram  Salt  Bangalow  Street  -  ward  46  ,
3.Thoothukudi  Corporation  Levenchipuram  2nd  Street  -  ward  47  ,
999.OVERSEAS  ELECTORS",Tamilaga Vettri Kazhagam,29.04368358913814
273,Tiruchendur  Road,"Bharat  Ratna  Kamarajar  Matriculation  Hr. Sec.  School,  Main  Block,  Room  No.  108, Tiruchendur  Road,  Thoothukudi","1.Thoothukudi  Corporation  Levenchipuram  1st  Street  -  Ward  47  (Door No.  1  to  26B)  ,  999.OVERSEAS  ELECTORS",Tamilaga Vettri Kazhagam,24.34127979924718
274,Tiruchendur  Road,"Bharat  Ratna  Kamarajar  Matriculation  Hr. Sec.  School,  Main  Block,  Room  No.  110, Tiruchendur  Road,  Thoothukudi","1.Thoothukudi  Corporation  Levenchipuram  1st  Street  -  Ward  47  (Door No.  Above  26B)
999.OVERSEAS  ELECTORS",Tamilaga Vettri Kazhagam,13.29690346083789
276,VE  Road,"DMNS.  Dr.  Sivanthi  Adithanar  Matriculation Hr.Sec.  School,  North  Building,  4th  room from  West,  (STD  U.K.G.  A),  V.E  Road","1.Thoothukudi  Corporation  Melashanmugapuram  1st  Street  -  Ward  45  , 999.OVERSEAS  ELECTORS",Tamilaga Vettri Kazhagam,20.31662269129288
278,Devarpuram  Road,"Ceena  Vana  Govt  Hr.  Sec.  School,  Main Building,  West  portion,  Room  No.  2, Devarpuram  Road,  Thoothukkudi","1.Thoothukudi  Corporation  Vannar  6th  Street  -  Ward  29  ,  2.Thoothukudi Corporation  Sivanthakulam  Road  -  Ward  29  ,  3.Thoothukudi  Corporation Aavudaiyarpuram  -  Ward  40  ,  999.OVERSEAS  ELECTORS",Tamilaga Vettri Kazhagam,19.62616822429906
291,Doovipuram  4th Street,"Bell  Matric.  Hr.  Sec.  School,  Eastern Building,  Doovipuram  4th  Street,
Thoothukudi","1.Thoothukudi  Corporation  Doovipuram  5th  street  -  ward  38  , 2.Thoothukudi  Corporation  Doovipuram  6th  Street  -  ward  38  , 999.OVERSEAS  ELECTORS",Tamilaga Vettri Kazhagam,25.49504950495049
292,Doovipuram  4th Street,"Bell  Matric.  Hr.  Sec.  School,  South  Building, Doovipuram  4th  Street  Thoothukudi","1.Thoothukudi  Corporation  Doovipuram  10th  Street  -  Ward  38  , 2.Thoothukudi  Corporation  Doovipuram  11th  Street  -  Ward  38  , 999.OVERSEAS  ELECTORS",Tamilaga Vettri Kazhagam,19.50904392764858
298,Doovipuram  11th Street,"ICDS  centre,  Sankaranarayanan  Park Campus,  Centre  No.  35,  Doovipuram  11th Street,  Thoothukudi","1.Thoothukudi  Corporation  Anna  Nagar  8  -  Ward  37  (Door  No.  After  40)  , 999.OVERSEAS  ELECTORS",Tamilaga Vettri Kazhagam,15.0259067357513
301,Doovipuram  2nd Street,"T.N.D.T.A  Middle  School,  Main  Building,  1st room  from  North,  Doovipuram  2nd  Street,
Thoothukkudi","1.Thoothukudi  Corporation  Anna  nagar  7  -  Ward  37  ,  999.OVERSEAS ELECTORS",Tamilaga Vettri Kazhagam,21.09004739336493
303,Doovipuram  2nd Street,"T.N.D.T.A  Middle  School,  Main  Building,  1st room  from  South,  Doovipuram  2nd  Street, Thoothukkudi","1.Thoothukudi  Corporation  Mani  Nagar  -  Ward  41  ,  2.Thoothukudi Corporation  Doovipuram  9th  Street  -  Ward  38  ,  3.Thoothukudi Corporation  Annanagar  9th  Street  North  -  Ward  37  ,  999.OVERSEAS ELECTORS",Tamilaga Vettri Kazhagam,26.0545905707196
310,Chidambara  nagar,"Crescent  Matric.  Hr.  Sec.  School,  Main Building,  Room  No  13,  Chidambaranagar, Thoothukudi","1.Thoothukudi  Corporation  Bryant  Nagar  5th  street  -  Ward  43  , 999.OVERSEAS  ELECTORS",Tamilaga Vettri Kazhagam,14.77832512315271
313,Bryant  Nagar  7th Street,"T.N.D.T.A  Primary  School,  West  Building, North  portion,  Bryant  Nagar  7th  Street,
Thoothukudi","1.Thoothukudi  Corporation  Bryant  Nagar  7th  Street  -  Ward  43  (Door  No. 1  to  30)  ,  999.OVERSEAS  ELECTORS",Tamilaga Vettri Kazhagam,22.79411764705882
316,Bryant  Nagar  3rd Street  (East),"Good  Shepherd  Hr.  Sec.  School  for  Hearing Impaired,  South  Middle  Building,  East Portion,  Bryant  Nagar  3rd  Street  (East)","1.Thoothukudi  Corporation  Bryant  Nagar  9th  Street  -  Ward  43  , 999.OVERSEAS  ELECTORS",Tamilaga Vettri Kazhagam,14.02439024390244
318,Bryant  Nagar  3rd Street  (East),"Good  Shepherd  Hr.  Sec.  School  for  Hearing Impaired,  Good  Shepherd  Home  Block,
Bryant  Nagar  3rd  Street  (East)","1.Thoothukudi  Corporation  Bryant  Nagar  Amman  Koil  Main  -  Ward  42  , 2.Thoothukudi  Corporation  Bryant  Nagar  Amman  Kovil  Lane  -  Ward  42  , 999.OVERSEAS  ELECTORS",Tamilaga Vettri Kazhagam,12.44343891402715
322,Levengipuram,"Corporation  Primary  School,  North  Building, 3rd  room  from  west,  Levengipuram,
Thoothukkudi","1.Thoothukudi  Corporation  Muniasamypuram  2nd  Street  Extension- Ward  -46  ,  2.Thoothukudi  Corporation  Muniasamypuram  3rd  Street Extension  -  Ward  46  ,  3.Thoothukudi  Corporation  Muniasamypuram  1st Street  -Ward-47  ,  4.Thoothukudi  Corporation  Muniasamypuram  2nd
Street  -  Ward-46  ,  999.OVERSEAS  ELECTORS",Tamilaga Vettri Kazhagam,19.57364341085271
325,Veeranayakkanthatt u,"Corporation  Primary  School,  2nd  room  from South,  Veeranaickanthattu","1.Thoothukudi  Corporation  Veeranaickanthattu  -  ward  51  , 999.OVERSEAS  ELECTORS",Tamilaga Vettri Kazhagam,15.86206896551724
328,"J.S.  Nagar, Muthiahpuram","Corporation  Primary  School,  New  Building, 1st  Room  from  west,  J.S.Nagar, Muthiahpuram","1.Thoothukudi  Corporation  Sundaram  nagar  -  ward  54  (Door  No.  1  to 4-210)  ,  999.OVERSEAS  ELECTORS",Tamilaga Vettri Kazhagam,19.27966101694915
329,"J.S.  Nagar, Muthiahpuram","Community  Hall,  West  portion  J.S.Nagar, Muthiahpuram","1.Thoothukudi  Corporation  Sundaram  nagar  -  ward  54  (Door  No.  After 4-210)  ,  999.OVERSEAS  ELECTORS",Tamilaga Vettri Kazhagam,14.92146596858639
331,Mullakadu,"T.N.D.T.A  MIddle  School,  South BuildingMullakadu","1.Mullakkadu  Part  2  (R.V)  And  (P)  North  street  ,  2.Mullakkadu  Part  2
(R.V)  And  (P)  West  Street  ,  3.Mullakkadu  Part  2  (R.V)  ANd  (P)  Meenavar Colony  ,  999.OVERSEAS  ELECTORS",Tamilaga Vettri Kazhagam,8.1145584725537
339,"North  Street, Muthiahpuram","Chandy  Matric  Hr.Sec.  School,  East Building,  Room  No.  2  North  Street, Muthiahpuram","1.Thoothukudi  Corporation  Thoppu  Street  -  ward  52  ,  2.Thoothukudi Corporation  South  Street  -  ward  52  ,  999.OVERSEAS  ELECTORS",Tamilaga Vettri Kazhagam,19.41964285714286
340,"North  Street, Muthiahpuram","Chandy  Matric  Hr.Sec.  School,  East Building,  Room  No.  4,  North  Street, Muthiahpuram","1.Thoothukudi  Corporation  North  Street  Block  2  -  ward  53  , 999.OVERSEAS  ELECTORS",Tamilaga Vettri Kazhagam,18.13537675606641
341,Muthiapuram,"K.T.  Kosalram  High  School,  P.V.  Muthiah Memorial  Block,  1st  room  from  West,  (1st door),  Muthiahpuram","1.Thoothukudi  Corporation  East  Street  -  ward  52  (Door  No.  1  to  1-79-14)
,  999.OVERSEAS  ELECTORS",Tamilaga Vettri Kazhagam,23.5
347,"Spic  Nagar, Muthiapuram","Spic  Nagar  Hr,  Sec  School,  East  building, Room  No  5,  Spic  Nagar,  Muthiahpuram","1.Thoothukudi  Corporation  Spic  Nagar  D  Sector  -  ward  54  , 2.Thoothukudi  Corporation  Tac  Nagar  -  ward  59
3.Thoothukudi  Corporation  Spic  Nagar  G  Sector  -  ward  54  ,  ,
999.OVERSEAS  ELECTORS",Tamilaga Vettri Kazhagam,30.62730627306273
351,Thermal  nagar Camp-1,"St.Thomas  Nursery  and  Primary  School,  2nd room  from  East,  Thermal  Nagar","1.Thoothukudi  Corporation  Thermal  Power  Station  Housing  Board  Type  2 Sector  2  -  ward  53  ,  2.Thoothukudi  Corporation  Thermal  Power  Station Housing  Board  Type  2  Sector  3  -  ward  53  ,  3.Thoothukudi  Corporation
Thermal  Power  Station  Housing  Board  Type  2  Sector  4  -  ward  53  ,
4.Thoothukudi  Corporation  Pandukarai  West  -  ward  53  ,  5.Thoothukudi Corporation  Pandukarai  East  -  ward  53  ,  999.OVERSEAS  ELECTORS",Tamilaga Vettri Kazhagam,24.04494382022472
353,Thermal  nagar Camp-1,"Thoothukudi  Panchayat  Union  Middle School,  South  Building,  2nd  room  from West,  Thermal  Nagar","1.Thoothukudi  Corporation  Koilpillai  Nagar  Block  2  -  ward  51  , 999.OVERSEAS  ELECTORS",Tamilaga Vettri Kazhagam,14.31297709923664
359,New  Harbour,"J.I.Coilpillai  Memorial  Hr.  Sec.  School,  West Portion,  Room  No.  19,  New  Harbour","1.Thoothukudi  Corporation  Temporary  Fishermens  Quarters  -  Ward  60  , 2.Thoothukudi  Corporation  New  Harbour  -Ward  60  ,  3.Thoothukudi Corporation  Railway  colony  -  Ward  60  ,  999.OVERSEAS  ELECTORS",Tamilaga Vettri Kazhagam,30.73110285006196
360,New  Harbour,"J.I.Coilpillai  Memorial  Hr.  Sec.  School,  West Portion,  Room  No.  21,  New  Harbour","1.Thoothukudi  Corporation  New  Harbour  Quarters  Block  1  -  Ward  60  , 2.Thoothukudi  Corporation  New  Harbour  Side  Temporary  Quarters  -
Ward  60  ,  3.Thoothukudi  Corporation  Bharathi  Nagar  Kovil  Street  -  Ward
60  ,  4.Thoothukudi  Corporation  Bharathi  Nagar  Pillaiyar  Kovil  -  Ward  60  , 999.OVERSEAS  ELECTORS",Tamilaga Vettri Kazhagam,10.9717868338558
